,Journal,Year,Journal_Rank,Q_Position,Title,Total_Units,Total_Authors,Unit_Address,Unit_Name_1,Unit_Name_2,Unit_Name_3,Author_Number
0,Journal of Computer-Mediated Communication,2016,1,1,"An Extended Privacy Calculus Model for SNSs: Analyzing Self-Disclosure
   and Self-Withdrawal in a Representative US Sample",2,2,"Univ Hohenheim, Dept Media Psychol 540 F, D-70599
   Stuttgart, Germany.",Univ Hohenheim, Dept Media Psychol 540 F," D-70599
   Stuttgart",1
1,Journal of Computer-Mediated Communication,2016,1,1,"An Extended Privacy Calculus Model for SNSs: Analyzing Self-Disclosure
   and Self-Withdrawal in a Representative US Sample",2,2,"Univ Calif Santa Barbara, Dept Commun, Ellison
   Hall, Santa Barbara, CA 93106 USA.",Univ Calif Santa Barbara, Dept Commun," Ellison
   Hall",1
2,Journal of Computer-Mediated Communication,2016,1,1,"Public Cellphone Use Does Not Activate Negative Responses in Others ...
   Unless They Hate Cellphones",2,2,"Indiana Univ, Media Sch, Commun Studies, 1229 E 7th
   St, Bloomington, IN 47405 USA.",Indiana Univ, Media Sch, Commun Studies,1
3,Journal of Computer-Mediated Communication,2016,1,1,"Public Cellphone Use Does Not Activate Negative Responses in Others ...
   Unless They Hate Cellphones",2,2,"Florida State Univ, Sch Commun, Univ Ctr C 3144,
   Tallahassee, FL 32306 USA.",Florida State Univ, Sch Commun, Univ Ctr C 3144,1
4,JOURNAL OF COMPUTER-MEDIATED COMMUNICATION,2016,1,1,"Experiencing Nature: Embodying Animals in Immersive Virtual Environments
   Increases Inclusion of Nature in Self and Involvement With Nature",3,6,"Univ Georgia, Grady Coll Journalism &amp; Mass Commun,
   Dept Advertising &amp; Publ Relat, 120 Hooper St, Athens, GA 30602 USA.",Univ Georgia, Grady Coll Journalism &amp; Mass Commun,"
   Dept Advertising &amp; Publ Relat",1
5,JOURNAL OF COMPUTER-MEDIATED COMMUNICATION,2016,1,1,"Experiencing Nature: Embodying Animals in Immersive Virtual Environments
   Increases Inclusion of Nature in Self and Involvement With Nature",3,6,"Stanford Univ, Dept
   Commun, Stanford, CA 94305 USA.",Stanford Univ," Dept
   Commun", Stanford,3
6,JOURNAL OF COMPUTER-MEDIATED COMMUNICATION,2016,1,1,"Experiencing Nature: Embodying Animals in Immersive Virtual Environments
   Increases Inclusion of Nature in Self and Involvement With Nature",3,6,"Univ Connecticut, Dept
   Commun, Storrs, CT 06269 USA.",Univ Connecticut," Dept
   Commun", Storrs,2
7,JOURNAL OF COMPUTER-MEDIATED COMMUNICATION,2016,1,1,"Interacting Socially with the Internet of Things (IoT): Effects of
   Source Attribution and Specialization in Human-IoT Interaction",1,1,"City Univ Hong Kong, Dept Media &amp; Commun, Run Run Shaw
   Creat Media Ctr M5084, 18 Tat Hong Ave, Kowloon, Hong Kong, Peoples R
   China.",City Univ Hong Kong, Dept Media &amp; Commun," Run Run Shaw
   Creat Media Ctr M5084",1
8,Journal of Computer-Mediated Communication,2016,1,1,"Differential Use, Differential Effects: Investigating the Roles of
   Different Modes of News Use in Promoting Political Participation",1,1,"Ewha Womans Univ, Div Commun &amp; Media, Ewha Posco Hall
   302,52 Ewhayeodae Gil, Seoul 03760, South Korea.",Ewha Womans Univ, Div Commun &amp; Media," Ewha Posco Hall
   302",1
9,Journal of Computer-Mediated Communication,2016,1,1,"Media Niche of Electronic Communication Channels in Friendship: A
   Meta-Analysis",2,2,"Renmin Univ China, Dept Psychol, D-1007 Bldv,Zhongguancun
   St, Beijing, Peoples R China.",Renmin Univ China, Dept Psychol, D-1007 Bldv,1
10,Journal of Computer-Mediated Communication,2016,1,1,"Media Niche of Electronic Communication Channels in Friendship: A
   Meta-Analysis",2,2,"Univ Memphis, Dept Counseling Educ Psychol &amp; Res, 303D
   Ball Hall, Memphis, TN 38152 USA.",Univ Memphis, Dept Counseling Educ Psychol &amp; Res," 303D
   Ball Hall",1
11,JOURNAL OF COMPUTER-MEDIATED COMMUNICATION,2017,1,1,"Information Overload, Similarity, and Redundancy: Unsubscribing
   Information Sources on Twitter",2,2,"Chinese Univ Hong Kong, Sch Journalism &amp; Commun, New Asia
   Coll, Room 424,Humanities Bldg, Shatin, Hong Kong, Peoples R China.",Chinese Univ Hong Kong, Sch Journalism &amp; Commun," New Asia
   Coll",1
12,JOURNAL OF COMPUTER-MEDIATED COMMUNICATION,2017,1,1,"Information Overload, Similarity, and Redundancy: Unsubscribing
   Information Sources on Twitter",2,2,"Univ Hong Kong, Journalism &amp; Media Studies Ctr, Room
   206,Eliot Hall,Pokfulam Rd, Hong Kong, Hong Kong, Peoples R China.",Univ Hong Kong, Journalism &amp; Media Studies Ctr," Room
   206",1
13,JOURNAL OF COMPUTER-MEDIATED COMMUNICATION,2017,1,1,"Reflecting on Connecting: Meta-Analysis of Differences Between
   Computer-Mediated and Face-to-Face Self-Disclosure",2,6,"Univ Wisconsin, Dept Commun, Milwaukee, WI 53201 USA.",Univ Wisconsin, Dept Commun, Milwaukee,5
14,JOURNAL OF COMPUTER-MEDIATED COMMUNICATION,2017,1,1,"Reflecting on Connecting: Meta-Analysis of Differences Between
   Computer-Mediated and Face-to-Face Self-Disclosure",2,6,"Baldwin Wallace Univ, Dept Commun Arts &amp; Sci, Berea, OH
   44017 USA.",Baldwin Wallace Univ, Dept Commun Arts &amp; Sci, Berea,1
15,JOURNAL OF COMPUTER-MEDIATED COMMUNICATION,2017,1,1,"Explicating Affordances: A Conceptual Framework for Understanding
   Affordances in Communication Research",4,4,"Calif State Polytech Univ Pomona, Dept Commun, 3801
   West Temple Ave, Pomona, CA 91768 USA.",Calif State Polytech Univ Pomona, Dept Commun," 3801
   West Temple Ave",1
16,JOURNAL OF COMPUTER-MEDIATED COMMUNICATION,2017,1,1,"Explicating Affordances: A Conceptual Framework for Understanding
   Affordances in Communication Research",4,4,"Univ Washington, Dept Commun, Box 353740, Seattle, WA
   98195 USA.",Univ Washington, Dept Commun, Box 353740,1
17,JOURNAL OF COMPUTER-MEDIATED COMMUNICATION,2017,1,1,"Explicating Affordances: A Conceptual Framework for Understanding
   Affordances in Communication Research",4,4,"Univ Maryland, Coll Informat Studies, College Pk, MD
   20742 USA.",Univ Maryland, Coll Informat Studies, College Pk,1
18,JOURNAL OF COMPUTER-MEDIATED COMMUNICATION,2017,1,1,"Explicating Affordances: A Conceptual Framework for Understanding
   Affordances in Communication Research",4,4,"Univ Texas Austin, Moody Coll Commun, Commun
   Studies, Austin, TX 78712 USA.",Univ Texas Austin, Moody Coll Commun," Commun
   Studies",1
19,JOURNAL OF COMPUTER-MEDIATED COMMUNICATION,2017,1,1,"Should I Share That? Prompting Social Norms That Influence Privacy
   Behaviors on a Social Networking Site",2,2,"Portland State Univ, Dept Commun, Univ Ctr
   Bldg,520 SW Harrison St, Portland, OR 97201 USA.",Portland State Univ, Dept Commun," Univ Ctr
   Bldg",1
20,JOURNAL OF COMPUTER-MEDIATED COMMUNICATION,2017,1,1,"Should I Share That? Prompting Social Norms That Influence Privacy
   Behaviors on a Social Networking Site",2,2,"Stanford Univ, Dept Commun, Bldg 120, Stanford, CA
   94305 USA.",Stanford Univ, Dept Commun, Bldg 120,1
21,JOURNAL OF COMPUTER-MEDIATED COMMUNICATION,2017,1,1,"Reinforcement or Displacement? The Reciprocity of FtF, IM, and SNS
   Communication and Their Effects on Loneliness and Life Satisfaction",1,3,"Univ Hohenheim, Sch
   Commun, Dept Media Psychol, D-70599 Stuttgart, Germany.",Univ Hohenheim," Sch
   Commun", Dept Media Psychol,3
22,JOURNAL OF COMPUTER-MEDIATED COMMUNICATION,2017,1,1,Digital Game Dynamics Preferences and Player Types,2,4,"Univ Turku, Turku Sch Econ, Ctr Collaborat
   Res, Turku 20014, Finland.",Univ Turku, Turku Sch Econ," Ctr Collaborat
   Res",2
23,JOURNAL OF COMPUTER-MEDIATED COMMUNICATION,2017,1,1,Digital Game Dynamics Preferences and Player Types,2,4,"Univ Turku, Dept Psychol, Turku
   20014, Finland.",Univ Turku, Dept Psychol," Turku
   20014",2
24,JOURNAL OF COMPUTER-MEDIATED COMMUNICATION,2017,1,1,"Effects of the News-Finds-Me Perception in Communication: Social Media
   Use Implications for News Seeking and Learning About Politics",5,5,"Univ Vienna, Dept Commun, Media Innovat Lab,
   WahringerStr 29, A-1090 Vienna, Austria.",Univ Vienna, Dept Commun, Media Innovat Lab,1
25,JOURNAL OF COMPUTER-MEDIATED COMMUNICATION,2017,1,1,"Effects of the News-Finds-Me Perception in Communication: Social Media
   Use Implications for News Seeking and Learning About Politics",5,5,"Univ Diego Portales, Fac Comunicac &amp; Letras,
   Manuel Rodriguez Sur 415, Santiago, Chile.",Univ Diego Portales, Fac Comunicac &amp; Letras,"
   Manuel Rodriguez Sur 415",1
26,JOURNAL OF COMPUTER-MEDIATED COMMUNICATION,2017,1,1,"Effects of the News-Finds-Me Perception in Communication: Social Media
   Use Implications for News Seeking and Learning About Politics",5,5,"Univ Michigan, Dept Commun Studies, 5432 North Quad,105 S
   State St, Ann Arbor, MI 48109 USA.",Univ Michigan, Dept Commun Studies, 5432 North Quad,1
27,JOURNAL OF COMPUTER-MEDIATED COMMUNICATION,2017,1,1,"Effects of the News-Finds-Me Perception in Communication: Social Media
   Use Implications for News Seeking and Learning About Politics",5,5,"Univ Michigan, Ctr Polit Studies, 5432 North Quad,105 S
   State St, Ann Arbor, MI 48109 USA.",Univ Michigan, Ctr Polit Studies, 5432 North Quad,1
28,JOURNAL OF COMPUTER-MEDIATED COMMUNICATION,2017,1,1,"Effects of the News-Finds-Me Perception in Communication: Social Media
   Use Implications for News Seeking and Learning About Politics",5,5,"Univ La Laguna, Dept Comunicac &amp; Trabajo
   Social, Ave Cesar Manrique S-N Campus Guadalajara, Santa Cruz de
   Tenerife 38071, Spain.",Univ La Laguna," Dept Comunicac &amp; Trabajo
   Social", Ave Cesar Manrique S-N Campus Guadalajara,1
29,JOURNAL OF COMPUTER-MEDIATED COMMUNICATION,2017,1,1,"Shape and Size Matter for Smartwatches: Effects of Screen Shape, Screen
   Size, and Presentation Mode in Wearable Communication",1,1,"City Univ Hong Kong, Dept Media &amp; Commun, M5084 Run Run
   Shaw Creat Media Ctr, Kowloon, Hong Kong, Peoples R China.",City Univ Hong Kong, Dept Media &amp; Commun," M5084 Run Run
   Shaw Creat Media Ctr",1
30,JOURNAL OF COMPUTER-MEDIATED COMMUNICATION,2017,1,1,"Incivility and Political Identity on the Internet: Intergroup Factors as
   Predictors of Incivility in Discussions of News Online",2,4,"Univ Arizona, Dept
   Commun, Tucson, AZ 85721 USA.",Univ Arizona," Dept
   Commun", Tucson,3
31,JOURNAL OF COMPUTER-MEDIATED COMMUNICATION,2017,1,1,"Incivility and Political Identity on the Internet: Intergroup Factors as
   Predictors of Incivility in Discussions of News Online",2,4,"Univ Utah, Dept Commun, Salt Lake City, UT 84112 USA.",Univ Utah, Dept Commun, Salt Lake City,1
32,JOURNAL OF COMPUTER-MEDIATED COMMUNICATION,2017,1,1,"Civic Technology and Community Building: Interaction Effects Between
   Integrated Connectedness to a Storytelling Network (ICSN) and Internet
   and Mobile Uses on Civic Participation",2,2,"Univ Oregon, Sch Journalism &amp; Commun, Eugene, OR 97403
   USA.",Univ Oregon, Sch Journalism &amp; Commun, Eugene,1
33,JOURNAL OF COMPUTER-MEDIATED COMMUNICATION,2017,1,1,"Civic Technology and Community Building: Interaction Effects Between
   Integrated Connectedness to a Storytelling Network (ICSN) and Internet
   and Mobile Uses on Civic Participation",2,2,"SUNY Albany, Dept Commun, 1400 Washington Ave,
   Albany, NY 12222 USA.",SUNY Albany, Dept Commun, 1400 Washington Ave,1
34,JOURNAL OF COMPUTER-MEDIATED COMMUNICATION,2017,1,1,"Can Interface Cues Nudge Modeling of Food Consumption? Experiments on a
   Food-Ordering Website",1,1,"Florida State Univ, Sch Commun, C3100 Univ Ctr,
   Tallahassee, FL 32306 USA.",Florida State Univ, Sch Commun, C3100 Univ Ctr,1
35,JOURNAL OF COMPUTER-MEDIATED COMMUNICATION,2017,1,1,"Object Touch by a Humanoid Robot Avatar Induces Haptic Sensation in the
   Real Hand",2,7,"CNRS, Natl Inst Adv Ind Sci &amp; Technol AIST, JRL, 1-1-1
   Umezono, Tsukuba, Ibaraki 3058560, Japan.",CNRS, Natl Inst Adv Ind Sci &amp; Technol AIST, JRL,4
36,JOURNAL OF COMPUTER-MEDIATED COMMUNICATION,2017,1,1,"Object Touch by a Humanoid Robot Avatar Induces Haptic Sensation in the
   Real Hand",2,7,"CNRS, AIST,
   JRL, 1-1-1 Umezono, Tsukuba, Ibaraki 3058560, Japan.",CNRS, AIST,"
   JRL",3
37,JOURNAL OF COMPUTER-MEDIATED COMMUNICATION,2017,1,1,Structure of Ego-Alter Relationships of Politicians in Twitter,3,5,"CNR, IIT, Via G
   Moruzzi 1, I-56124 Pisa, Italy.",CNR, IIT," Via G
   Moruzzi 1",3
38,JOURNAL OF COMPUTER-MEDIATED COMMUNICATION,2017,1,1,Structure of Ego-Alter Relationships of Politicians in Twitter,3,5,"Univ Oxford, Dept Expt Psychol, South Parks Rd, Oxford
   OX1 3UD, England.",Univ Oxford, Dept Expt Psychol, South Parks Rd,1
39,JOURNAL OF COMPUTER-MEDIATED COMMUNICATION,2017,1,1,Structure of Ego-Alter Relationships of Politicians in Twitter,3,5,"Aalto Univ, Dept Informat &amp; Comp Sci, Sch Sci,
   Konemiehentie 2, FI-02150 Espoo, Finland.",Aalto Univ, Dept Informat &amp; Comp Sci, Sch Sci,1
40,JOURNAL OF COMPUTER-MEDIATED COMMUNICATION,2017,1,1,"Civil Society in Times of Crisis: Understanding Collective Action
   Dynamics in Digitally-Enabled Volunteer Networks",3,3,"Univ Mannheim, Mannheim Ctr European Social Res
   MZES, A5,6 Bldg A,Room A213, D-68159 Mannheim, Germany.",Univ Mannheim," Mannheim Ctr European Social Res
   MZES", A5,1
41,JOURNAL OF COMPUTER-MEDIATED COMMUNICATION,2017,1,1,"Civil Society in Times of Crisis: Understanding Collective Action
   Dynamics in Digitally-Enabled Volunteer Networks",3,3,"Kings Coll London, Dept Biostat &amp; Hlth Informat, Inst
   Psychiat Psychol &amp; Neurosci, IoPPN, Room S2-10, London SE5 8AF, England.",Kings Coll London, Dept Biostat &amp; Hlth Informat," Inst
   Psychiat Psychol &amp; Neurosci",1
42,JOURNAL OF COMPUTER-MEDIATED COMMUNICATION,2017,1,1,"Civil Society in Times of Crisis: Understanding Collective Action
   Dynamics in Digitally-Enabled Volunteer Networks",3,3,"Newcastle Univ, Sch Geog Polit &amp; Sociol, Newcastle
   Upon Tyne NE1 7RU, Tyne &amp; Wear, England.",Newcastle Univ, Sch Geog Polit &amp; Sociol," Newcastle
   Upon Tyne NE1 7RU",1
43,JOURNAL OF COMPUTER-MEDIATED COMMUNICATION,2017,1,1,"The Relationship Between Cyberbalkanization and Opinion Polarization:
   Time-Series Analysis on Facebook Pages and Opinion Polls During the Hong
   Kong Occupy Movement and the Associated Debate on Political Reform",2,2,"Univ Hong Kong, Journalism &amp; Media Studies Ctr, Room
   116,Eliot Hall,Pokfulam Rd, Hong Kong, Hong Kong, Peoples R China.",Univ Hong Kong, Journalism &amp; Media Studies Ctr," Room
   116",1
44,JOURNAL OF COMPUTER-MEDIATED COMMUNICATION,2017,1,1,"The Relationship Between Cyberbalkanization and Opinion Polarization:
   Time-Series Analysis on Facebook Pages and Opinion Polls During the Hong
   Kong Occupy Movement and the Associated Debate on Political Reform",2,2,"Univ Hong Kong, Journalism &amp; Media Studies Ctr, Room
   206,Eliot Hall,Pokfulam Rd, Hong Kong, Hong Kong, Peoples R China.",Univ Hong Kong, Journalism &amp; Media Studies Ctr," Room
   206",1
45,JOURNAL OF COMPUTER-MEDIATED COMMUNICATION,2017,1,1,"Digital News Consumption and Copyright Intervention: Evidence from Spain
   Before and After the 2015 ""Link Tax""",3,3,"Univ Oxford, Dept Polit &amp; Int Relat, Reuters Inst
   Study Journalism, 13 Norham Gardens, Oxford OX2 6PS, England.",Univ Oxford, Dept Polit &amp; Int Relat," Reuters Inst
   Study Journalism",1
46,JOURNAL OF COMPUTER-MEDIATED COMMUNICATION,2017,1,1,"Digital News Consumption and Copyright Intervention: Evidence from Spain
   Before and After the 2015 ""Link Tax""",3,3,"Univ Oberta Catalunya, Dept Law &amp; Polit, Ave Carl
   Friedich Gauss,5 Parc Mediterrani Tecnol, Castelldefels 08860, Spain.",Univ Oberta Catalunya, Dept Law &amp; Polit," Ave Carl
   Friedich Gauss",1
47,JOURNAL OF COMPUTER-MEDIATED COMMUNICATION,2017,1,1,"Digital News Consumption and Copyright Intervention: Evidence from Spain
   Before and After the 2015 ""Link Tax""",3,3,"Univ Penn, Annenberg Sch Commun, 3620 Walnut
   St, Philadelphia, PA 19104 USA.",Univ Penn, Annenberg Sch Commun," 3620 Walnut
   St",1
48,JOURNAL OF COMPUTER-MEDIATED COMMUNICATION,2017,1,1,"Is Anybody Out There?: Understanding Masspersonal Communication Through
   Expectations for Response Across Social Media Platforms",2,2,"Stanford Univ, Dept Commun, Bldg 120,Room 110450,
   Stanford, CA 94305 USA.",Stanford Univ, Dept Commun, Bldg 120,1
49,JOURNAL OF COMPUTER-MEDIATED COMMUNICATION,2017,1,1,"Is Anybody Out There?: Understanding Masspersonal Communication Through
   Expectations for Response Across Social Media Platforms",2,2,"Cornell Univ, Dept Commun, 479 Mann Lib Bldg,
   Ithaca, NY 14853 USA.",Cornell Univ, Dept Commun, 479 Mann Lib Bldg,1
50,JOURNAL OF COMPUTER-MEDIATED COMMUNICATION,2017,1,1,"We Face, I Tweet: How Different Social Media Influence Political
   Participation through Collective and Internal Efficacy",2,3,"Pontificia Univ Catolica Chile,
   Sch Commun, Alameda 340, Santiago 8331150, RM, Chile.",Pontificia Univ Catolica Chile,"
   Sch Commun", Alameda 340,2
51,JOURNAL OF COMPUTER-MEDIATED COMMUNICATION,2017,1,1,"We Face, I Tweet: How Different Social Media Influence Political
   Participation through Collective and Internal Efficacy",2,3,"Boston Univ, Coll Commun, Div Emerging Media Studies,
   640 Commonwealth Ave, Boston, MA 02215 USA.",Boston Univ, Coll Commun, Div Emerging Media Studies,1
52,JOURNAL OF COMPUTER-MEDIATED COMMUNICATION,2017,1,1,"The Identification and Influence of Social Roles in a Social Media
   Product Community",1,3,"Paris Saclay
   Univ, MMS Dept, Telecom Sch Managementl, LITEM, 9 Rue Charles Fourier,
   F-91011 Evry, France.","Paris Saclay
   Univ", MMS Dept, Telecom Sch Managementl,3
53,JOURNAL OF COMPUTER-MEDIATED COMMUNICATION,2017,1,1,"Incidental Exposure, Selective Exposure, and Political Information
   Sharing: Integrating Online Exposure Patterns and Expression on Social
   Media",1,5,"Univ Michigan, Dept Commun Studies, 5441 North Quad,105 S State
   St, Ann Arbor, MI 48109 USA.",Univ Michigan, Dept Commun Studies, 5441 North Quad,5
54,JOURNAL OF COMPUTER-MEDIATED COMMUNICATION,2018,1,1,"Cracking the Tinder Code: An Experience Sampling Approach to the
   Dynamics and Impact of Platform Governing Algorithms",2,2,"Katholieke Univ Leuven, Sch Mass Commun Res, Leuven,
   Belgium.",Katholieke Univ Leuven, Sch Mass Commun Res, Leuven,1
55,JOURNAL OF COMPUTER-MEDIATED COMMUNICATION,2018,1,1,"Cracking the Tinder Code: An Experience Sampling Approach to the
   Dynamics and Impact of Platform Governing Algorithms",2,2,"Erasmus Univ, Dept Media &amp; Commun, Rotterdam,
   Netherlands.",Erasmus Univ, Dept Media &amp; Commun, Rotterdam,1
56,JOURNAL OF COMPUTER-MEDIATED COMMUNICATION,2018,1,1,"Explaining the Emergence of Political Fragmentation on Social Media: The
   Role of Ideology and Extremism",1,1,"Univ Oxford, Oxford Internet Inst, Oxford, England.",Univ Oxford, Oxford Internet Inst, Oxford,1
57,JOURNAL OF COMPUTER-MEDIATED COMMUNICATION,2018,1,1,"Watching Me Watching You: How Observational Learning Affects
   Self-disclosure on Social Network Sites?",2,3,"Tel Aviv Univ, Dept Commun, Ramat
   Aviv, Israel.",Tel Aviv Univ, Dept Commun," Ramat
   Aviv",2
58,JOURNAL OF COMPUTER-MEDIATED COMMUNICATION,2018,1,1,"Watching Me Watching You: How Observational Learning Affects
   Self-disclosure on Social Network Sites?",2,3,"Oranim Acad Coll, Qiryat Tivon, Israel.",Oranim Acad Coll, Qiryat Tivon, Israel.,1
59,JOURNAL OF COMPUTER-MEDIATED COMMUNICATION,2018,1,1,"Benefits of Browsing? The Prevalence, Nature, and Effects of Profile
   Consumption Behavior in Social Network Sites",3,3,"Univ Calif Santa Barbara, Dept Commun, Santa
   Barbara, CA 93106 USA.",Univ Calif Santa Barbara, Dept Commun," Santa
   Barbara",1
60,JOURNAL OF COMPUTER-MEDIATED COMMUNICATION,2018,1,1,"Benefits of Browsing? The Prevalence, Nature, and Effects of Profile
   Consumption Behavior in Social Network Sites",3,3,"Northeastern Univ, Dept Comp Sci, Boston, MA 02115 USA.",Northeastern Univ, Dept Comp Sci, Boston,1
61,JOURNAL OF COMPUTER-MEDIATED COMMUNICATION,2018,1,1,"Benefits of Browsing? The Prevalence, Nature, and Effects of Profile
   Consumption Behavior in Social Network Sites",3,3,"Univ Chicago, Dept Comp Sci, Chicago, IL 60637 USA.",Univ Chicago, Dept Comp Sci, Chicago,1
62,JOURNAL OF COMPUTER-MEDIATED COMMUNICATION,2018,1,1,"Unpacking Medium Effects on Social Psychological Processes in
   Computer-mediated Communication Using the Social Relations Model",1,3,"Cornell Univ, Dept
   Commun, Ithaca, NY 14853 USA.",Cornell Univ," Dept
   Commun", Ithaca,3
63,JOURNAL OF COMPUTER-MEDIATED COMMUNICATION,2018,1,1,News Attention in a Mobile Era,5,5,"Texas A&amp;M Univ, Dept Commun, TAMU 4234, College Stn,
   TX 77843 USA.",Texas A&amp;M Univ, Dept Commun, TAMU 4234,1
64,JOURNAL OF COMPUTER-MEDIATED COMMUNICATION,2018,1,1,News Attention in a Mobile Era,5,5,"LSU, Manship Sch Mass Commun, Baton Rouge, LA 70803
   USA.",LSU, Manship Sch Mass Commun, Baton Rouge,1
65,JOURNAL OF COMPUTER-MEDIATED COMMUNICATION,2018,1,1,News Attention in a Mobile Era,5,5,"LSU, Dept Polit Sci, Baton Rouge, LA 70803 USA.",LSU, Dept Polit Sci, Baton Rouge,1
66,JOURNAL OF COMPUTER-MEDIATED COMMUNICATION,2018,1,1,News Attention in a Mobile Era,5,5,"Ferrum Coll, Dept Media &amp; Commun, Britt Hall 115,
   Ferrum, VA 24088 USA.",Ferrum Coll, Dept Media &amp; Commun, Britt Hall 115,1
67,JOURNAL OF COMPUTER-MEDIATED COMMUNICATION,2018,1,1,News Attention in a Mobile Era,5,5,"Appalachian State Univ, Dept Journalism, 121 Bodenheimer
   Dr,ASU Box 32039, Boone, NC 28607 USA.",Appalachian State Univ, Dept Journalism," 121 Bodenheimer
   Dr",1
68,JOURNAL OF COMPUTER-MEDIATED COMMUNICATION,2018,1,1,"One Size Fits All: Context Collapse, Self-Presentation Strategies and
   Language Styles on Facebook",3,6,"Univ Calif Davis, Dept Commun, Davis, CA 95616 USA.",Univ Calif Davis, Dept Commun, Davis,4
69,JOURNAL OF COMPUTER-MEDIATED COMMUNICATION,2018,1,1,"One Size Fits All: Context Collapse, Self-Presentation Strategies and
   Language Styles on Facebook",3,6,"Stanford Univ, Stanford Grad Sch Business, Stanford,
   CA 94305 USA.",Stanford Univ, Stanford Grad Sch Business, Stanford,1
70,JOURNAL OF COMPUTER-MEDIATED COMMUNICATION,2018,1,1,"One Size Fits All: Context Collapse, Self-Presentation Strategies and
   Language Styles on Facebook",3,6,"Univ Cambridge, Psychometr Ctr, Cambridge, England.",Univ Cambridge, Psychometr Ctr, Cambridge,1
71,JOURNAL OF COMPUTER-MEDIATED COMMUNICATION,2018,1,1,"Cyberbullying Bystander Intervention: The Number of Offenders and
   Retweeting Predict Likelihood of Helping a Cyberbullying Victim",2,4,"Cornell Univ, Dept Commun, Ithaca, NY 14853 USA.",Cornell Univ, Dept Commun, Ithaca,3
72,JOURNAL OF COMPUTER-MEDIATED COMMUNICATION,2018,1,1,"Cyberbullying Bystander Intervention: The Number of Offenders and
   Retweeting Predict Likelihood of Helping a Cyberbullying Victim",2,4,"Cornell Univ, Bronfenbrenner Ctr Translat Res, Ithaca,
   NY 14853 USA.",Cornell Univ, Bronfenbrenner Ctr Translat Res, Ithaca,1
73,JOURNAL OF COMPUTER-MEDIATED COMMUNICATION,2018,1,1,"Performing a Vanilla Self: Respectability Politics, Social Class, and
   the Digital World",4,6,"Fordham Univ, Grad Sch Educ, Dept Counseling Psychol,
   New York, NY 10023 USA.",Fordham Univ, Grad Sch Educ, Dept Counseling Psychol,1
74,JOURNAL OF COMPUTER-MEDIATED COMMUNICATION,2018,1,1,"Performing a Vanilla Self: Respectability Politics, Social Class, and
   the Digital World",4,6,"Data &amp; Soc Res Inst,
   New York, NY 10011 USA.",Data &amp; Soc Res Inst,"
   New York", NY 10011 USA.,3
75,JOURNAL OF COMPUTER-MEDIATED COMMUNICATION,2018,1,1,"Performing a Vanilla Self: Respectability Politics, Social Class, and
   the Digital World",4,6,"Univ North Carolina Chapel Hill, Dept Commun, Chapel
   Hill, NC 27599 USA.",Univ North Carolina Chapel Hill, Dept Commun," Chapel
   Hill",1
76,JOURNAL OF COMPUTER-MEDIATED COMMUNICATION,2018,1,1,"Performing a Vanilla Self: Respectability Politics, Social Class, and
   the Digital World",4,6,"Microsoft Res, New York, NY 10011 USA.",Microsoft Res, New York, NY 10011 USA.,1
77,JOURNAL OF COMPUTER-MEDIATED COMMUNICATION,2018,1,1,"The Associations Between Online Media Use and Users' Perceived Social
   Resources: A Meta-Analysis",1,1,"Tech Univ Ilmenau, Inst Media &amp; Commun Sci, D-98693
   Ilmenau, Germany.",Tech Univ Ilmenau, Inst Media &amp; Commun Sci," D-98693
   Ilmenau",1
78,JOURNAL OF COMPUTER-MEDIATED COMMUNICATION,2018,1,1,"Interactivity in Online Chat: Conversational Contingency and Response
   Latency in Computer-mediated Communication",5,6,"Univ Calif Santa Barbara, Dept Commun,
   Santa Barbara, CA 93106 USA.",Univ Calif Santa Barbara, Dept Commun,"
   Santa Barbara",2
79,JOURNAL OF COMPUTER-MEDIATED COMMUNICATION,2018,1,1,"Interactivity in Online Chat: Conversational Contingency and Response
   Latency in Computer-mediated Communication",5,6,"Nanyang Technol Univ, Wee Kim Wee Sch Commun &amp; Informat,
   Singapore, Singapore.",Nanyang Technol Univ, Wee Kim Wee Sch Commun &amp; Informat,"
   Singapore",1
80,JOURNAL OF COMPUTER-MEDIATED COMMUNICATION,2018,1,1,"Interactivity in Online Chat: Conversational Contingency and Response
   Latency in Computer-mediated Communication",5,6,"Univ Calif Santa Barbara, Ctr Informat Technol &amp;
   Soc, Santa Barbara, CA 93106 USA.",Univ Calif Santa Barbara," Ctr Informat Technol &amp;
   Soc", Santa Barbara,1
81,JOURNAL OF COMPUTER-MEDIATED COMMUNICATION,2018,1,1,"Interactivity in Online Chat: Conversational Contingency and Response
   Latency in Computer-mediated Communication",5,6,"Singapore Management Univ, Lee Kong Chian Sch
   Business, 50 Stamford Rd, Singapore 178899, Singapore.",Singapore Management Univ," Lee Kong Chian Sch
   Business", 50 Stamford Rd,1
82,JOURNAL OF COMPUTER-MEDIATED COMMUNICATION,2018,1,1,"Interactivity in Online Chat: Conversational Contingency and Response
   Latency in Computer-mediated Communication",5,6,"Univ Melbourne, Sch Culture &amp; Commun, Parkville, Vic
   3010, Australia.",Univ Melbourne, Sch Culture &amp; Commun, Parkville,1
83,JOURNAL OF COMPUTER-MEDIATED COMMUNICATION,2018,1,1,"It Takes at Least Two to Tango: A Population-Level Perspective on
   Interrelated Patterns of Media Use",1,2,"Univ Groningen, Fac Econ &amp; Business,
   Dept Innovat Management &amp; Strategy, POB 800, NL-9700 AV Groningen,
   Netherlands.",Univ Groningen, Fac Econ &amp; Business,"
   Dept Innovat Management &amp; Strategy",2
84,JOURNAL OF COMPUTER-MEDIATED COMMUNICATION,2018,1,1,"How Young Users Deal With Multiple Platforms: The Role of Meaning-Making
   in Social Media Repertoires",2,3,"Northwestern Univ, Dept Commun
   Studies, Evanston, IL 60208 USA.",Northwestern Univ," Dept Commun
   Studies", Evanston,2
85,JOURNAL OF COMPUTER-MEDIATED COMMUNICATION,2018,1,1,"How Young Users Deal With Multiple Platforms: The Role of Meaning-Making
   in Social Media Repertoires",2,3,"Univ San Andres, Dept Social Sci, B1644BID,
   Buenos Aires, DF, Argentina.",Univ San Andres, Dept Social Sci, B1644BID,1
86,JOURNAL OF COMPUTER-MEDIATED COMMUNICATION,2018,1,1,"Longitudinal Change of an Online Political Discussion Forum: Antecedents
   of Discussion Network Size and Evolution",3,3,"Kyung Hee Univ, Dept Journalism &amp; Commun, Seoul 02447,
   South Korea.",Kyung Hee Univ, Dept Journalism &amp; Commun, Seoul 02447,1
87,JOURNAL OF COMPUTER-MEDIATED COMMUNICATION,2018,1,1,"Longitudinal Change of an Online Political Discussion Forum: Antecedents
   of Discussion Network Size and Evolution",3,3,"Macrogen Inc, Dept Big Data, Seoul 08511, South
   Korea.",Macrogen Inc, Dept Big Data, Seoul 08511,1
88,JOURNAL OF COMPUTER-MEDIATED COMMUNICATION,2018,1,1,"Longitudinal Change of an Online Political Discussion Forum: Antecedents
   of Discussion Network Size and Evolution",3,3,"Univ Texas Austin, Moody Coll Commun, Austin, TX 78712
   USA.",Univ Texas Austin, Moody Coll Commun, Austin,1
89,JOURNAL OF COMPUTER-MEDIATED COMMUNICATION,2018,1,1,"Talking Engagement Into Being: A Three-Wave Panel Study Linking Boundary
   Management Preferences, Work Communication on Social Media, and Employee
   Engagement",1,2,"Univ Amsterdam, Amsterdam Sch Commun
   Res ASCoR, Amsterdam, Netherlands.",Univ Amsterdam," Amsterdam Sch Commun
   Res ASCoR", Amsterdam,2
90,JOURNAL OF COMPUTER-MEDIATED COMMUNICATION,2018,1,1,"Meme Templates as Expressive Repertoires in a Globalizing World: A
   Cross-Linguistic Study",1,2,"Hebrew Univ Jerusalem, Commun &amp;
   Journalism, Jerusalem, Israel.",Hebrew Univ Jerusalem," Commun &amp;
   Journalism", Jerusalem,2
91,JOURNAL OF COMPUTER-MEDIATED COMMUNICATION,2018,1,1,"Can Burdensome Facebook ""Friends"" Cause You Pain? Self-Reported Pain as
   a Motivation for Exclusion",1,2,"Ohio State Univ, Dept Psychol,
   Newark, OH 43055 USA.",Ohio State Univ, Dept Psychol,"
   Newark",2
92,JOURNAL OF COMPUTER-MEDIATED COMMUNICATION,2018,1,1,"Standing Up for Sweden? The Racist Discourses, Architectures and
   Affordances of an Anti-Immigration Facebook Group",1,2,"Umea Univ, Dept Sociol, SE-90187
   Umea, Sweden.",Umea Univ, Dept Sociol," SE-90187
   Umea",2
93,JOURNAL OF COMPUTER-MEDIATED COMMUNICATION,2018,1,1,"Guilty by Visible Association: Socially Mediated Visibility in Gang
   Prosecutions",2,3,"Rutgers State Univ, Dept Commun, New
   Brunswick, NJ 08901 USA.",Rutgers State Univ, Dept Commun," New
   Brunswick",2
94,JOURNAL OF COMPUTER-MEDIATED COMMUNICATION,2018,1,1,"Guilty by Visible Association: Socially Mediated Visibility in Gang
   Prosecutions",2,3,"Univ Washington, Dept Commun, Seattle, WA 98195 USA.",Univ Washington, Dept Commun, Seattle,1
95,JOURNAL OF COMPUTER-MEDIATED COMMUNICATION,2018,1,1,"Understanding the Effects of Personalization as a Privacy Calculus:
   Analyzing Self-Disclosure Across Health, News, and Commerce Contexts",3,8,"Univ Amsterdam, Amsterdam Sch Commun Res ASCoR,
   Amsterdam, Netherlands.",Univ Amsterdam, Amsterdam Sch Commun Res ASCoR,"
   Amsterdam",5
96,JOURNAL OF COMPUTER-MEDIATED COMMUNICATION,2018,1,1,"Understanding the Effects of Personalization as a Privacy Calculus:
   Analyzing Self-Disclosure Across Health, News, and Commerce Contexts",3,8,"Univ Hohenheim, Dept Media Psychol, Stuttgart, Germany.",Univ Hohenheim, Dept Media Psychol, Stuttgart,1
97,JOURNAL OF COMPUTER-MEDIATED COMMUNICATION,2018,1,1,"Understanding the Effects of Personalization as a Privacy Calculus:
   Analyzing Self-Disclosure Across Health, News, and Commerce Contexts",3,8,"Univ Amsterdam, Inst Informat Law IViR,
   Amsterdam, Netherlands.",Univ Amsterdam, Inst Informat Law IViR,"
   Amsterdam",2
