,Journal,Year,Journal_Rank,Q_Position,Title,Total_Units,Total_Authors,Unit_Address,Unit_Name_1,Unit_Name_2,Unit_Name_3,Author_Number
0,JOURNAL OF ADVERTISING,2015,6,1,"Seeing the Big Picture: Multitasking and Perceptual Processing
   Influences on Ad Recognition",1,2,"Univ Illinois, Charles H Sandage Dept
   Advertising, Advertising, Urbana, IL 61801 USA.",Univ Illinois," Charles H Sandage Dept
   Advertising", Advertising,2
1,JOURNAL OF ADVERTISING,2015,6,1,"The Fit Factor: The Role of Fit Between Ads in Understanding Cross-Media
   Synergy",2,2,"Univ Amsterdam, Amsterdam Sch Commun Res,
   NL-1018 WV Amsterdam, Netherlands.",Univ Amsterdam, Amsterdam Sch Commun Res,"
   NL-1018 WV Amsterdam",1
2,JOURNAL OF ADVERTISING,2015,6,1,"The Fit Factor: The Role of Fit Between Ads in Understanding Cross-Media
   Synergy",2,2,"MeMo2, Amsterdam, Netherlands.",MeMo2, Amsterdam, Netherlands.,1
3,JOURNAL OF ADVERTISING,2015,6,1,"Using Eye Tracking to Understand the Effects of Brand Placement
   Disclosure Types in Television Programs",1,3,"Univ
   Amsterdam, Amsterdam Sch Commun Res, Persuas Commun, NL-1001 NG
   Amsterdam, Netherlands.","Univ
   Amsterdam", Amsterdam Sch Commun Res, Persuas Commun,3
4,JOURNAL OF ADVERTISING,2015,6,1,"Do You Recognize Its Brand? The Effectiveness of Online In-Stream Video
   Advertisements",2,2,"Xi An Jiao Tong Univ, Sch Management, Dept Informat Management
   &amp; Elect Commerce, Management Sci &amp; Engn, Xian, Shaanxi, Peoples R China.",Xi An Jiao Tong Univ, Sch Management," Dept Informat Management
   &amp; Elect Commerce",1
5,JOURNAL OF ADVERTISING,2015,6,1,"Do You Recognize Its Brand? The Effectiveness of Online In-Stream Video
   Advertisements",2,2,"Natl Chung Hsing Univ, Dept Mkt, Taichung 402, Taiwan.",Natl Chung Hsing Univ, Dept Mkt, Taichung 402,1
6,JOURNAL OF ADVERTISING,2015,6,1,"Beyond Seeing McDonald's Fiesta Menu: The Role of Accent in Brand
   Sincerity of Ethnic Products and Brands",3,3,"Lehigh Univ, Coll Business &amp; Econ, Mkt, Bethlehem, PA
   18015 USA.",Lehigh Univ, Coll Business &amp; Econ, Mkt,1
7,JOURNAL OF ADVERTISING,2015,6,1,"Beyond Seeing McDonald's Fiesta Menu: The Role of Accent in Brand
   Sincerity of Ethnic Products and Brands",3,3,"Drexel Univ, LeBow Coll Business, Mkt, Philadelphia, PA
   19104 USA.",Drexel Univ, LeBow Coll Business, Mkt,1
8,JOURNAL OF ADVERTISING,2015,6,1,"Beyond Seeing McDonald's Fiesta Menu: The Role of Accent in Brand
   Sincerity of Ethnic Products and Brands",3,3,"Calif State Univ Fresno, Craig Sch Business, Mkt,
   Fresno, CA 93740 USA.",Calif State Univ Fresno, Craig Sch Business, Mkt,1
9,JOURNAL OF ADVERTISING,2015,6,1,"Did You Get It? Factors Influencing Subjective Comprehension of Visual
   Metaphors in Advertising",2,2,"Governors State Univ, Coll Business &amp; Publ
   Adm, University Pk, IL 60484 USA.",Governors State Univ," Coll Business &amp; Publ
   Adm", University Pk,1
10,JOURNAL OF ADVERTISING,2015,6,1,"Did You Get It? Factors Influencing Subjective Comprehension of Visual
   Metaphors in Advertising",2,2,"Univ Missouri, Trulaske Coll Business, Mkt, Columbia,
   MO USA.",Univ Missouri, Trulaske Coll Business, Mkt,1
11,JOURNAL OF ADVERTISING,2015,6,1,"Attributes Versus Benefits: The Role of Construal Levels and Appeal Type
   on the Persuasiveness of Marketing Messages",3,4,"Ctr Univ FEI, BR-01525000 Sao Paulo,
   SP, Brazil.",Ctr Univ FEI, BR-01525000 Sao Paulo,"
   SP",1
12,JOURNAL OF ADVERTISING,2015,6,1,"Attributes Versus Benefits: The Role of Construal Levels and Appeal Type
   on the Persuasiveness of Marketing Messages",3,4,"Univ Sao
   Paulo, Sao Paulo, Brazil.","Univ Sao
   Paulo", Sao Paulo, Brazil.,2
13,JOURNAL OF ADVERTISING,2015,6,1,"Attributes Versus Benefits: The Role of Construal Levels and Appeal Type
   on the Persuasiveness of Marketing Messages",3,4,"Providence Coll, Providence, RI 02918 USA.",Providence Coll, Providence, RI 02918 USA.,1
14,JOURNAL OF ADVERTISING,2015,6,1,"Effect of Ad-Irrelevant Distance Cues on Persuasiveness of Message
   Framing",2,2,"Univ Missouri, Henry W Bloch Sch Management, Mkt,
   Kansas City, MO 64110 USA.",Univ Missouri, Henry W Bloch Sch Management, Mkt,1
15,JOURNAL OF ADVERTISING,2015,6,1,"Effect of Ad-Irrelevant Distance Cues on Persuasiveness of Message
   Framing",2,2,"Univ Oregon, Lundquist Coll Business, Mkt, Eugene, OR 97403
   USA.",Univ Oregon, Lundquist Coll Business, Mkt,1
16,JOURNAL OF ADVERTISING,2015,6,1,"Do Global Brands Use Similar Executional Styles Across Cultures? A
   Comparison of US and Japanese Television Advertising",2,2,"Villanova Univ, Villanova Sch Business, Mkt,
   Villanova, PA 19085 USA.",Villanova Univ, Villanova Sch Business, Mkt,1
17,JOURNAL OF ADVERTISING,2015,6,1,"Do Global Brands Use Similar Executional Styles Across Cultures? A
   Comparison of US and Japanese Television Advertising",2,2,"Univ Autonoma Madrid, Coll Econ &amp; Business Adm, Mkt,
   Madrid, Spain.",Univ Autonoma Madrid, Coll Econ &amp; Business Adm, Mkt,1
18,JOURNAL OF ADVERTISING,2015,6,1,"Peeking Under the Curtain and Over the Horizon: The Reflections of
   Another Former Editor",1,1,"Univ Minnesota, Mass Commun, Minneapolis, MN 55455
   USA.",Univ Minnesota, Mass Commun, Minneapolis,1
19,JOURNAL OF ADVERTISING,2015,6,1,Brand Stereotyping and Image Transfer in Concurrent Sponsorships,3,3,"Univ Technol Sydney, Mkt, Ultimo 2007,
   Australia.",Univ Technol Sydney, Mkt, Ultimo 2007,1
20,JOURNAL OF ADVERTISING,2015,6,1,Brand Stereotyping and Image Transfer in Concurrent Sponsorships,3,3,"Univ S Florida, Coll Business, Mkt, Tampa, FL USA.",Univ S Florida, Coll Business, Mkt,1
21,JOURNAL OF ADVERTISING,2015,6,1,Brand Stereotyping and Image Transfer in Concurrent Sponsorships,3,3,"HEC Montreal, Mkt, Montreal, PQ, Canada.",HEC Montreal, Mkt, Montreal,1
22,JOURNAL OF ADVERTISING,2015,6,1,"Is Your Product Facing the Ad's Center? Facing Direction Affects
   Processing Fluency and Ad Evaluation",3,3,"New Mexico State Univ, Mkt, Coll Business, Las
   Cruces, NM 88003 USA.",New Mexico State Univ, Mkt, Coll Business,1
23,JOURNAL OF ADVERTISING,2015,6,1,"Is Your Product Facing the Ad's Center? Facing Direction Affects
   Processing Fluency and Ad Evaluation",3,3,"Calif State Univ Sacramento, Coll Business Adm, Mkt,
   Sacramento, CA 95819 USA.",Calif State Univ Sacramento, Coll Business Adm, Mkt,1
24,JOURNAL OF ADVERTISING,2015,6,1,"Is Your Product Facing the Ad's Center? Facing Direction Affects
   Processing Fluency and Ad Evaluation",3,3,"Univ Penn, Wharton Sch Business, Mkt, Philadelphia,
   PA 19104 USA.",Univ Penn, Wharton Sch Business, Mkt,1
25,JOURNAL OF ADVERTISING,2015,6,1,Impact of Death-Related Television Programming on Advertising Evaluation,5,5,"SUNY Coll Brockport, Sch Business Adm &amp; Econ,
   Brockport, NY 14420 USA.",SUNY Coll Brockport, Sch Business Adm &amp; Econ,"
   Brockport",1
26,JOURNAL OF ADVERTISING,2015,6,1,Impact of Death-Related Television Programming on Advertising Evaluation,5,5,"Univ Kansas, Sch Business, Southwestern Bell Chair
   Business, Mkt, Lawrence, KS 66045 USA.",Univ Kansas, Sch Business," Southwestern Bell Chair
   Business",1
27,JOURNAL OF ADVERTISING,2015,6,1,Impact of Death-Related Television Programming on Advertising Evaluation,5,5,"Univ Kansas, Sch Med, Hlth Policy &amp; Management,
   Lawrence, KS 66045 USA.",Univ Kansas, Sch Med, Hlth Policy &amp; Management,1
28,JOURNAL OF ADVERTISING,2015,6,1,Impact of Death-Related Television Programming on Advertising Evaluation,5,5,"Univ Kansas, Dept Psychol, Lawrence, KS 66045 USA.",Univ Kansas, Dept Psychol, Lawrence,1
29,JOURNAL OF ADVERTISING,2015,6,1,Impact of Death-Related Television Programming on Advertising Evaluation,5,5,"Cleveland State Univ, Monte Ahuja Coll Business, Dept
   Mkt, Cleveland, OH 44115 USA.",Cleveland State Univ, Monte Ahuja Coll Business," Dept
   Mkt",1
30,JOURNAL OF ADVERTISING,2015,6,1,"The Role of Regulatory Focus, Social Distance, and Involvement in
   Anti-High-Risk Drinking Advertising: A Construal-Level Theory
   Perspective",2,2,"Rowan Univ, Coll Commun &amp; Creat Arts, Dept Publ Relat
   &amp; Advertising, Glassboro, NJ 08028 USA.",Rowan Univ, Coll Commun &amp; Creat Arts," Dept Publ Relat
   &amp; Advertising",1
31,JOURNAL OF ADVERTISING,2015,6,1,"The Role of Regulatory Focus, Social Distance, and Involvement in
   Anti-High-Risk Drinking Advertising: A Construal-Level Theory
   Perspective",2,2,"Univ Florida, Dept Advertising, Coll Journalism &amp;
   Commun, Gainesville, FL USA.",Univ Florida, Dept Advertising," Coll Journalism &amp;
   Commun",1
32,JOURNAL OF ADVERTISING,2015,6,1,"Scarcity Appeal in Advertising: Exploring the Moderating Roles of Need
   for Uniqueness and Message Framing",1,2,"Curtin Univ, Perth, WA 6845, Australia.",Curtin Univ, Perth, WA 6845,2
33,JOURNAL OF ADVERTISING,2015,6,1,"Presentation Matters: Comparison of Cognitive Effects of DTC
   Prescription Drug Advergames, Websites, and Print Ads",2,4,"Univ
   Minnesota, Sch Journalism &amp; Mass Commun, Minneapolis, MN 55455 USA.","Univ
   Minnesota", Sch Journalism &amp; Mass Commun, Minneapolis,3
34,JOURNAL OF ADVERTISING,2015,6,1,"Presentation Matters: Comparison of Cognitive Effects of DTC
   Prescription Drug Advergames, Websites, and Print Ads",2,4,"Ackmann &amp; Dickenson Inc, Minneapolis, MN USA.",Ackmann &amp; Dickenson Inc, Minneapolis, MN USA.,1
35,JOURNAL OF ADVERTISING,2015,6,1,"The Influence of Repetitive Health Messages and Sensitivity to Fluency
   on the Truth Effect in Advertising",3,3,"Univ Oregon, Lundquist Coll Business, Eugene, OR 97403
   USA.",Univ Oregon, Lundquist Coll Business, Eugene,1
36,JOURNAL OF ADVERTISING,2015,6,1,"The Influence of Repetitive Health Messages and Sensitivity to Fluency
   on the Truth Effect in Advertising",3,3,"Univ Cincinnati, Mkt, Cincinnati, OH USA.",Univ Cincinnati, Mkt, Cincinnati,1
37,JOURNAL OF ADVERTISING,2015,6,1,"The Influence of Repetitive Health Messages and Sensitivity to Fluency
   on the Truth Effect in Advertising",3,3,"Providence Coll, Providence, RI 02918 USA.",Providence Coll, Providence, RI 02918 USA.,1
38,JOURNAL OF ADVERTISING,2015,6,1,"Matching Temporal Frame, Self-View, and Message Frame Valence: Improving
   Persuasiveness in Health Communications",1,3,"Univ Texas Austin,
   Moody Coll Commun, Advertising &amp; Publ Relat, Austin, TX 78712 USA.",Univ Texas Austin,"
   Moody Coll Commun", Advertising &amp; Publ Relat,3
39,JOURNAL OF ADVERTISING,2015,6,1,"In Advertising We Trust: Religiosity's Influence on Marketplace and
   Relational Trust",1,1,"Univ Wyoming, Coll Business, Mkt, Laramie, WY
   82071 USA.",Univ Wyoming, Coll Business, Mkt,1
40,JOURNAL OF ADVERTISING,2015,6,1,"The Journal of Advertising and the Development of Advertising Theory:
   Reflections and Directions for Future Research",1,1,"Iowa State Univ, Ames, IA 50011 USA.",Iowa State Univ, Ames, IA 50011 USA.,1
41,JOURNAL OF ADVERTISING,2016,6,1,"""Someone Should Do Something"": Replication and an Agenda for Collective
   Action",3,4,"Queensland Univ Technol, Sch Advertising Mkt &amp; Publ Relat,
   Advertising IMC &amp; Digital Media, Brisbane, Qld 4000, Australia.",Queensland Univ Technol, Sch Advertising Mkt &amp; Publ Relat,"
   Advertising IMC &amp; Digital Media",1
42,JOURNAL OF ADVERTISING,2016,6,1,"""Someone Should Do Something"": Replication and an Agenda for Collective
   Action",3,4,"Northwestern Univ, Medill Sch Journalism, Evanston, IL
   USA.",Northwestern Univ, Medill Sch Journalism, Evanston,1
43,JOURNAL OF ADVERTISING,2016,6,1,"""Someone Should Do Something"": Replication and an Agenda for Collective
   Action",3,4,"Queensland Univ Technol, Sch Advertising Mkt &amp;
   Publ Relat, Brisbane, Qld 4000, Australia.",Queensland Univ Technol," Sch Advertising Mkt &amp;
   Publ Relat", Brisbane,2
44,JOURNAL OF ADVERTISING,2016,6,1,How Researchers Respond to Replication Requests Revisited,2,2,"Auburn Univ, Raymond J Harbert Coll Business, Mkt,
   Auburn, AL 36849 USA.",Auburn Univ, Raymond J Harbert Coll Business, Mkt,1
45,JOURNAL OF ADVERTISING,2016,6,1,How Researchers Respond to Replication Requests Revisited,2,2,"Univ La Verne, Coll Business &amp; Publ Management, Mkt,
   La Verne, CA USA.",Univ La Verne, Coll Business &amp; Publ Management, Mkt,1
46,JOURNAL OF ADVERTISING,2016,6,1,"Redressing the Sleeper Effect: Evidence for the Favorable Persuasive
   Impact of Discounting Information Over Time in a Contemporary
   Advertising Context",3,3,"SUNY Alfred, Coll Technol, 10 Upper Coll Dr, Alfred,
   NY 14802 USA.",SUNY Alfred, Coll Technol, 10 Upper Coll Dr,1
47,JOURNAL OF ADVERTISING,2016,6,1,"Redressing the Sleeper Effect: Evidence for the Favorable Persuasive
   Impact of Discounting Information Over Time in a Contemporary
   Advertising Context",3,3,"Univ Manchester, Manchester Business Sch, Mkt Res,
   Manchester M13 9PL, Lancs, England.",Univ Manchester, Manchester Business Sch, Mkt Res,1
48,JOURNAL OF ADVERTISING,2016,6,1,"Redressing the Sleeper Effect: Evidence for the Favorable Persuasive
   Impact of Discounting Information Over Time in a Contemporary
   Advertising Context",3,3,"Univ Loughborough, Sch Business &amp; Econ, Mkt,
   Loughborough, Leics, England.",Univ Loughborough, Sch Business &amp; Econ, Mkt,1
49,JOURNAL OF ADVERTISING,2016,6,1,"Reinvestigating the Endorser by Product Matchup Hypothesis in
   Advertising",1,1,"Providence Coll, 103 Koffler Hall, Providence, RI
   02918 USA.",Providence Coll, 103 Koffler Hall, Providence,1
50,JOURNAL OF ADVERTISING,2016,6,1,"Understanding Graphic Pictorial Warnings in Advertising: A Replication
   and Extension",2,2,"Univ Arkansas, Sam M Walton Coll Business,
   Fayetteville, AR 72701 USA.",Univ Arkansas, Sam M Walton Coll Business,"
   Fayetteville",1
51,JOURNAL OF ADVERTISING,2016,6,1,"Understanding Graphic Pictorial Warnings in Advertising: A Replication
   and Extension",2,2,"Univ Arkansas, Sam M Walton Coll Business, Food &amp;
   Consumer Prod Retailing, Fayetteville, AR 72701 USA.",Univ Arkansas, Sam M Walton Coll Business," Food &amp;
   Consumer Prod Retailing",1
52,JOURNAL OF ADVERTISING,2016,6,1,"Language Choice in Advertising for Multinational Corporations and Local
   Firms: A Reinquiry Focusing on Monolinguals",2,2,"Natl Chengchi Univ, Coll Commun, Mkt, Taipei 11605,
   Taiwan.",Natl Chengchi Univ, Coll Commun, Mkt,1
53,JOURNAL OF ADVERTISING,2016,6,1,"Language Choice in Advertising for Multinational Corporations and Local
   Firms: A Reinquiry Focusing on Monolinguals",2,2,"Brock Univ, Goodman Sch Business, Mkt, St Catharines, ON
   L2S 3A1, Canada.",Brock Univ, Goodman Sch Business, Mkt,1
54,JOURNAL OF ADVERTISING,2016,6,1,"Effects of Music in Advertising: Three Experiments Replicating
   Single-Exposure Musical Conditioning of Consumer Choice (Gorn 1982) in
   an Individual Setting",1,2,"Vrije Univ Amsterdam, Fac Social
   Sci, Commun Sci, NL-1081 HV Amsterdam, Netherlands.",Vrije Univ Amsterdam," Fac Social
   Sci", Commun Sci,2
55,JOURNAL OF ADVERTISING,2016,6,1,"Toward an Understanding of Causality Between Advertising and Sales: New
   Evidence from a Multivariate Cointegrated System",3,4,"Auburn Univ, Dept Mkt, Mkt,
   Montgomery, AL 36117 USA.",Auburn Univ, Dept Mkt, Mkt,2
56,JOURNAL OF ADVERTISING,2016,6,1,"Toward an Understanding of Causality Between Advertising and Sales: New
   Evidence from a Multivariate Cointegrated System",3,4,"Univ Texas Austin, Stan Richards Sch Advertising &amp;
   Publ Relat, Commun, Austin, TX 78712 USA.",Univ Texas Austin," Stan Richards Sch Advertising &amp;
   Publ Relat", Commun,1
57,JOURNAL OF ADVERTISING,2016,6,1,"Toward an Understanding of Causality Between Advertising and Sales: New
   Evidence from a Multivariate Cointegrated System",3,4,"Louisiana Tech Univ, Dept Mkt &amp; Anal, Ruston, LA
   71270 USA.",Louisiana Tech Univ, Dept Mkt &amp; Anal, Ruston,1
58,JOURNAL OF ADVERTISING,2016,6,1,"Program-Ad Matching and Television Ad Effectiveness:A Reinquiry Using
   Facial Tracking Software",2,3,"Univ S Australia, Ehrenberg Bass Inst Mkt Sci,
   Adelaide, SA 5001, Australia.",Univ S Australia, Ehrenberg Bass Inst Mkt Sci,"
   Adelaide",1
59,JOURNAL OF ADVERTISING,2016,6,1,"Program-Ad Matching and Television Ad Effectiveness:A Reinquiry Using
   Facial Tracking Software",2,3,"MediaScience, Austin, TX USA.",MediaScience, Austin, TX USA.,2
60,JOURNAL OF ADVERTISING,2016,6,1,"Looking Beyond First-Person Effects (FPEs) in the Influence of Scarcity
   Appeals in Advertising: A Replication and Extension of Eisend (2008)",1,2,"Curtin Univ, Curtin Business Sch, Sch Mkt,
   Bentley, WA 6102, Australia.",Curtin Univ, Curtin Business Sch, Sch Mkt,2
61,JOURNAL OF ADVERTISING,2016,6,1,"Is Your Product Really Green? A Content Analysis to Reassess Green
   Advertising",2,3,"Florida Int Univ, Dept Advertising &amp; Publ Relat, North
   Miami, FL USA.",Florida Int Univ, Dept Advertising &amp; Publ Relat," North
   Miami",1
62,JOURNAL OF ADVERTISING,2016,6,1,"Is Your Product Really Green? A Content Analysis to Reassess Green
   Advertising",2,3,"Univ Miami, Sch Commun, Coral Gables,
   FL 33124 USA.",Univ Miami, Sch Commun, Coral Gables,2
63,JOURNAL OF ADVERTISING,2016,6,1,"African American Consumers' Evaluations of Ethnically Primed
   Advertisements",1,1,"Morgan State Univ, Dept Business Adm, Sch Business &amp;
   Management, Mkt, Baltimore, MD 21251 USA.",Morgan State Univ, Dept Business Adm," Sch Business &amp;
   Management",1
64,JOURNAL OF ADVERTISING,2016,6,1,Creative That Sells: How Advertising Execution Affects Sales,1,4,"Univ
   S Australia, Ehrenberg Bass Inst Mkt Sci, Adelaide, SA 5000, Australia.","Univ
   S Australia", Ehrenberg Bass Inst Mkt Sci, Adelaide,4
65,JOURNAL OF ADVERTISING,2016,6,1,"How Product-Plot Integration and Cognitive Load Affect Brand Attitude: A
   Replication",2,3,"NEOMA Business Sch, 59 Rue Pierre
   Taittinger BP 302, F-51061 Reims, France.",NEOMA Business Sch," 59 Rue Pierre
   Taittinger BP 302", F-51061 Reims,2
66,JOURNAL OF ADVERTISING,2016,6,1,"How Product-Plot Integration and Cognitive Load Affect Brand Attitude: A
   Replication",2,3,"Catholic Univ Lille, IESEG Sch Management, Lille,
   France.",Catholic Univ Lille, IESEG Sch Management, Lille,1
67,JOURNAL OF ADVERTISING,2016,6,1,"Reinquiry into Advertising Avoidance on the Internet: A Conceptual
   Replication and Extension",2,3,"Monash Univ, Fac Business &amp;
   Econ, Dept Mkt, Bldg S,Caulfield Campus,26 Sir John Monash Dr,
   Caulfield, Vic, Australia.",Monash Univ," Fac Business &amp;
   Econ", Dept Mkt,2
68,JOURNAL OF ADVERTISING,2016,6,1,"Reinquiry into Advertising Avoidance on the Internet: A Conceptual
   Replication and Extension",2,3,"Univ Sydney, Sch Business, Sydney, NSW
   2006, Australia.",Univ Sydney, Sch Business, Sydney,1
69,JOURNAL OF ADVERTISING,2016,6,1,"Brand Image Congruence Through Sponsorship of Sporting Events: A
   Reinquiry of Gwinner and Eaton (1999)",3,3,"Univ Missouri, Missouri Sch Journalism,
   Columbia, MO 65211 USA.",Univ Missouri, Missouri Sch Journalism,"
   Columbia",1
70,JOURNAL OF ADVERTISING,2016,6,1,"Brand Image Congruence Through Sponsorship of Sporting Events: A
   Reinquiry of Gwinner and Eaton (1999)",3,3,"Univ Missouri, Trulaske Coll Business, 445 Cornell
   Hall, Columbia, MO 65211 USA.",Univ Missouri, Trulaske Coll Business," 445 Cornell
   Hall",1
71,JOURNAL OF ADVERTISING,2016,6,1,"Brand Image Congruence Through Sponsorship of Sporting Events: A
   Reinquiry of Gwinner and Eaton (1999)",3,3,"So Methodist Univ, Temerlin Advertising Inst,
   Dallas, TX 75275 USA.",So Methodist Univ, Temerlin Advertising Inst,"
   Dallas",1
72,JOURNAL OF ADVERTISING,2016,6,1,"Advertising Budgeting: A Reinvestigation of the Evidence on Brand Size
   and Spend",1,4,"Univ S
   Australia, Ehrenberg Bass Inst, GPO Box 2471, Adelaide, SA 5001,
   Australia.","Univ S
   Australia", Ehrenberg Bass Inst, GPO Box 2471,4
73,JOURNAL OF ADVERTISING,2016,6,1,"Do Marketing Clients Really Get the Advertising They Deserve? The
   Trade-Off Between Strategy and Originality in Australian and New Zealand
   Agencies",3,4,"Univ Waikato, Waikato Management Sch,
   Dept Mkt, Hamilton, New Zealand.",Univ Waikato, Waikato Management Sch,"
   Dept Mkt",2
74,JOURNAL OF ADVERTISING,2016,6,1,"Do Marketing Clients Really Get the Advertising They Deserve? The
   Trade-Off Between Strategy and Originality in Australian and New Zealand
   Agencies",3,4,"Macquarie Univ, Fac Business &amp; Econ, Dept Mkt &amp;
   Management, Sydney, NSW 2109, Australia.",Macquarie Univ, Fac Business &amp; Econ," Dept Mkt &amp;
   Management",1
75,JOURNAL OF ADVERTISING,2016,6,1,"Do Marketing Clients Really Get the Advertising They Deserve? The
   Trade-Off Between Strategy and Originality in Australian and New Zealand
   Agencies",3,4,"Eastern Michigan Univ, Coll Business, Dept Mkt,
   Ypsilanti, MI 48197 USA.",Eastern Michigan Univ, Coll Business, Dept Mkt,1
76,JOURNAL OF ADVERTISING,2016,6,1,"Going Native: Effects of Disclosure Position and Language on the
   Recognition and Evaluation of Online Native Advertising",1,2,"Univ Georgia, Coll
   Journalism &amp; Mass Commun, Athens, GA 30602 USA.",Univ Georgia," Coll
   Journalism &amp; Mass Commun", Athens,2
77,JOURNAL OF ADVERTISING,2016,6,1,"Developing Persuasion Knowledge by Teaching Advertising Literacy in
   Primary School",1,1,"Univ Illinois, Charles H Sandage Dept Advertising,
   Coll Media, Advertising, Urbana, IL 61801 USA.",Univ Illinois, Charles H Sandage Dept Advertising,"
   Coll Media",1
78,JOURNAL OF ADVERTISING,2016,6,1,"Young Adolescents and Advertising on Social Network Games: A Structural
   Equation Model of Perceived Parental Media Mediation, Advertising
   Literacy, and Behavioral Intention",4,6,"Univ Antwerp, Res
   Grp Media &amp; ICT Organisat &amp; Soc, Fac Social Sci, Dept Commun Studies,
   B-2020 Antwerp, Belgium.",Univ Antwerp," Res
   Grp Media &amp; ICT Organisat &amp; Soc", Fac Social Sci,3
79,JOURNAL OF ADVERTISING,2016,6,1,"Young Adolescents and Advertising on Social Network Games: A Structural
   Equation Model of Perceived Parental Media Mediation, Advertising
   Literacy, and Behavioral Intention",4,6,"Res Fdn Flanders, Brussels, Belgium.",Res Fdn Flanders, Brussels, Belgium.,1
80,JOURNAL OF ADVERTISING,2016,6,1,"Young Adolescents and Advertising on Social Network Games: A Structural
   Equation Model of Perceived Parental Media Mediation, Advertising
   Literacy, and Behavioral Intention",4,6,"Univ Antwerp, Herman Deleeck Ctr Social Policy, Dept
   Sociol, Fac Social Sci, Brussels, Belgium.",Univ Antwerp, Herman Deleeck Ctr Social Policy," Dept
   Sociol",1
81,JOURNAL OF ADVERTISING,2016,6,1,"Young Adolescents and Advertising on Social Network Games: A Structural
   Equation Model of Perceived Parental Media Mediation, Advertising
   Literacy, and Behavioral Intention",4,6,"Higher Inst Family Sci, Brussels, Belgium.",Higher Inst Family Sci, Brussels, Belgium.,1
82,JOURNAL OF ADVERTISING,2016,6,1,"Don't Distract Me When I'm Media Multitasking:Toward a Theory for
   Raising Advertising Recall and Recognition",6,6,"Cardiff Business Sch, Mkt Res, Cardiff, S Glam, Wales.",Cardiff Business Sch, Mkt Res, Cardiff,1
83,JOURNAL OF ADVERTISING,2016,6,1,"Don't Distract Me When I'm Media Multitasking:Toward a Theory for
   Raising Advertising Recall and Recognition",6,6,"Newcastle Univ, Sch Business, Mkt, Newcastle Upon Tyne
   NE1 7RU, Tyne &amp; Wear, England.",Newcastle Univ, Sch Business, Mkt,1
84,JOURNAL OF ADVERTISING,2016,6,1,"Don't Distract Me When I'm Media Multitasking:Toward a Theory for
   Raising Advertising Recall and Recognition",6,6,"Newcastle Univ, Sch Business, Mkt Operat &amp; Syst
   Subject Grp, Newcastle Upon Tyne NE1 7RU, Tyne &amp; Wear, England.",Newcastle Univ, Sch Business," Mkt Operat &amp; Syst
   Subject Grp",1
85,JOURNAL OF ADVERTISING,2016,6,1,"Don't Distract Me When I'm Media Multitasking:Toward a Theory for
   Raising Advertising Recall and Recognition",6,6,"Tech Univ Munich, Econ, Freising Weihenstephan,
   Germany.",Tech Univ Munich, Econ, Freising Weihenstephan,1
86,JOURNAL OF ADVERTISING,2016,6,1,"Don't Distract Me When I'm Media Multitasking:Toward a Theory for
   Raising Advertising Recall and Recognition",6,6,"Cardiff Business Sch, Mkt, Cardiff, S Glam, Wales.",Cardiff Business Sch, Mkt, Cardiff,1
87,JOURNAL OF ADVERTISING,2016,6,1,"Don't Distract Me When I'm Media Multitasking:Toward a Theory for
   Raising Advertising Recall and Recognition",6,6,"Plymouth Business Sch, Mkt, Plymouth, Devon, England.",Plymouth Business Sch, Mkt, Plymouth,1
88,JOURNAL OF ADVERTISING,2016,6,1,"Taming the Blame Game: Using Promotion Programs to Counter Product-Harm
   Crises",2,2,"Univ Int Business &amp; Econ, UIBE Business Sch, Mkt, Beijing,
   Peoples R China.",Univ Int Business &amp; Econ, UIBE Business Sch, Mkt,1
89,JOURNAL OF ADVERTISING,2016,6,1,"Taming the Blame Game: Using Promotion Programs to Counter Product-Harm
   Crises",2,2,"Monash Univ, Monash Business Sch, Mkt, Caulfield, Vic,
   Australia.",Monash Univ, Monash Business Sch, Mkt,1
90,JOURNAL OF ADVERTISING,2016,6,1,"The Role of Attachment Style in Shaping Consumer Preferences for
   Products Shown in Advertisements that Depict Consensus Claims",1,1,"Baylor Univ, Hankamer Sch Business, Mkt, Waco, TX
   76798 USA.",Baylor Univ, Hankamer Sch Business, Mkt,1
91,JOURNAL OF ADVERTISING,2016,6,1,"Calling It Out: The Impact of National Identity on Consumer Response to
   Ads With a Patriotic Theme",3,4,"Gachon Univ, Coll Business &amp; Econ, Dept Global
   Business Adm, Mkt, Songnam, Gyeonggi Do, South Korea.",Gachon Univ, Coll Business &amp; Econ," Dept Global
   Business Adm",1
92,JOURNAL OF ADVERTISING,2016,6,1,"Calling It Out: The Impact of National Identity on Consumer Response to
   Ads With a Patriotic Theme",3,4,"Univ Texas Austin, Moody Coll Commun, Dept Advertising &amp;
   Publ Relat, Commun, Austin, TX 78712 USA.",Univ Texas Austin, Moody Coll Commun," Dept Advertising &amp;
   Publ Relat",1
93,JOURNAL OF ADVERTISING,2016,6,1,"Calling It Out: The Impact of National Identity on Consumer Response to
   Ads With a Patriotic Theme",3,4,"Univ Texas Austin, Moody Coll
   Commun, Dept Advertising &amp; Publ Relat, Advertising, Austin, TX 78712 USA.",Univ Texas Austin," Moody Coll
   Commun", Dept Advertising &amp; Publ Relat,2
94,JOURNAL OF ADVERTISING,2016,6,1,"Scarcity Appeals in Advertising: The Moderating Role of Expectation of
   Scarcity",3,3,"McGill Univ, Desautels Fac Management, Mkt,
   Montreal, PQ, Canada.",McGill Univ, Desautels Fac Management, Mkt,1
95,JOURNAL OF ADVERTISING,2016,6,1,"Scarcity Appeals in Advertising: The Moderating Role of Expectation of
   Scarcity",3,3,"McGill Univ, Desautels Fac Management, 1001
   Sherbrooke St West, Montreal, PQ H3A 1G5, Canada.",McGill Univ, Desautels Fac Management," 1001
   Sherbrooke St West",1
96,JOURNAL OF ADVERTISING,2016,6,1,"Scarcity Appeals in Advertising: The Moderating Role of Expectation of
   Scarcity",3,3,"Konkuk Univ, Sch Business, Mkt, Seoul, South Korea.",Konkuk Univ, Sch Business, Mkt,1
97,JOURNAL OF ADVERTISING,2016,6,1,"Research and Publishing in the Journal of Advertising: Making Theory
   Relevant",2,2,"Univ Memphis, Fogelman Coll Business &amp;
   Econ, Mkt, Memphis, TN 38152 USA.",Univ Memphis," Fogelman Coll Business &amp;
   Econ", Mkt,1
98,JOURNAL OF ADVERTISING,2016,6,1,"Research and Publishing in the Journal of Advertising: Making Theory
   Relevant",2,2,"Univ Memphis, Dept Mkt &amp; Supply Chain
   Management, Fogelman Coll Business &amp; Econ, 3675 Cent Ave,Off 302A,
   Memphis, TN 38152 USA.",Univ Memphis," Dept Mkt &amp; Supply Chain
   Management", Fogelman Coll Business &amp; Econ,1
99,JOURNAL OF ADVERTISING,2016,6,1,The Future of Advertising or Whatever We're Going to Call It,1,1,"Northwestern Univ, Serv Integrated Mkt Commun, Evanston,
   IL USA.",Northwestern Univ, Serv Integrated Mkt Commun, Evanston,1
100,JOURNAL OF ADVERTISING,2016,6,1,"Unlocking the Power of Integrated Marketing Communications: How
   Integrated Is Your IMC Program?",1,1,"Dartmouth Coll, Tuck Sch Business, Mkt, Hanover, NH
   03755 USA.",Dartmouth Coll, Tuck Sch Business, Mkt,1
101,JOURNAL OF ADVERTISING,2016,6,1,Conceptualizing the Evolution and Future of Advertising,2,2,"Georgia State Univ, J Mack Robinson Coll Business, Ctr
   Excellence Brand &amp; Customer Management, Atlanta, GA 30303 USA.",Georgia State Univ, J Mack Robinson Coll Business," Ctr
   Excellence Brand &amp; Customer Management",1
102,JOURNAL OF ADVERTISING,2016,6,1,Conceptualizing the Evolution and Future of Advertising,2,2,"Management Dev Inst, Mkt, Gurgaon, India.",Management Dev Inst, Mkt, Gurgaon,1
103,JOURNAL OF ADVERTISING,2016,6,1,"Mistaken Inferences from Advertising Conversations: A Modest Research
   Agenda",1,1,"Columbia Business Sch, Mkt, New York, NY USA.",Columbia Business Sch, Mkt, New York,1
104,JOURNAL OF ADVERTISING,2016,6,1,Living in Media and the Future of Advertising,1,1,"Univ Amsterdam, Media Studies, Amsterdam, Netherlands.",Univ Amsterdam, Media Studies, Amsterdam,1
105,JOURNAL OF ADVERTISING,2016,6,1,"If Advertising Won't Die, What Will It Be? Toward a Working Definition
   of Advertising",1,2,"Stockholm Sch Econ, Mkt, Stockholm,
   Sweden.",Stockholm Sch Econ, Mkt, Stockholm,2
106,JOURNAL OF ADVERTISING,2016,6,1,"Painting Your Point: The Role of Color in Firms' Strategic Responses to
   Product Failures via Advertising and Marketing Communications",4,4,"Lehigh Univ, Coll Business &amp; Econ, Mkt, Bethlehem, PA
   18015 USA.",Lehigh Univ, Coll Business &amp; Econ, Mkt,1
107,JOURNAL OF ADVERTISING,2016,6,1,"Painting Your Point: The Role of Color in Firms' Strategic Responses to
   Product Failures via Advertising and Marketing Communications",4,4,"Drexel Univ, LeBow Coll Business, Mkt, Philadelphia, PA
   19104 USA.",Drexel Univ, LeBow Coll Business, Mkt,1
108,JOURNAL OF ADVERTISING,2016,6,1,"Painting Your Point: The Role of Color in Firms' Strategic Responses to
   Product Failures via Advertising and Marketing Communications",4,4,"Texas A&amp;M Univ, Mays Business Sch, Mkt, College
   Stn, TX USA.",Texas A&amp;M Univ, Mays Business Sch, Mkt,1
109,JOURNAL OF ADVERTISING,2016,6,1,"Painting Your Point: The Role of Color in Firms' Strategic Responses to
   Product Failures via Advertising and Marketing Communications",4,4,"Monmouth Univ, Leon Hess Business Sch, Mkt, West
   Long Branch, NJ USA.",Monmouth Univ, Leon Hess Business Sch, Mkt,1
110,JOURNAL OF ADVERTISING,2016,6,1,"Examining the Impact of Brand Transgressions on Consumers' Perceptions
   of Celebrity Endorsers",2,2,"Towson Univ, Coll Business &amp; Econ, Dept Mkt, 8000
   York Rd, Towson, MD 21252 USA.",Towson Univ, Coll Business &amp; Econ, Dept Mkt,1
111,JOURNAL OF ADVERTISING,2016,6,1,"Examining the Impact of Brand Transgressions on Consumers' Perceptions
   of Celebrity Endorsers",2,2,"Youngstown State Univ, Warren P Williamson Jr Coll
   Business Adm, Dept Mkt, Youngstown, OH 44555 USA.",Youngstown State Univ," Warren P Williamson Jr Coll
   Business Adm", Dept Mkt,1
112,JOURNAL OF ADVERTISING,2016,6,1,The Underlying Mechanisms of Multiscreening Effects,2,3,"Univ Amsterdam, Amsterdam Sch Commun
   Res, Dept Commun Sci, Amsterdam, Netherlands.",Univ Amsterdam," Amsterdam Sch Commun
   Res", Dept Commun Sci,2
113,JOURNAL OF ADVERTISING,2016,6,1,The Underlying Mechanisms of Multiscreening Effects,2,3,"Univ Amsterdam, Amsterdam Sch Commun Res, Dept
   Commun Sci, Persuas Commun, Amsterdam, Netherlands.",Univ Amsterdam, Amsterdam Sch Commun Res," Dept
   Commun Sci",1
114,JOURNAL OF ADVERTISING,2016,6,1,"The Impact of Media Multitasking on the Cognitive and Attitudinal
   Responses to Television Commercials: The Moderating Role of Type of
   Advertising Appeal",2,4,"GfK Belgium, Business Expert, Leuven, Belgium.",GfK Belgium, Business Expert, Leuven,1
115,JOURNAL OF ADVERTISING,2016,6,1,"The Impact of Media Multitasking on the Cognitive and Attitudinal
   Responses to Television Commercials: The Moderating Role of Type of
   Advertising Appeal",2,4,"Univ Ghent,
   Dept Commun Sci, Ghent, Belgium.",Univ Ghent,"
   Dept Commun Sci", Ghent,3
116,JOURNAL OF ADVERTISING,2016,6,1,"Do Cold Images Cause Cold-Heartedness? The Impact of Visual Stimuli on
   the Effectiveness of Negative Emotional Charity Appeals",3,3,"Cleveland State Univ, Monte Ahuja Coll Business,
   Mkt, Cleveland, OH 44115 USA.",Cleveland State Univ, Monte Ahuja Coll Business,"
   Mkt",1
117,JOURNAL OF ADVERTISING,2016,6,1,"Do Cold Images Cause Cold-Heartedness? The Impact of Visual Stimuli on
   the Effectiveness of Negative Emotional Charity Appeals",3,3,"SUNY Coll Brockport, Coll Business, Mkt,
   Brockport, NY 14420 USA.",SUNY Coll Brockport, Coll Business, Mkt,1
118,JOURNAL OF ADVERTISING,2016,6,1,"Do Cold Images Cause Cold-Heartedness? The Impact of Visual Stimuli on
   the Effectiveness of Negative Emotional Charity Appeals",3,3,"Univ Kansas, Coll Business, Mkt, Lawrence, KS 66045
   USA.",Univ Kansas, Coll Business, Mkt,1
119,JOURNAL OF ADVERTISING,2016,6,1,"Nature Imagery in Non-Green Advertising: The Effects of Emotion,
   Autobiographical Memory, and Consumer's Green Traits",2,3,"Univ Basque Country UPV EHU, Fac
   Econ &amp; Business Adm, Mkt, Bilbao, Spain.",Univ Basque Country UPV EHU," Fac
   Econ &amp; Business Adm", Mkt,2
120,JOURNAL OF ADVERTISING,2016,6,1,"Nature Imagery in Non-Green Advertising: The Effects of Emotion,
   Autobiographical Memory, and Consumer's Green Traits",2,3,"European Univ Viadrina, Fac Business Adm &amp; Econ, Mkt,
   Frankfurt, Germany.",European Univ Viadrina, Fac Business Adm &amp; Econ, Mkt,1
121,JOURNAL OF ADVERTISING,2016,6,1,"Green Demarketing in Advertisements: Comparing ""Buy Green"" and ""Buy
   Less"" Appeals in Product and Institutional Advertising Contexts",2,2,"Univ Oregon, Lundquist Coll Business, Mkt, Eugene,
   OR 97403 USA.",Univ Oregon, Lundquist Coll Business, Mkt,1
122,JOURNAL OF ADVERTISING,2016,6,1,"Green Demarketing in Advertisements: Comparing ""Buy Green"" and ""Buy
   Less"" Appeals in Product and Institutional Advertising Contexts",2,2,"Western Washington Univ, Coll Business &amp;
   Econ, Mkt, Bellingham, WA 98225 USA.",Western Washington Univ," Coll Business &amp;
   Econ", Mkt,1
123,JOURNAL OF ADVERTISING,2016,6,1,"Effective Luxury-Brand Advertising: The ES-IF Matching (Entity-Symbolic
   Versus Incremental-Functional) Model",3,3,"Baylor Univ, Hankamer Sch Business, Mkt, Waco, TX 76798
   USA.",Baylor Univ, Hankamer Sch Business, Mkt,1
124,JOURNAL OF ADVERTISING,2016,6,1,"Effective Luxury-Brand Advertising: The ES-IF Matching (Entity-Symbolic
   Versus Incremental-Functional) Model",3,3,"Univ Auckland, Sch Business, Mkt, Auckland, New Zealand.",Univ Auckland, Sch Business, Mkt,1
125,JOURNAL OF ADVERTISING,2016,6,1,"Effective Luxury-Brand Advertising: The ES-IF Matching (Entity-Symbolic
   Versus Incremental-Functional) Model",3,3,"Hankuk Univ Foreign Studies, Coll Business, Mkt, Seoul,
   South Korea.",Hankuk Univ Foreign Studies, Coll Business, Mkt,1
126,JOURNAL OF ADVERTISING,2016,6,1,"The Role of Implicit Theories in Evaluations of ""Plus-Size"" Advertising",1,2,"Univ Mississippi, Coll Business,
   Mkt, University, MS 38677 USA.",Univ Mississippi, Coll Business,"
   Mkt",2
127,JOURNAL OF ADVERTISING,2016,6,1,"Local or Global Image? The Role of Consumers' Local-Global Identity in
   Code-Switched Ad Effectiveness Among Monolinguals",2,2,"Natl Chengchi Univ, Coll Commun, Mkt, Taipei, Taiwan.",Natl Chengchi Univ, Coll Commun, Mkt,1
128,JOURNAL OF ADVERTISING,2016,6,1,"Local or Global Image? The Role of Consumers' Local-Global Identity in
   Code-Switched Ad Effectiveness Among Monolinguals",2,2,"Brock Univ, Goodman Sch Business, Mkt, St Catharines, ON,
   Canada.",Brock Univ, Goodman Sch Business, Mkt,1
129,JOURNAL OF ADVERTISING,2016,6,1,"Happily Ever After: How Ending Valence Influences Narrative Persuasion
   in Cautionary Stories",2,2,"Hofstra Univ, Frank G Zarb Sch Business, Mkt &amp; Int
   Business, Hempstead, NY 11550 USA.",Hofstra Univ, Frank G Zarb Sch Business," Mkt &amp; Int
   Business",1
130,JOURNAL OF ADVERTISING,2016,6,1,"Happily Ever After: How Ending Valence Influences Narrative Persuasion
   in Cautionary Stories",2,2,"Virginia Tech, Pamplin Coll Business, Mkt, Blacksburg,
   VA USA.",Virginia Tech, Pamplin Coll Business, Mkt,1
131,JOURNAL OF ADVERTISING,2016,6,1,"Insidious Effects of Syntactic Complexity: Are Ads Targeting Older
   Adults Too Complex to Remember?",5,5,"Oklahoma Tax Commiss, Norman, OK USA.",Oklahoma Tax Commiss, Norman, OK USA.,1
132,JOURNAL OF ADVERTISING,2016,6,1,"Insidious Effects of Syntactic Complexity: Are Ads Targeting Older
   Adults Too Complex to Remember?",5,5,"Univ Kansas, Sch Business, Mkt, Lawrence, KS 66045 USA.",Univ Kansas, Sch Business, Mkt,1
133,JOURNAL OF ADVERTISING,2016,6,1,"Insidious Effects of Syntactic Complexity: Are Ads Targeting Older
   Adults Too Complex to Remember?",5,5,"Univ Cent Florida, Coll Business Adm, Mkt, Orlando, FL 32816
   USA.",Univ Cent Florida, Coll Business Adm, Mkt,1
134,JOURNAL OF ADVERTISING,2016,6,1,"Insidious Effects of Syntactic Complexity: Are Ads Targeting Older
   Adults Too Complex to Remember?",5,5,"Univ Kansas, Sch Business, Business, Lawrence, KS
   USA.",Univ Kansas, Sch Business, Business,1
135,JOURNAL OF ADVERTISING,2016,6,1,"Insidious Effects of Syntactic Complexity: Are Ads Targeting Older
   Adults Too Complex to Remember?",5,5,"Univ Kansas, Sch Med, Hlth Policy &amp; Management,
   Lawrence, KS USA.",Univ Kansas, Sch Med, Hlth Policy &amp; Management,1
136,JOURNAL OF ADVERTISING,2017,6,1,"Methodological Issues in Advertising Research: Current Status, Shifts,
   and Trends",1,1,"Natl Chengchi Univ, Taipei, Taiwan.",Natl Chengchi Univ, Taipei, Taiwan.,1
137,JOURNAL OF ADVERTISING,2017,6,1,Meta-Analysis in Advertising Research,1,1,"European Univ Viadrina, Mkt, Frankfurt, Oder, Germany.",European Univ Viadrina, Mkt, Frankfurt,1
138,JOURNAL OF ADVERTISING,2017,6,1,Qualitative Research in Advertising,1,1,"York Univ, Schulich Sch Business, Mkt, Toronto, ON,
   Canada.",York Univ, Schulich Sch Business, Mkt,1
139,JOURNAL OF ADVERTISING,2017,6,1,Online Focus Groups,4,4,"Loyola Marymount Univ, Mkt &amp; Business Law, 1 LMU Dr,
   Los Angeles, CA 90045 USA.",Loyola Marymount Univ, Mkt &amp; Business Law, 1 LMU Dr,1
140,JOURNAL OF ADVERTISING,2017,6,1,Online Focus Groups,4,4,"Natl Univ Singapore, Sch Business, UCLA NUS Execut
   MBA Program, Singapore, Singapore.",Natl Univ Singapore, Sch Business," UCLA NUS Execut
   MBA Program",1
141,JOURNAL OF ADVERTISING,2017,6,1,Online Focus Groups,4,4,"Natl Univ Singapore, Sch Business, APEX MBA English
   Program, Singapore, Singapore.",Natl Univ Singapore, Sch Business," APEX MBA English
   Program",1
142,JOURNAL OF ADVERTISING,2017,6,1,Online Focus Groups,4,4,"Natl Univ Singapore, Sch Business, Mkt, Singapore,
   Singapore.",Natl Univ Singapore, Sch Business, Mkt,1
143,JOURNAL OF ADVERTISING,2017,6,1,Navigating the Complexities of Grounded Theory Research in Advertising,1,1,"Univ Birmingham, Birmingham Business Sch, Dept
   Mkt, Mkt, Birmingham, W Midlands, England.",Univ Birmingham, Birmingham Business Sch," Dept
   Mkt",1
144,JOURNAL OF ADVERTISING,2017,6,1,Methodological Guidelines for Advertising Research,2,2,"Univ Wollongong, Fac Business, Mkt, Wollongong, NSW,
   Australia.",Univ Wollongong, Fac Business, Mkt,1
145,JOURNAL OF ADVERTISING,2017,6,1,Methodological Guidelines for Advertising Research,2,2,"Copenhagen Business Sch, Mkt, Frederiksberg, Denmark.",Copenhagen Business Sch, Mkt, Frederiksberg,1
146,JOURNAL OF ADVERTISING,2017,6,1,"Planning and Conducting Experimental Advertising Research and
   Questionnaire Design",3,3,"Univ Ghent, Fac Econ &amp; Business Adm, Mkt, Ghent,
   Belgium.",Univ Ghent, Fac Econ &amp; Business Adm, Mkt,1
147,JOURNAL OF ADVERTISING,2017,6,1,"Planning and Conducting Experimental Advertising Research and
   Questionnaire Design",3,3,"Univ Antwerp, Fac Appl Econ, Mkt, Antwerp,
   Belgium.",Univ Antwerp, Fac Appl Econ, Mkt,1
148,JOURNAL OF ADVERTISING,2017,6,1,"Planning and Conducting Experimental Advertising Research and
   Questionnaire Design",3,3,"Univ Ghent, Ghent, Belgium.",Univ Ghent, Ghent, Belgium.,1
149,JOURNAL OF ADVERTISING,2017,6,1,A Practical Guide to Experimental Advertising Research,2,3,"Univ Illinois, Coll Media,
   Advertising, 810 S Wright St,MC 462, Urbana, IL 61801 USA.",Univ Illinois, Coll Media,"
   Advertising",2
150,JOURNAL OF ADVERTISING,2017,6,1,A Practical Guide to Experimental Advertising Research,2,3,"Univ Minnesota, Sch Journalism &amp; Mass Commun, Mass
   Commun, Minneapolis, MN USA.",Univ Minnesota, Sch Journalism &amp; Mass Commun," Mass
   Commun",1
151,JOURNAL OF ADVERTISING,2017,6,1,"Methodological Issues in Cross-Linguistic and Multilingual Advertising
   Research",3,3,"Univ Ghent, Dept Personnel Management Work &amp; Org
   Psychol, Market Res, Ghent, Belgium.",Univ Ghent," Dept Personnel Management Work &amp; Org
   Psychol", Market Res,1
152,JOURNAL OF ADVERTISING,2017,6,1,"Methodological Issues in Cross-Linguistic and Multilingual Advertising
   Research",3,3,"Erasmus Univ, Rotterdam Sch Management, Mkt,
   Rotterdam, Netherlands.",Erasmus Univ, Rotterdam Sch Management, Mkt,1
153,JOURNAL OF ADVERTISING,2017,6,1,"Methodological Issues in Cross-Linguistic and Multilingual Advertising
   Research",3,3,"Penn State Univ, Smeal Coll Business, Dept Mkt, Mkt,
   University Pk, PA 16802 USA.",Penn State Univ, Smeal Coll Business, Dept Mkt,1
154,JOURNAL OF ADVERTISING,2017,6,1,Construct Measurement in Advertising Research,2,2,"Univ Teknol Brunei, Mkt, Bandar Seri Begawan, Brunei.",Univ Teknol Brunei, Mkt, Bandar Seri Begawan,1
155,JOURNAL OF ADVERTISING,2017,6,1,Construct Measurement in Advertising Research,2,2,"Berg Univ Wuppertal, Schumpeter Sch Business &amp; Econ,
   Mkt, Wuppertal, Germany.",Berg Univ Wuppertal, Schumpeter Sch Business &amp; Econ,"
   Mkt",1
156,JOURNAL OF ADVERTISING,2017,6,1,"An Analysis of Data Quality: Professional Panels, Student Subject Pools,
   and Amazon's Mechanical Turk",4,4,"Villanova Univ, Sch Business, Dept Mkt, 800 Lancaster
   Ave,Bartley Hall,Room 3006, Villanova, PA 19085 USA.",Villanova Univ, Sch Business, Dept Mkt,1
157,JOURNAL OF ADVERTISING,2017,6,1,"An Analysis of Data Quality: Professional Panels, Student Subject Pools,
   and Amazon's Mechanical Turk",4,4,"Univ Arkansas, Dept Mkt, Sam M Walton Coll
   Business, Fayetteville, AR 72701 USA.",Univ Arkansas, Dept Mkt," Sam M Walton Coll
   Business",1
158,JOURNAL OF ADVERTISING,2017,6,1,"An Analysis of Data Quality: Professional Panels, Student Subject Pools,
   and Amazon's Mechanical Turk",4,4,"Univ Arkansas, Dept Mkt, Sam M Walton Coll Business, Food
   &amp; Consumer Prod Retailing, Fayetteville, AR 72701 USA.",Univ Arkansas, Dept Mkt, Sam M Walton Coll Business,1
159,JOURNAL OF ADVERTISING,2017,6,1,"An Analysis of Data Quality: Professional Panels, Student Subject Pools,
   and Amazon's Mechanical Turk",4,4,"Univ Oregon, Sch Journalism &amp; Commun, Eugene, OR 97403
   USA.",Univ Oregon, Sch Journalism &amp; Commun, Eugene,1
160,JOURNAL OF ADVERTISING,2017,6,1,"Bridging Design and Behavioral Research With Variance-Based Structural
   Equation Modeling",3,3,"Univ Twente, Prod Market Relat, Enschede, Netherlands.",Univ Twente, Prod Market Relat, Enschede,1
161,JOURNAL OF ADVERTISING,2017,6,1,"Bridging Design and Behavioral Research With Variance-Based Structural
   Equation Modeling",3,3,"Univ Twente, Fac Engn Technol, Dept Design Prod &amp;
   Management, Enschede, Netherlands.",Univ Twente, Fac Engn Technol," Dept Design Prod &amp;
   Management",1
162,JOURNAL OF ADVERTISING,2017,6,1,"Bridging Design and Behavioral Research With Variance-Based Structural
   Equation Modeling",3,3,"Univ Nova Lisboa, Nova Informat Management Sch, Lisbon,
   Portugal.",Univ Nova Lisboa, Nova Informat Management Sch, Lisbon,1
163,JOURNAL OF ADVERTISING,2017,6,1,"Common Method Variance in Advertising Research: When to Be Concerned and
   How to Control for It",4,4,"Georgia Inst Technol, Georgia Tech CIBER, Atlanta,
   GA 30308 USA.",Georgia Inst Technol, Georgia Tech CIBER, Atlanta,1
164,JOURNAL OF ADVERTISING,2017,6,1,"Common Method Variance in Advertising Research: When to Be Concerned and
   How to Control for It",4,4,"Georgia Inst Technol, Scheller Coll Business, 800
   West Peachtree St NW, Atlanta, GA 30308 USA.",Georgia Inst Technol, Scheller Coll Business," 800
   West Peachtree St NW",1
165,JOURNAL OF ADVERTISING,2017,6,1,"Common Method Variance in Advertising Research: When to Be Concerned and
   How to Control for It",4,4,"Georgia Gwinnett Coll, Sch Business, Mkt,
   Lawrenceville, GA USA.",Georgia Gwinnett Coll, Sch Business, Mkt,1
166,JOURNAL OF ADVERTISING,2017,6,1,"Common Method Variance in Advertising Research: When to Be Concerned and
   How to Control for It",4,4,"Univ Missouri, Robert J Trulaske Sr Coll Business,
   Mkt, Columbia, MO USA.",Univ Missouri, Robert J Trulaske Sr Coll Business,"
   Mkt",1
167,JOURNAL OF ADVERTISING,2017,6,1,"A Primer on Using Behavioral Data for Testing Theories in Advertising
   Research",4,4,"Old Dominion Univ, Strome Coll Business, Mkt,
   Norfolk, VA USA.",Old Dominion Univ, Strome Coll Business, Mkt,1
168,JOURNAL OF ADVERTISING,2017,6,1,"A Primer on Using Behavioral Data for Testing Theories in Advertising
   Research",4,4,"Northwestern Univ, Integrated Mkt Commun, 1870
   Campus Dr, Evanston, IL 60208 USA.",Northwestern Univ, Integrated Mkt Commun," 1870
   Campus Dr",1
169,JOURNAL OF ADVERTISING,2017,6,1,"A Primer on Using Behavioral Data for Testing Theories in Advertising
   Research",4,4,"Northwestern Univ, Ind Engn &amp; Management Sci,
   1870 Campus Dr, Evanston, IL 60208 USA.",Northwestern Univ, Ind Engn &amp; Management Sci,"
   1870 Campus Dr",1
170,JOURNAL OF ADVERTISING,2017,6,1,"A Primer on Using Behavioral Data for Testing Theories in Advertising
   Research",4,4,"Northwestern Univ, Spiegel Ctr Digital &amp; Database
   Mkt, 1870 Campus Dr, Evanston, IL 60208 USA.",Northwestern Univ," Spiegel Ctr Digital &amp; Database
   Mkt", 1870 Campus Dr,1
171,JOURNAL OF ADVERTISING,2017,6,1,Opportunities for and Pitfalls of Using Big Data in Advertising Research,5,5,"Northwestern Univ, Integrated Mkt Commun,
   Evanston, IL USA.",Northwestern Univ, Integrated Mkt Commun,"
   Evanston",1
172,JOURNAL OF ADVERTISING,2017,6,1,Opportunities for and Pitfalls of Using Big Data in Advertising Research,5,5,"Northwestern Univ, Ind Engn &amp; Management Sci,
   Evanston, IL USA.",Northwestern Univ, Ind Engn &amp; Management Sci,"
   Evanston",1
173,JOURNAL OF ADVERTISING,2017,6,1,Opportunities for and Pitfalls of Using Big Data in Advertising Research,5,5,"Northwestern Univ, Spiegel Ctr Digital &amp; Database
   Mkt, 1870 Campus Dr, Evanston, IL 60208 USA.",Northwestern Univ," Spiegel Ctr Digital &amp; Database
   Mkt", 1870 Campus Dr,1
174,JOURNAL OF ADVERTISING,2017,6,1,Opportunities for and Pitfalls of Using Big Data in Advertising Research,5,5,"Michigan State Univ, Advertising, E Lansing, MI 48824 USA.",Michigan State Univ, Advertising, E Lansing,1
175,JOURNAL OF ADVERTISING,2017,6,1,Opportunities for and Pitfalls of Using Big Data in Advertising Research,5,5,"Michigan State Univ, Ctr Business &amp; Social Analyt, E
   Lansing, MI 48824 USA.",Michigan State Univ, Ctr Business &amp; Social Analyt," E
   Lansing",1
176,JOURNAL OF ADVERTISING,2017,6,1,An Investigation of Brand-Related User-Generated Content on Twitter,3,3,"Rowan Univ, Mkt, William G Rohrer Coll Business, Glassboro,
   NJ USA.",Rowan Univ, Mkt, William G Rohrer Coll Business,1
177,JOURNAL OF ADVERTISING,2017,6,1,An Investigation of Brand-Related User-Generated Content on Twitter,3,3,"Louisiana State Univ, Mkt, EJ Ourso Coll Business,
   Baton Rouge, LA 70803 USA.",Louisiana State Univ, Mkt, EJ Ourso Coll Business,1
178,JOURNAL OF ADVERTISING,2017,6,1,An Investigation of Brand-Related User-Generated Content on Twitter,3,3,"MMY Digital, Cherry Hill, NJ USA.",MMY Digital, Cherry Hill, NJ USA.,1
179,JOURNAL OF ADVERTISING,2017,6,1,"Cross-Industrial User Channel Preferences on the Path to Online
   Purchase: Homogeneous, Heterogeneous, or Mixed?",2,3,"Swiss Fed Inst Technol
   Zurich, Zurich, Switzerland.","Swiss Fed Inst Technol
   Zurich", Zurich, Switzerland.,2
180,JOURNAL OF ADVERTISING,2017,6,1,"Cross-Industrial User Channel Preferences on the Path to Online
   Purchase: Homogeneous, Heterogeneous, or Mixed?",2,3,"Univ St Gallen, St Gallen, Switzerland.",Univ St Gallen, St Gallen, Switzerland.,1
181,JOURNAL OF ADVERTISING,2017,6,1,"Development of Trust Scores in Social Media (TSM) Algorithm and
   Application to Advertising Practice and Research",3,4,"Univ Minnesota, Minneapolis, MN USA.",Univ Minnesota, Minneapolis, MN USA.,1
182,JOURNAL OF ADVERTISING,2017,6,1,"Development of Trust Scores in Social Media (TSM) Algorithm and
   Application to Advertising Practice and Research",3,4,"Univ Minnesota, Sch Journalism &amp; Mass
   Commun, 206 Church St SE,Murphy Hall 338, Minneapolis, MN USA.",Univ Minnesota," Sch Journalism &amp; Mass
   Commun", 206 Church St SE,2
183,JOURNAL OF ADVERTISING,2017,6,1,"Development of Trust Scores in Social Media (TSM) Algorithm and
   Application to Advertising Practice and Research",3,4,"Univ Minnesota, Dept Comp Sci &amp; Engn, Minneapolis,
   MN USA.",Univ Minnesota, Dept Comp Sci &amp; Engn, Minneapolis,1
184,JOURNAL OF ADVERTISING,2017,6,1,Why Narrative Ads Work: An Integrated Process Explanation,3,3,"Southern Methodist Univ, Advertising, Temerlin
   Advertising Inst, Meadows Sch Arts, Dallas, TX USA.",Southern Methodist Univ, Advertising," Temerlin
   Advertising Inst",1
185,JOURNAL OF ADVERTISING,2017,6,1,Why Narrative Ads Work: An Integrated Process Explanation,3,3,"Univ Missouri, Robert J Trulaske Sr Coll Business, Mkt,
   Columbia, MO USA.",Univ Missouri, Robert J Trulaske Sr Coll Business, Mkt,1
186,JOURNAL OF ADVERTISING,2017,6,1,Why Narrative Ads Work: An Integrated Process Explanation,3,3,"Michigan State Univ, Coll Commun Art &amp; Sci, Lansing,
   MI USA.",Michigan State Univ, Coll Commun Art &amp; Sci, Lansing,1
187,JOURNAL OF ADVERTISING,2017,6,1,"Connecting With Celebrities: How Consumers Appropriate Celebrity
   Meanings for a Sense of Belonging",2,2,"Vanderbilt Univ, Owen Grad Sch Management,
   Management, Nashville, TN USA.",Vanderbilt Univ, Owen Grad Sch Management,"
   Management",1
188,JOURNAL OF ADVERTISING,2017,6,1,"Connecting With Celebrities: How Consumers Appropriate Celebrity
   Meanings for a Sense of Belonging",2,2,"Duke Univ, Fuqua Sch Business, Durham, NC 27706 USA.",Duke Univ, Fuqua Sch Business, Durham,1
189,JOURNAL OF ADVERTISING,2017,6,1,"Knowledge Flows Between Advertising and Other Disciplines: A Social
   Exchange Perspective",2,4,"Univ Illinois, Dept Advertising,
   Advertising, Urbana, IL USA.",Univ Illinois, Dept Advertising,"
   Advertising",2
190,JOURNAL OF ADVERTISING,2017,6,1,"Knowledge Flows Between Advertising and Other Disciplines: A Social
   Exchange Perspective",2,4,"Univ Illinois, Dept Advertising,
   Urbana, IL USA.",Univ Illinois, Dept Advertising,"
   Urbana",2
191,JOURNAL OF ADVERTISING,2017,6,1,"Shedding New Light on How Advertising Literacy Can Affect Children's
   Processing of Embedded Advertising Formats: A Future Research Agenda",5,6,"Univ Ghent, Mkt Commun, Dept
   Commun Sci, Ghent, Belgium.",Univ Ghent, Mkt Commun," Dept
   Commun Sci",2
192,JOURNAL OF ADVERTISING,2017,6,1,"Shedding New Light on How Advertising Literacy Can Affect Children's
   Processing of Embedded Advertising Formats: A Future Research Agenda",5,6,"Univ Ghent, Dept Commun Sci, Ghent, Belgium.",Univ Ghent, Dept Commun Sci, Ghent,1
193,JOURNAL OF ADVERTISING,2017,6,1,"Shedding New Light on How Advertising Literacy Can Affect Children's
   Processing of Embedded Advertising Formats: A Future Research Agenda",5,6,"Artevelde Hgsk, Dept Mkt, Mkt, Ghent, Belgium.",Artevelde Hgsk, Dept Mkt, Mkt,1
194,JOURNAL OF ADVERTISING,2017,6,1,"Shedding New Light on How Advertising Literacy Can Affect Children's
   Processing of Embedded Advertising Formats: A Future Research Agenda",5,6,"Antwerp Univ, Dept Commun Sci, Antwerp, Belgium.",Antwerp Univ, Dept Commun Sci, Antwerp,1
195,JOURNAL OF ADVERTISING,2017,6,1,"Shedding New Light on How Advertising Literacy Can Affect Children's
   Processing of Embedded Advertising Formats: A Future Research Agenda",5,6,"Radboud Univ Nijmegen, Dept Commun Sci, Mkt Commun,
   Nijmegen, Netherlands.",Radboud Univ Nijmegen, Dept Commun Sci, Mkt Commun,1
196,JOURNAL OF ADVERTISING,2017,6,1,Understanding Why Consumers Don't Skip Pre-Roll Video Ads,3,4,"Kent State Univ, Dept Mkt &amp;
   Entrepreneurship, 475 Terrace Dr, Kent, OH 44242 USA.",Kent State Univ," Dept Mkt &amp;
   Entrepreneurship", 475 Terrace Dr,2
197,JOURNAL OF ADVERTISING,2017,6,1,Understanding Why Consumers Don't Skip Pre-Roll Video Ads,3,4,"Univ Amsterdam, Mkt, Amsterdam, Netherlands.",Univ Amsterdam, Mkt, Amsterdam,1
198,JOURNAL OF ADVERTISING,2017,6,1,Understanding Why Consumers Don't Skip Pre-Roll Video Ads,3,4,"Cent Michigan Univ, Dept Mkt &amp; Hospitality Serv Adm, Mt
   Pleasant, MI 48859 USA.",Cent Michigan Univ, Dept Mkt &amp; Hospitality Serv Adm," Mt
   Pleasant",1
199,JOURNAL OF ADVERTISING,2017,6,1,"The Strategic Use of Contextual and Competitive Interference to
   Influence Brand-Attribute Associations",3,3,"Youngstown State Univ, Dept Mkt, One Univ
   Plaza,3347 Williamson Coll Business Adm, Youngstown, OH 44555 USA.",Youngstown State Univ, Dept Mkt," One Univ
   Plaza",1
200,JOURNAL OF ADVERTISING,2017,6,1,"The Strategic Use of Contextual and Competitive Interference to
   Influence Brand-Attribute Associations",3,3,"Kent State Univ, Mkt, Dept Mkt &amp; Entrepreneurship,
   Coll Business Adm, Kent, OH 44242 USA.",Kent State Univ, Mkt, Dept Mkt &amp; Entrepreneurship,1
201,JOURNAL OF ADVERTISING,2017,6,1,"The Strategic Use of Contextual and Competitive Interference to
   Influence Brand-Attribute Associations",3,3,"Kent State Univ, Business Adm Mkt, Kent, OH 44242
   USA.",Kent State Univ, Business Adm Mkt, Kent,1
202,JOURNAL OF ADVERTISING,2017,6,1,Guilt and Shame: Environmental Message Framing Effects,2,2,"Univ Kentucky, Dept Integrated Strateg Commun, Coll
   Commun &amp; Informat, 144 Grehan Bldg, Lexington, KY 40506 USA.",Univ Kentucky, Dept Integrated Strateg Commun," Coll
   Commun &amp; Informat",1
203,JOURNAL OF ADVERTISING,2017,6,1,Guilt and Shame: Environmental Message Framing Effects,2,2,"Bryant Univ, Dept Mkt, Coll Business, Smithfield, RI USA.",Bryant Univ, Dept Mkt, Coll Business,1
204,JOURNAL OF ADVERTISING,2017,6,1,How Related Multiscreening Could Positively Affect Advertising Outcomes,3,4,"Univ Amsterdam, Amsterdam Sch Commun Res, Amsterdam,
   Netherlands.",Univ Amsterdam, Amsterdam Sch Commun Res, Amsterdam,1
205,JOURNAL OF ADVERTISING,2017,6,1,How Related Multiscreening Could Positively Affect Advertising Outcomes,3,4,"Univ Minnesota Twin Cities, Hubbard Sch Journalism &amp;
   Mass Commun, 206 Church St SE,111 Murphy Hall, Minneapolis, MN 55455 USA.",Univ Minnesota Twin Cities," Hubbard Sch Journalism &amp;
   Mass Commun", 206 Church St SE,1
206,JOURNAL OF ADVERTISING,2017,6,1,How Related Multiscreening Could Positively Affect Advertising Outcomes,3,4,"Univ Amsterdam, Amsterdam Sch
   Commun Res, Dept Commun Sci, Amsterdam, Netherlands.",Univ Amsterdam," Amsterdam Sch
   Commun Res", Dept Commun Sci,2
207,JOURNAL OF ADVERTISING,2017,6,1,"The Mind-Set to Share: An Exploration of Antecedents of Narrowcasting
   Versus Broadcasting in Digital Advertising",8,8,"Bowling Green State Univ, Sch Media &amp; Commun, Bowling
   Green, OH 43403 USA.",Bowling Green State Univ, Sch Media &amp; Commun," Bowling
   Green",1
208,JOURNAL OF ADVERTISING,2017,6,1,"The Mind-Set to Share: An Exploration of Antecedents of Narrowcasting
   Versus Broadcasting in Digital Advertising",8,8,"Calif State Univ Hayward, Coll Business &amp; Econ, Mkt, Hayward,
   CA 94542 USA.",Calif State Univ Hayward, Coll Business &amp; Econ, Mkt,1
209,JOURNAL OF ADVERTISING,2017,6,1,"The Mind-Set to Share: An Exploration of Antecedents of Narrowcasting
   Versus Broadcasting in Digital Advertising",8,8,"Univ Hawaii Manoa, Shidler Coll Business, Acad Affairs,
   Honolulu, HI 96822 USA.",Univ Hawaii Manoa, Shidler Coll Business, Acad Affairs,1
210,JOURNAL OF ADVERTISING,2017,6,1,"The Mind-Set to Share: An Exploration of Antecedents of Narrowcasting
   Versus Broadcasting in Digital Advertising",8,8,"Univ Hawaii Manoa, Shidler Coll Business, Honolulu, HI
   96822 USA.",Univ Hawaii Manoa, Shidler Coll Business, Honolulu,1
211,JOURNAL OF ADVERTISING,2017,6,1,"The Mind-Set to Share: An Exploration of Antecedents of Narrowcasting
   Versus Broadcasting in Digital Advertising",8,8,"Univ Elect Sci &amp; Technol China, Sch Management &amp; Econ, Mkt,
   Chengdu, Sichuan, Peoples R China.",Univ Elect Sci &amp; Technol China, Sch Management &amp; Econ, Mkt,1
212,JOURNAL OF ADVERTISING,2017,6,1,"The Mind-Set to Share: An Exploration of Antecedents of Narrowcasting
   Versus Broadcasting in Digital Advertising",8,8,"Fudan Univ, Sch Journalism, Advertising, Shanghai, Peoples R
   China.",Fudan Univ, Sch Journalism, Advertising,1
213,JOURNAL OF ADVERTISING,2017,6,1,"The Mind-Set to Share: An Exploration of Antecedents of Narrowcasting
   Versus Broadcasting in Digital Advertising",8,8,"Univ Illinois, Coll Media, Advertising, Urbana, IL USA.",Univ Illinois, Coll Media, Advertising,1
214,JOURNAL OF ADVERTISING,2017,6,1,"The Mind-Set to Share: An Exploration of Antecedents of Narrowcasting
   Versus Broadcasting in Digital Advertising",8,8,"Univ Illinois, Coll Media, Grad Studies, Advertising,
   Urbana, IL USA.",Univ Illinois, Coll Media, Grad Studies,1
215,JOURNAL OF ADVERTISING,2017,6,1,"A Metacognitive Model of the Effects of Susceptibility to Persuasion
   Self-Beliefs on Advertising Effects",1,1,"Natl Chengchi Univ, Dept Advertising, 64,Sect 2,Zhi
   Nan Rd, Taipei 11605, Taiwan.",Natl Chengchi Univ, Dept Advertising, 64,1
216,JOURNAL OF ADVERTISING,2017,6,1,Restricted Visions of Multiracial Identity in Advertising,3,3,"Western Michigan Univ, Haworth Coll Business, Mkt,
   Kalamazoo, MI 49008 USA.",Western Michigan Univ, Haworth Coll Business, Mkt,1
217,JOURNAL OF ADVERTISING,2017,6,1,Restricted Visions of Multiracial Identity in Advertising,3,3,"Univ Texas Austin, Advertising, Austin, TX 78712 USA.",Univ Texas Austin, Advertising, Austin,1
218,JOURNAL OF ADVERTISING,2017,6,1,Restricted Visions of Multiracial Identity in Advertising,3,3,"Iowa State Univ, Mkt, Ames, IA USA.",Iowa State Univ, Mkt, Ames,1
219,JOURNAL OF ADVERTISING,2017,6,1,Creative Analogy As a Means of Articulating Incongruent Sponsorships,2,2,"Calif State Univ Chico, Mkt, Chico, CA 95929 USA.",Calif State Univ Chico, Mkt, Chico,1
220,JOURNAL OF ADVERTISING,2017,6,1,Creative Analogy As a Means of Articulating Incongruent Sponsorships,2,2,"Weber State Univ, Goddard Sch Business &amp; Econ, Business
   Adm &amp; Mkt, Ogden, UT 84408 USA.",Weber State Univ, Goddard Sch Business &amp; Econ," Business
   Adm &amp; Mkt",1
221,JOURNAL OF ADVERTISING,2017,6,1,"The Effect of Descriptive Norms and Construal Level on Consumers'
   Sustainable Behaviors",2,3,"Univ Texas Austin, Stan Richards Sch Advertising &amp; Publ
   Relat, Moody Coll Commun, Austin, TX 78712 USA.",Univ Texas Austin," Stan Richards Sch Advertising &amp; Publ
   Relat", Moody Coll Commun,1
222,JOURNAL OF ADVERTISING,2017,6,1,"The Effect of Descriptive Norms and Construal Level on Consumers'
   Sustainable Behaviors",2,3,"Korea Univ, Dept Psychol, 145 Anam Ro,
   Seoul 02841, South Korea.",Korea Univ, Dept Psychol, 145 Anam Ro,2
223,JOURNAL OF ADVERTISING,2017,6,1,"Assertive Environmental Advertising and Reactance: Differences Between
   South Koreans and Americans",5,5,"Myongji Univ, Coll Business, Dept Business Adm, Seoul,
   South Korea.",Myongji Univ, Coll Business, Dept Business Adm,1
224,JOURNAL OF ADVERTISING,2017,6,1,"Assertive Environmental Advertising and Reactance: Differences Between
   South Koreans and Americans",5,5,"Univ Kentucky, Coll Commun &amp; Informat, Dept Integrated
   Strateg Commun, Lexington, KY USA.",Univ Kentucky, Coll Commun &amp; Informat," Dept Integrated
   Strateg Commun",1
225,JOURNAL OF ADVERTISING,2017,6,1,"Assertive Environmental Advertising and Reactance: Differences Between
   South Koreans and Americans",5,5,"Bryant Univ, Coll Business, Mkt Dept, Smithfield, RI USA.",Bryant Univ, Coll Business, Mkt Dept,1
226,JOURNAL OF ADVERTISING,2017,6,1,"Assertive Environmental Advertising and Reactance: Differences Between
   South Koreans and Americans",5,5,"Yonsei Univ, Maeji Sch Business, Management Div, Seoul,
   South Korea.",Yonsei Univ, Maeji Sch Business, Management Div,1
227,JOURNAL OF ADVERTISING,2017,6,1,"Assertive Environmental Advertising and Reactance: Differences Between
   South Koreans and Americans",5,5,"Dongguk Univ, Coll Social Sci, Dept Advertising &amp; PR,
   Seoul, South Korea.",Dongguk Univ, Coll Social Sci, Dept Advertising &amp; PR,1
228,JOURNAL OF ADVERTISING,2018,6,1,"Attracting Comments: Digital Engagement Metrics on Facebook and
   Financial Performance",3,6,"Univ Miami, Sch Commun, Advertising, Coral
   Gables, FL 33124 USA.",Univ Miami, Sch Commun, Advertising,2
229,JOURNAL OF ADVERTISING,2018,6,1,"Attracting Comments: Digital Engagement Metrics on Facebook and
   Financial Performance",3,6,"Univ Miami, Sch Commun,
   Coral Gables, FL 33124 USA.",Univ Miami, Sch Commun,"
   Coral Gables",3
230,JOURNAL OF ADVERTISING,2018,6,1,"Attracting Comments: Digital Engagement Metrics on Facebook and
   Financial Performance",3,6,"Cent Connecticut State Univ, Dept Commun, Publ Relat,
   New Britain, CT 06050 USA.",Cent Connecticut State Univ, Dept Commun, Publ Relat,1
231,JOURNAL OF ADVERTISING,2018,6,1,"Engagement with Social Media and Social Media Advertising: The
   Differentiating Role of Platform Type",3,4,"Univ Amsterdam, Amsterdam Sch
   Commun Res, Mkt Commun, Amsterdam, Netherlands.",Univ Amsterdam," Amsterdam Sch
   Commun Res", Mkt Commun,2
232,JOURNAL OF ADVERTISING,2018,6,1,"Engagement with Social Media and Social Media Advertising: The
   Differentiating Role of Platform Type",3,4,"Univ Amsterdam, Amsterdam, Netherlands.",Univ Amsterdam, Amsterdam, Netherlands.,1
233,JOURNAL OF ADVERTISING,2018,6,1,"Engagement with Social Media and Social Media Advertising: The
   Differentiating Role of Platform Type",3,4,"Univ Amsterdam, Amsterdam Sch Commun Res, Media &amp;
   Advertising Res, Amsterdam, Netherlands.",Univ Amsterdam, Amsterdam Sch Commun Res," Media &amp;
   Advertising Res",1
234,JOURNAL OF ADVERTISING,2018,6,1,"Exploring Social Media Engagement Behaviors in the Context of Luxury
   Brands",3,3,"Univ Toledo, Coll Business &amp; Innovat, Mkt, 2801 W
   Bancroft St, Toledo, OH 43606 USA.",Univ Toledo, Coll Business &amp; Innovat, Mkt,1
235,JOURNAL OF ADVERTISING,2018,6,1,"Exploring Social Media Engagement Behaviors in the Context of Luxury
   Brands",3,3,"Univ Paris Est Creteil Val de Marne, LEMNA,
   Management Sci, Creteil, France.",Univ Paris Est Creteil Val de Marne, LEMNA,"
   Management Sci",1
236,JOURNAL OF ADVERTISING,2018,6,1,"Exploring Social Media Engagement Behaviors in the Context of Luxury
   Brands",3,3,"Sacred Heart Univ, Jack Welch Coll Business,
   Fairfield, CT USA.",Sacred Heart Univ, Jack Welch Coll Business,"
   Fairfield",1
237,JOURNAL OF ADVERTISING,2018,6,1,"Branded App Usability: Conceptualization, Measurement, and Prediction of
   Consumer Loyalty",2,2,"Univ Kentucky, Coll Commun &amp; Informat, Dept Integrated
   Strateg Commun, 144 Grehan Bldg, Lexington, KY 40506 USA.",Univ Kentucky, Coll Commun &amp; Informat," Dept Integrated
   Strateg Commun",1
238,JOURNAL OF ADVERTISING,2018,6,1,"Branded App Usability: Conceptualization, Measurement, and Prediction of
   Consumer Loyalty",2,2,"St Josephs Univ, Haub Sch Business, Dept Mkt,
   Philadelphia, PA 19131 USA.",St Josephs Univ, Haub Sch Business, Dept Mkt,1
239,JOURNAL OF ADVERTISING,2018,6,1,"Narrative Transportation and Paratextual Features of Social Media in
   Viral Advertising",4,4,"Univ Auckland, Sch Business, Auckland, New Zealand.",Univ Auckland, Sch Business, Auckland,1
240,JOURNAL OF ADVERTISING,2018,6,1,"Narrative Transportation and Paratextual Features of Social Media in
   Viral Advertising",4,4,"Dongguk Univ, Dept Advertising &amp; Publ Relat, 30,Pildong Ro
   1 Gil, Seoul 04620, South Korea.",Dongguk Univ, Dept Advertising &amp; Publ Relat, 30,1
241,JOURNAL OF ADVERTISING,2018,6,1,"Narrative Transportation and Paratextual Features of Social Media in
   Viral Advertising",4,4,"Dongguk Univ, Coll Social Sci, Advertising &amp; Publ
   Relat, Seoul, South Korea.",Dongguk Univ, Coll Social Sci," Advertising &amp; Publ
   Relat",1
242,JOURNAL OF ADVERTISING,2018,6,1,"Narrative Transportation and Paratextual Features of Social Media in
   Viral Advertising",4,4,"Bryant Univ, Dept Mkt, Smithfield, RI USA.",Bryant Univ, Dept Mkt, Smithfield,1
243,JOURNAL OF ADVERTISING,2018,6,1,"The Sniffing Effect: Olfactory Sensitivity and Olfactory Imagery in
   Advertising",2,4,"Calif State Univ, Coll Business, Mkt, Seaside,
   CA USA.",Calif State Univ, Coll Business, Mkt,1
244,JOURNAL OF ADVERTISING,2018,6,1,"The Sniffing Effect: Olfactory Sensitivity and Olfactory Imagery in
   Advertising",2,4,"Iowa
   State Univ, Coll Business, Mkt, Ames, IA USA.","Iowa
   State Univ", Coll Business, Mkt,3
245,JOURNAL OF ADVERTISING,2018,6,1,"Persuasive Charity Appeals for Less and More Controllable Health Causes:
   The Roles of Implicit Mindsets and Benefit Frames",1,2,"Penn State Univ Harrisburg, Mkt,
   Middletown, PA USA.",Penn State Univ Harrisburg, Mkt,"
   Middletown",2
246,JOURNAL OF ADVERTISING,2018,6,1,"Misleading Consumers with Green Advertising? An
   Affect-Reason-Involvement Account of Greenwashing Effects in
   Environmental Advertising",1,3,"Univ Vienna, Dept
   Commun, Vienna, Austria.",Univ Vienna," Dept
   Commun", Vienna,3
247,JOURNAL OF ADVERTISING,2018,6,1,"Saving Behavior Messaging: Gain/Loss Framing, Self/Family Orientations,
   and Individual Differences in Collectivism",1,2,"Southern Methodist Univ, Meadows Sch
   Arts, Temerlin Advertising Inst, Advertising, Dallas, TX 75275 USA.",Southern Methodist Univ," Meadows Sch
   Arts", Temerlin Advertising Inst,2
248,JOURNAL OF ADVERTISING,2018,6,1,"The Impact of Psychological Distance and Construal Level on Consumers'
   Responses to Taboos in Advertising",3,3,"INSEEC Business Sch, 27 Ave Claude Vellefaux,
   F-75010 Paris, France.",INSEEC Business Sch, 27 Ave Claude Vellefaux,"
   F-75010 Paris",1
249,JOURNAL OF ADVERTISING,2018,6,1,"The Impact of Psychological Distance and Construal Level on Consumers'
   Responses to Taboos in Advertising",3,3,"INSEEC Business Sch, Mkt, Paris, France.",INSEEC Business Sch, Mkt, Paris,1
250,JOURNAL OF ADVERTISING,2018,6,1,"The Impact of Psychological Distance and Construal Level on Consumers'
   Responses to Taboos in Advertising",3,3,"Athens Univ Econ &amp; Business, Dept Mkt &amp; Commun,
   Mkt, Athens, Greece.",Athens Univ Econ &amp; Business, Dept Mkt &amp; Commun,"
   Mkt",1
251,JOURNAL OF ADVERTISING,2018,6,1,"Same-Sex Couples in Advertisements: An Investigation of the Role of
   Implicit Attitudes on Cognitive Processing and Evaluation",2,3,"Indiana Univ, Media Sch,
   Bloomington, IN USA.",Indiana Univ, Media Sch,"
   Bloomington",2
252,JOURNAL OF ADVERTISING,2018,6,1,"Same-Sex Couples in Advertisements: An Investigation of the Role of
   Implicit Attitudes on Cognitive Processing and Evaluation",2,3,"Butler Univ, Dept Strateg Commun, Indianapolis, IN
   46208 USA.",Butler Univ, Dept Strateg Commun, Indianapolis,1
253,JOURNAL OF ADVERTISING,2018,6,1,"The Impact of Competitiveness on Consumer Responses to Comparative
   Advertisements",2,2,"Penn State Univ Harrisburg, Sch Business Adm, Mkt,
   Middletown, PA USA.",Penn State Univ Harrisburg, Sch Business Adm, Mkt,1
254,JOURNAL OF ADVERTISING,2018,6,1,"The Impact of Competitiveness on Consumer Responses to Comparative
   Advertisements",2,2,"Univ Calif Riverside, Sch Business Adm, Mkt, Riverside,
   CA 92521 USA.",Univ Calif Riverside, Sch Business Adm, Mkt,1
255,JOURNAL OF ADVERTISING,2018,6,1,"Entitativity of Concurrent Sponsors: Implications for Properties and
   Sponsors",2,2,"Loughborough Univ Technol, Sch Sport Exercise &amp; Hlth
   Sci, Sport Management, Loughborough, Leics, England.",Loughborough Univ Technol," Sch Sport Exercise &amp; Hlth
   Sci", Sport Management,1
256,JOURNAL OF ADVERTISING,2018,6,1,"Entitativity of Concurrent Sponsors: Implications for Properties and
   Sponsors",2,2,"Loughborough Univ Technol, Sch Business &amp; Econ, Int
   Mkt, Loughborough, Leics, England.",Loughborough Univ Technol, Sch Business &amp; Econ," Int
   Mkt",1
257,JOURNAL OF ADVERTISING,2018,6,1,"The Creative Search for an Insight in Account Planning: An Absorptive
   Capacity Approach",2,3,"Macquarie Univ, Fac Business &amp; Econ, Balaclava Rd, N
   Ryde, NSW 2109, Australia.",Macquarie Univ, Fac Business &amp; Econ, Balaclava Rd,1
258,JOURNAL OF ADVERTISING,2018,6,1,"The Creative Search for an Insight in Account Planning: An Absorptive
   Capacity Approach",2,3,"Macquarie Univ, Fac Business &amp; Econ, Mkt,
   N Ryde, NSW, Australia.",Macquarie Univ, Fac Business &amp; Econ, Mkt,2
259,JOURNAL OF ADVERTISING,2018,6,1,"The Development and Testing of a Child-inspired Advertising Disclosure
   to Alert Children to Digital and Embedded Advertising",4,6,"Univ Ghent,
   Dept Commun Sci, Korte Meer 7-9-11, B-9000 Ghent, Belgium.",Univ Ghent,"
   Dept Commun Sci", Korte Meer 7-9-11,3
260,JOURNAL OF ADVERTISING,2018,6,1,"The Development and Testing of a Child-inspired Advertising Disclosure
   to Alert Children to Digital and Embedded Advertising",4,6,"Univ Ghent, Dept Mkt, Ghent, Belgium.",Univ Ghent, Dept Mkt, Ghent,1
261,JOURNAL OF ADVERTISING,2018,6,1,"The Development and Testing of a Child-inspired Advertising Disclosure
   to Alert Children to Digital and Embedded Advertising",4,6,"Radboud Univ Nijmegen, Behav Sci Inst, Nijmegen,
   Netherlands.",Radboud Univ Nijmegen, Behav Sci Inst, Nijmegen,1
262,JOURNAL OF ADVERTISING,2018,6,1,"The Development and Testing of a Child-inspired Advertising Disclosure
   to Alert Children to Digital and Embedded Advertising",4,6,"Univ Amsterdam, Amsterdam Sch Commun Res,
   Amsterdam, Netherlands.",Univ Amsterdam, Amsterdam Sch Commun Res,"
   Amsterdam",1
263,JOURNAL OF ADVERTISING,2018,6,1,"Active White Space (AWS) in Logo Designs: Effects on Logo Evaluations
   and Brand Communication",1,1,"Fairfield Univ, Dolan Sch Business, Mkt, Fairfield, CT
   06430 USA.",Fairfield Univ, Dolan Sch Business, Mkt,1
264,JOURNAL OF ADVERTISING,2018,6,1,"Synergistic, Antagonistic, and Asymmetric Media Interactions",2,2,"Queens Univ, Smith Sch Business, Mkt, Kingston, ON,
   Canada.",Queens Univ, Smith Sch Business, Mkt,1
265,JOURNAL OF ADVERTISING,2018,6,1,"Synergistic, Antagonistic, and Asymmetric Media Interactions",2,2,"McGill Univ, Desautels Fac Management, Montreal,
   PQ, Canada.",McGill Univ, Desautels Fac Management, Montreal,1
