,Journal,Year,Journal_Rank,Q_Position,Title,Total_Units,Total_Authors,Unit_Address,Unit_Name_1,Unit_Name_2,Unit_Name_3,Author_Number
0,COMUNICAR,2017,7,1,Cyberaggression among Adolescents: Prevalence and Gender Differences,1,3,"Univ Oviedo, Psicol Evolut &amp; Educ, Oviedo, Spain.",Univ Oviedo, Psicol Evolut &amp; Educ, Oviedo,3
1,COMUNICAR,2017,7,1,"Digital Leisure and Perceived Family Functioning in Youth of Upper
   Secondary Education",2,3,"Univ La Rioja, Dept Ciencias Educ,
   Logrono, La Rioja, Spain.",Univ La Rioja, Dept Ciencias Educ,"
   Logrono",1
2,COMUNICAR,2017,7,1,"Digital Leisure and Perceived Family Functioning in Youth of Upper
   Secondary Education",2,3,"Univ La Rioja Logrono,
   Dept Ciencias Educ, Logrono, La Rioja, Spain.",Univ La Rioja Logrono,"
   Dept Ciencias Educ", Logrono,2
3,COMUNICAR,2017,7,1,The Emotional Impact of Traditional and New Media in Social Events,1,2,"Univ Lucian Blaga Sibiu, Sibiu,
   Romania.",Univ Lucian Blaga Sibiu, Sibiu,"
   Romania.",2
4,COMUNICAR,2017,7,1,"Formative Research in Ubiquitous and Virtual Environments in Higher
   Education",2,3,"El Bosque Univ Bogota, Fac Educ, Bogota,
   Colombia.",El Bosque Univ Bogota, Fac Educ, Bogota,1
5,COMUNICAR,2017,7,1,"Formative Research in Ubiquitous and Virtual Environments in Higher
   Education",2,3,"Univ
   Murcia, Dept Res &amp; Diagnost Methods Educ, Murcia, Spain.","Univ
   Murcia", Dept Res &amp; Diagnost Methods Educ, Murcia,2
6,COMUNICAR,2017,7,1,Using Twitter in Higher Education in Spain and the USA,3,3,"Univ Balearic Isl, Dept Appl Pedag &amp; Psychol Educ, Palma De
   Mallorca, Spain.",Univ Balearic Isl, Dept Appl Pedag &amp; Psychol Educ," Palma De
   Mallorca",1
7,COMUNICAR,2017,7,1,Using Twitter in Higher Education in Spain and the USA,3,3,"Carl von Ossietzky Univ Oldenburg, Fac Educ &amp;
   Social Sci, Oldenburg, Germany.",Carl von Ossietzky Univ Oldenburg," Fac Educ &amp;
   Social Sci", Oldenburg,1
8,COMUNICAR,2017,7,1,Using Twitter in Higher Education in Spain and the USA,3,3,"Elon Univ, Sch Educ, Elon, NC USA.",Elon Univ, Sch Educ, Elon,1
9,COMUNICAR,2017,7,1,Social Labs in Universities: Innovation and impact in Medialab UGR,2,2,"Univ Granada, Dept Finance &amp; Accounting,
   Granada, Spain.",Univ Granada, Dept Finance &amp; Accounting,"
   Granada",1
10,COMUNICAR,2017,7,1,Social Labs in Universities: Innovation and impact in Medialab UGR,2,2,"Univ Politecn Valencia, CSIC, Valencia, Spain.",Univ Politecn Valencia, CSIC, Valencia,1
11,COMUNICAR,2017,7,1,Higher Education Distance Learning and e-Learning in Prisons in Portugal,2,3,"Open Univ, Lisbon, Portugal.",Open Univ, Lisbon, Portugal.,2
12,COMUNICAR,2017,7,1,Higher Education Distance Learning and e-Learning in Prisons in Portugal,2,3,"Univ Porto, Fac Psychol &amp; Educ Sci, Oporto,
   Portugal.",Univ Porto, Fac Psychol &amp; Educ Sci, Oporto,1
13,COMUNICAR,2017,7,1,"Online Questionnaires Use with Automatic Feedback for e-Innovation in
   University Students",1,4,"Univ
   Barcelona, Dept Cognit &amp; Educ Psychol, Dept Dev &amp; Educ Psychol,
   Barcelona, Spain.","Univ
   Barcelona", Dept Cognit &amp; Educ Psychol, Dept Dev &amp; Educ Psychol,4
14,COMUNICAR,2017,7,1,"The Use of Social Media and Popular Culture to Advance Cross-Cultural
   Understanding",1,2,"Univ Rhode Isl, Media Educ Lab, Kingston, RI
   02881 USA.",Univ Rhode Isl, Media Educ Lab, Kingston,2
15,COMUNICAR,2017,7,1,The Role of Original Version Cinema into the European Digital Space,1,3,"Univ Santiago de Compostela, Dept Commun Sci, Santiago, Spain.",Univ Santiago de Compostela, Dept Commun Sci, Santiago,3
16,COMUNICAR,2017,7,1,Spanish Journalists' Perception about their Professional Roles,2,3,"Rey Juan Carlos Univ Madrid, Dept Commun
   Sci &amp; Sociol, Madrid, Spain.",Rey Juan Carlos Univ Madrid," Dept Commun
   Sci &amp; Sociol", Madrid,2
17,COMUNICAR,2017,7,1,Spanish Journalists' Perception about their Professional Roles,2,3,"Univ Beira Interior, LabCom iFP Commun
   Philosophy &amp; Human, Covilha, Portugal.",Univ Beira Interior," LabCom iFP Commun
   Philosophy &amp; Human", Covilha,1
18,COMUNICAR,2017,7,1,Stop-motion to Foster Digital Literacy in Elementary School,3,3,"Natl Univ Tainan, Dept informat &amp; Learning Technol,
   Tainan, Taiwan.",Natl Univ Tainan, Dept informat &amp; Learning Technol,"
   Tainan",1
19,COMUNICAR,2017,7,1,Stop-motion to Foster Digital Literacy in Elementary School,3,3,"YuWun Elementary Sch, Tainan, Taiwan.",YuWun Elementary Sch, Tainan, Taiwan.,1
20,COMUNICAR,2017,7,1,Stop-motion to Foster Digital Literacy in Elementary School,3,3,"Natl Cheng Kung Univ, Dept Engn Sci, Tainan 701, Taiwan.",Natl Cheng Kung Univ, Dept Engn Sci, Tainan 701,1
21,COMUNICAR,2017,7,1,"Ecosystems of Media Training and Competence: International Assessment of
   its Implementation in Higher Education",4,5,"Univ Oviedo, Dept
   Sci Educ, Oviedo, Spain.",Univ Oviedo," Dept
   Sci Educ", Oviedo,2
22,COMUNICAR,2017,7,1,"Ecosystems of Media Training and Competence: International Assessment of
   its Implementation in Higher Education",4,5,"Natl Inst Technol, Dept Ind Engn, Mexico
   City, DF, Mexico.",Natl Inst Technol, Dept Ind Engn," Mexico
   City",1
23,COMUNICAR,2017,7,1,"Ecosystems of Media Training and Competence: International Assessment of
   its Implementation in Higher Education",4,5,"Univ Oviedo, Dept Econ, Oviedo, Spain.",Univ Oviedo, Dept Econ, Oviedo,1
24,COMUNICAR,2017,7,1,"Ecosystems of Media Training and Competence: International Assessment of
   its Implementation in Higher Education",4,5,"Innovat Accelerat Platform Innobridge, Neuchatel,
   Switzerland.",Innovat Accelerat Platform Innobridge, Neuchatel,"
   Switzerland.",1
25,COMUNICAR,2017,7,1,"Neuroscience for Content Innovation on European Public Service
   Broadcasters",3,3,"Univ Vigo, Dept Audiovisual Commun &amp;
   Advertising, Xunta Galicia, Vigo, Spain.",Univ Vigo," Dept Audiovisual Commun &amp;
   Advertising", Xunta Galicia,1
26,COMUNICAR,2017,7,1,"Neuroscience for Content Innovation on European Public Service
   Broadcasters",3,3,"Univ A Coruna, Dept Business,
   La Coruna, Spain.",Univ A Coruna, Dept Business,"
   La Coruna",1
27,COMUNICAR,2017,7,1,"Neuroscience for Content Innovation on European Public Service
   Broadcasters",3,3,"Univ Santiago de Compostela, Dept Commun Sci,
   Journalism, Santiago De Compostela, Spain.",Univ Santiago de Compostela, Dept Commun Sci,"
   Journalism",1
28,COMUNICAR,2017,7,1,"Evaluation of Emotional Responses to Television Advertising through
   Neuromarketing",4,5,"Rey Juan Carlos
   Univ Madrid, Dept Commun Sci &amp; Sociol, Madrid, Spain.","Rey Juan Carlos
   Univ Madrid", Dept Commun Sci &amp; Sociol, Madrid,2
29,COMUNICAR,2017,7,1,"Evaluation of Emotional Responses to Television Advertising through
   Neuromarketing",4,5,"Rey Juan Carlos Univ Madrid, Dept Signal Theory
   &amp; Commun, Telemat &amp; Comp, Madrid, Spain.",Rey Juan Carlos Univ Madrid," Dept Signal Theory
   &amp; Commun", Telemat &amp; Comp,1
30,COMUNICAR,2017,7,1,"Evaluation of Emotional Responses to Television Advertising through
   Neuromarketing",4,5,"Rey Juan Carlos Univ Madrid, Dept Signal Theory &amp;
   Commun, Madrid, Spain.",Rey Juan Carlos Univ Madrid," Dept Signal Theory &amp;
   Commun", Madrid,1
31,COMUNICAR,2017,7,1,"Evaluation of Emotional Responses to Television Advertising through
   Neuromarketing",4,5,"UNIR, Dept Neuromkt, Logrono, Spain.",UNIR, Dept Neuromkt, Logrono,1
32,COMUNICAR,2017,7,1,Connective Intelligence for Childhood Mathematics Education,3,4,"Univ Valladolid, Dept Didact
   Expt Sci Social Sci &amp; Math, Valladolid, Spain.",Univ Valladolid," Dept Didact
   Expt Sci Social Sci &amp; Math", Valladolid,2
33,COMUNICAR,2017,7,1,Connective Intelligence for Childhood Mathematics Education,3,4,"Univ Girona, Dept Specif Didact, Girona, Spain.",Univ Girona, Dept Specif Didact, Girona,1
34,COMUNICAR,2017,7,1,Connective Intelligence for Childhood Mathematics Education,3,4,"Univ Basque Country, Dept Didact Math &amp; Expt Sci,
   Leioa, Spain.",Univ Basque Country, Dept Didact Math &amp; Expt Sci,"
   Leioa",1
35,COMUNICAR,2017,7,1,"The Cognitive Processing of an Educational App with Electroencephalogram
   and ""Eye Tracking""",5,5,"Univ Complutense Madrid, Audiovisual Commun &amp;
   Advertising, Madrid, Spain.",Univ Complutense Madrid," Audiovisual Commun &amp;
   Advertising", Madrid,1
36,COMUNICAR,2017,7,1,"The Cognitive Processing of an Educational App with Electroencephalogram
   and ""Eye Tracking""",5,5,"Univ Complutense Madrid, Endowed Chair Hlth
   Commun, Madrid, Spain.",Univ Complutense Madrid," Endowed Chair Hlth
   Commun", Madrid,1
37,COMUNICAR,2017,7,1,"The Cognitive Processing of an Educational App with Electroencephalogram
   and ""Eye Tracking""",5,5,"Univ Complutense Madrid, CAVP Dept 2, Madrid,
   Spain.",Univ Complutense Madrid, CAVP Dept 2, Madrid,1
38,COMUNICAR,2017,7,1,"The Cognitive Processing of an Educational App with Electroencephalogram
   and ""Eye Tracking""",5,5,"Univ Complutense Madrid, Madrid, Spain.",Univ Complutense Madrid, Madrid, Spain.,1
39,COMUNICAR,2017,7,1,"The Cognitive Processing of an Educational App with Electroencephalogram
   and ""Eye Tracking""",5,5,"ESERTP Business Sch Madrid, Madrid, Spain.",ESERTP Business Sch Madrid, Madrid, Spain.,1
40,COMUNICAR,2017,7,1,"Communication Efficiency in Education: Increasing Emotions and
   Storytelling",1,2,"Pompeu Fabra Univ Barcelona, Dept
   Commun, Barcelona, Spain.",Pompeu Fabra Univ Barcelona," Dept
   Commun", Barcelona,2
41,COMUNICAR,2017,7,1,"M-learning and Augmented Reality: A Review of the Scientific Literature
   on the WoS Repository",2,3,"Univ Oviedo, Dept
   Sci Educ, Oviedo, Spain.",Univ Oviedo," Dept
   Sci Educ", Oviedo,2
42,COMUNICAR,2017,7,1,"M-learning and Augmented Reality: A Review of the Scientific Literature
   on the WoS Repository",2,3,"Univ Nacl Autonoma Mexico, Math &amp; Engn
   Div, Acatlan Fac Higher Educ Studies, Mexico City, DF, Mexico.",Univ Nacl Autonoma Mexico," Math &amp; Engn
   Div", Acatlan Fac Higher Educ Studies,1
43,COMUNICAR,2017,7,1,"Formative Assessment, Communication Skills and ICT in Initial Teacher
   Training",2,4,"Univ Zaragoza, Dept Mus Plast &amp; Corporal Express, Zaragoza,
   Spain.",Univ Zaragoza, Dept Mus Plast &amp; Corporal Express, Zaragoza,3
44,COMUNICAR,2017,7,1,"Formative Assessment, Communication Skills and ICT in Initial Teacher
   Training",2,4,"Autonomous Univ Madrid, Dept Phys
   Educ Sport &amp; Human Motr, Madrid, Spain.",Autonomous Univ Madrid," Dept Phys
   Educ Sport &amp; Human Motr", Madrid,1
45,COMUNICAR,2017,7,1,Music and its Significance in Children Favourite Audiovisuals,2,2,"Jaume I Univ, Dept Educ Didact Mus Express, Castellon De
   La Plana, Spain.",Jaume I Univ, Dept Educ Didact Mus Express," Castellon De
   La Plana",1
46,COMUNICAR,2017,7,1,Music and its Significance in Children Favourite Audiovisuals,2,2,"Univ Granada, Dept Dev &amp; Educ Psychol, Granada, Spain.",Univ Granada, Dept Dev &amp; Educ Psychol, Granada,1
47,COMUNICAR,2017,7,1,Promoting Adolescents' Moral Advertising Literacy in Secondary Education,1,3,"Univ Ghent, Dept Educ
   Studies, Ghent, Belgium.",Univ Ghent," Dept Educ
   Studies", Ghent,3
48,COMUNICAR,2017,7,1,"Digital Reading and Reading Competence: The influence in the Z
   Generation from the Dominican Republic",2,2,"Catholic Univ Madre &amp; Maestra, Dept Educ,
   Santiago Caballeros, Dominican Rep.",Catholic Univ Madre &amp; Maestra, Dept Educ,"
   Santiago Caballeros",1
49,COMUNICAR,2017,7,1,"Digital Reading and Reading Competence: The influence in the Z
   Generation from the Dominican Republic",2,2,"Univ Seville, Fac Sci Educ, Seville, Spain.",Univ Seville, Fac Sci Educ, Seville,1
50,COMUNICAR,2017,7,1,Meta-synthesis of Literacy for the Empowerment of Vulnerable Groups,2,2,"Univ Complutense Madrid, Villanueva Univ Ctr,
   Dept Psychopedag, Madrid, Spain.",Univ Complutense Madrid, Villanueva Univ Ctr,"
   Dept Psychopedag",1
51,COMUNICAR,2017,7,1,Meta-synthesis of Literacy for the Empowerment of Vulnerable Groups,2,2,"Camilo Jose Cela Univ, Dept Commun, Madrid, Spain.",Camilo Jose Cela Univ, Dept Commun, Madrid,1
52,COMUNICAR,2017,7,1,"Connected Teens: Measuring the Impact of Mobile Phones on Social
   Relationships through Social Capital",2,2,"Univ Navarra, Commun, Pamplona, Spain.",Univ Navarra, Commun, Pamplona,1
53,COMUNICAR,2017,7,1,"Connected Teens: Measuring the Impact of Mobile Phones on Social
   Relationships through Social Capital",2,2,"Univ Navarra, Dept Media Management,
   Pamplona, Spain.",Univ Navarra, Dept Media Management,"
   Pamplona",1
54,COMUNICAR,2017,7,1,Social Empowerment in Mexican Violent Contexts through Media Competence,1,2,"Occidente Univ,
   Dept Social Sci &amp; Humanities, Los Mochis, Sinaloa, Mexico.",Occidente Univ,"
   Dept Social Sci &amp; Humanities", Los Mochis,2
55,COMUNICAR,2017,7,1,Protesting on Twitter: Citizenship and Empowerment from Public Education,4,4,"Autonomous Univ Barcelona, Dept Systemat &amp; Social Pedag,
   Barcelona, Spain.",Autonomous Univ Barcelona, Dept Systemat &amp; Social Pedag,"
   Barcelona",1
56,COMUNICAR,2017,7,1,Protesting on Twitter: Citizenship and Empowerment from Public Education,4,4,"Autonomous Univ Barcelona, Dept Appl Pedag,
   Barcelona, Spain.",Autonomous Univ Barcelona, Dept Appl Pedag,"
   Barcelona",1
57,COMUNICAR,2017,7,1,Protesting on Twitter: Citizenship and Empowerment from Public Education,4,4,"Univ Granada, Dept Pedag, Granada, Spain.",Univ Granada, Dept Pedag, Granada,1
58,COMUNICAR,2017,7,1,Protesting on Twitter: Citizenship and Empowerment from Public Education,4,4,"Int Iberoamer Univ, Dept Educ, Campeche, Camp,
   Mexico.",Int Iberoamer Univ, Dept Educ, Campeche,1
59,COMUNICAR,2017,7,1,"Cyberactivisim in the Process of Political and Social Change in Arab
   Countries",2,2,"Univ Santiago de Compostela, Dept Commun Sci,
   Audiovisual Commun, Santiago, Spain.",Univ Santiago de Compostela, Dept Commun Sci,"
   Audiovisual Commun",1
60,COMUNICAR,2017,7,1,"Cyberactivisim in the Process of Political and Social Change in Arab
   Countries",2,2,"Univ Hassan II Casablanca, Casablanca, Morocco.",Univ Hassan II Casablanca, Casablanca, Morocco.,1
61,COMUNICAR,2017,7,1,"University Students and Informational Social Networks: Total Sceptics,
   Dual Moderates or Pro-Digitals",2,3,"Univ Complutense Madrid, Dept
   Mkt &amp; Market Res, Madrid, Spain.",Univ Complutense Madrid," Dept
   Mkt &amp; Market Res", Madrid,2
62,COMUNICAR,2017,7,1,"University Students and Informational Social Networks: Total Sceptics,
   Dual Moderates or Pro-Digitals",2,3,"ESIC Mkt &amp; Business Sch Madrid, Dept Commun &amp;
   Market Res &amp; Quantitat Methods, Madrid, Spain.",ESIC Mkt &amp; Business Sch Madrid," Dept Commun &amp;
   Market Res &amp; Quantitat Methods", Madrid,1
63,COMUNICAR,2017,7,1,"College Students in Lima: Politics, Media and Participation",2,3,"Univ Lima, Fac Commun
   Studies, Lima, Peru.",Univ Lima," Fac Commun
   Studies", Lima,2
64,COMUNICAR,2017,7,1,"College Students in Lima: Politics, Media and Participation",2,3,"Univ Lima, Sci Res Inst, Lima, Peru.",Univ Lima, Sci Res Inst, Lima,1
65,COMUNICAR,2017,7,1,"Technological Skills and New Professional Profiles: Present Challenges
   for Journalism",2,3,"Univ Santiago de Compostela, Dept Commun Sci,
   Journalism, Santiago, Spain.",Univ Santiago de Compostela, Dept Commun Sci,"
   Journalism",1
66,COMUNICAR,2017,7,1,"Technological Skills and New Professional Profiles: Present Challenges
   for Journalism",2,3,"Univ Santiago de
   Compostela, Dept Commun Sci, Santiago, Spain.","Univ Santiago de
   Compostela", Dept Commun Sci, Santiago,2
67,COMUNICAR,2017,7,1,"Teacher-Student Relationship and Facebook-Mediated Communication:
   Student Perceptions",2,3,"Tel Aviv Univ, Sch Educ, Tel
   Aviv, Israel.",Tel Aviv Univ, Sch Educ," Tel
   Aviv",2
68,COMUNICAR,2017,7,1,"Teacher-Student Relationship and Facebook-Mediated Communication:
   Student Perceptions",2,3,"Tel Aviv Univ, Levinsky Coll Educ, Tel Aviv,
   Israel.",Tel Aviv Univ, Levinsky Coll Educ, Tel Aviv,1
69,COMUNICAR,2017,7,1,Parent's Influence on Acquiring Critical Internet Skills,3,3,"CEU San Pablo Univ, Dept Audiovisual Commun &amp;
   Advertising, Madrid, Spain.",CEU San Pablo Univ," Dept Audiovisual Commun &amp;
   Advertising", Madrid,1
70,COMUNICAR,2017,7,1,Parent's Influence on Acquiring Critical Internet Skills,3,3,"Univ Valladolid, Dept Modern Contemporary &amp;
   Amer Hist &amp; Journalism, Valladolid, Spain.",Univ Valladolid," Dept Modern Contemporary &amp;
   Amer Hist &amp; Journalism", Valladolid,1
71,COMUNICAR,2017,7,1,Parent's Influence on Acquiring Critical Internet Skills,3,3,"CEU San Pablo Univ, Dept Journalism, Madrid,
   Spain.",CEU San Pablo Univ, Dept Journalism, Madrid,1
72,COMUNICAR,2018,7,1,Assessing the ethical and content quality of online parenting resources,1,3,"Univ La
   Laguna, Dept Dev Psychol &amp; Educ, San Cristobal la Laguna, Spain.","Univ La
   Laguna", Dept Dev Psychol &amp; Educ, San Cristobal la Laguna,3
73,COMUNICAR,2018,7,1,Participatory design of citizen science experiments,3,3,"Open Univ Catalonia, Internet Interdisciplinary Inst,
   Barcelona, Spain.",Open Univ Catalonia, Internet Interdisciplinary Inst,"
   Barcelona",1
74,COMUNICAR,2018,7,1,Participatory design of citizen science experiments,3,3,"Open Univ Catalonia, Informat &amp; Commun Sci,
   Barcelona, Spain.",Open Univ Catalonia, Informat &amp; Commun Sci,"
   Barcelona",1
75,COMUNICAR,2018,7,1,Participatory design of citizen science experiments,3,3,"Univ Barcelona, Dept Condensed Matter Phys, Barcelona,
   Spain.",Univ Barcelona, Dept Condensed Matter Phys, Barcelona,1
76,COMUNICAR,2018,7,1,"Wikipedia in higher education: Changes in perceived value through
   content contribution",3,3,"Royal Holloway Univ London, Dept Media Arts,
   Egham, Surrey, England.",Royal Holloway Univ London, Dept Media Arts,"
   Egham",1
77,COMUNICAR,2018,7,1,"Wikipedia in higher education: Changes in perceived value through
   content contribution",3,3,"Univ Nis, Dept Commun &amp; Journalism, Nish, Serbia.",Univ Nis, Dept Commun &amp; Journalism, Nish,1
78,COMUNICAR,2018,7,1,"Wikipedia in higher education: Changes in perceived value through
   content contribution",3,3,"Pompeu Fabra Univ, Dept Commun, Barcelona, Spain.",Pompeu Fabra Univ, Dept Commun, Barcelona,1
79,COMUNICAR,2018,7,1,Ubiquitous learning ecologies for a critical cyber-citizenship,2,2,"Univ Leon, Dept Gen &amp; Specif Didact &amp;
   Theory Educ, Leon, Spain.",Univ Leon," Dept Gen &amp; Specif Didact &amp;
   Theory Educ", Leon,1
80,COMUNICAR,2018,7,1,Ubiquitous learning ecologies for a critical cyber-citizenship,2,2,"Munich Univ Appl Sci, Dept Gen &amp;
   Interdisciplinary Studies, Munich, Germany.",Munich Univ Appl Sci," Dept Gen &amp;
   Interdisciplinary Studies", Munich,1
81,COMUNICAR,2018,7,1,Teen videos on YouTube: Features and digital vulnerabilities,1,3,"Univ Rey Juan Carlos Madrid, Dept Ciencias Comunicac &amp; Sociol, Madrid,
   Spain.",Univ Rey Juan Carlos Madrid, Dept Ciencias Comunicac &amp; Sociol, Madrid,3
82,COMUNICAR,2018,7,1,"Parental mediation of the internet use of Primary students: Beliefs,
   strategies and difficulties",2,3,"Univ Basque Country, Dept
   Metodos Invest &amp; Diagnost Educ, Bilbao, Spain.",Univ Basque Country," Dept
   Metodos Invest &amp; Diagnost Educ", Bilbao,2
83,COMUNICAR,2018,7,1,"Parental mediation of the internet use of Primary students: Beliefs,
   strategies and difficulties",2,3,"Univ Basque Country, Dept Psicol Evolut &amp;
   Educ, Bilbao, Spain.",Univ Basque Country," Dept Psicol Evolut &amp;
   Educ", Bilbao,1
84,COMUNICAR,2018,7,1,"Perceptions and participation in community radio stations in
   Narino-Colombia",2,2,"Univ Nacl Abierta &amp; Distancia Pasto,
   Escuela Ciencias Sociales Artes &amp; Humanidades, Pasto, Colombia.",Univ Nacl Abierta &amp; Distancia Pasto,"
   Escuela Ciencias Sociales Artes &amp; Humanidades", Pasto,1
85,COMUNICAR,2018,7,1,"Perceptions and participation in community radio stations in
   Narino-Colombia",2,2,"Univ Mariana Pasto, Programa Comunicac
   Social, Pasto, Colombia.",Univ Mariana Pasto," Programa Comunicac
   Social", Pasto,1
86,COMUNICAR,2018,7,1,"Strategies for the communication and collaborative online work by
   university students",1,3,"Univ Murcia, Dept Didact &amp; Org Escolar, Murcia, Spain.",Univ Murcia, Dept Didact &amp; Org Escolar, Murcia,3
87,COMUNICAR,2018,7,1,Critical thinking of young citizens towards news headlines in Chile,2,3,"Univ Austral Chile Valdivia, Inst
   Informat, Valdivia, Chile.",Univ Austral Chile Valdivia," Inst
   Informat", Valdivia,2
88,COMUNICAR,2018,7,1,Critical thinking of young citizens towards news headlines in Chile,2,3,"Univ Chile Valdivia, Inst Comunicac Social, Valdivia,
   Chile.",Univ Chile Valdivia, Inst Comunicac Social, Valdivia,1
89,COMUNICAR,2018,7,1,Communicating science: The profile of science journalists in Spain,3,4,"Pompeu Fabra Univ, Dept Commun,
   Barcelona, Spain.",Pompeu Fabra Univ, Dept Commun,"
   Barcelona",2
90,COMUNICAR,2018,7,1,Communicating science: The profile of science journalists in Spain,3,4,"Pompeu Fabra Univ, Journalism Degree, Barcelona, Spain.",Pompeu Fabra Univ, Journalism Degree, Barcelona,1
91,COMUNICAR,2018,7,1,Communicating science: The profile of science journalists in Spain,3,4,"Univ Reading, Dept Film Theatre &amp; Televis, Reading,
   Berks, England.",Univ Reading, Dept Film Theatre &amp; Televis, Reading,1
92,COMUNICAR,2018,7,1,Violence against Brazilian women in public and mediatic spheres,1,3,"Univ
   Fed Minas Gerais, Social Commun Postgrad Program, Belo Horizonte, MG,
   Brazil.","Univ
   Fed Minas Gerais", Social Commun Postgrad Program, Belo Horizonte,3
93,COMUNICAR,2018,7,1,Advocacy of trafficking campaigns: A controversy story,3,3,"Univ Castilla La Mancha, Sch Journalism,
   Cuenca, Spain.",Univ Castilla La Mancha, Sch Journalism,"
   Cuenca",1
94,COMUNICAR,2018,7,1,Advocacy of trafficking campaigns: A controversy story,3,3,"Univ Valladolid, Sch Social Legal &amp; Commun Sci,
   Segovia, Spain.",Univ Valladolid, Sch Social Legal &amp; Commun Sci,"
   Segovia",1
95,COMUNICAR,2018,7,1,Advocacy of trafficking campaigns: A controversy story,3,3,"Pontificia Univ Catolica Chile, Sch Commun,
   Santiago, Chile.",Pontificia Univ Catolica Chile, Sch Commun,"
   Santiago",1
96,COMUNICAR,2018,7,1,"#TrumpenMexico. Transnational connective action in Twitter and the
   dispute on the border wall",2,2,"Tecnol Monterrey, Sch Humanities &amp; Educ, Mexico
   City, DF, Mexico.",Tecnol Monterrey, Sch Humanities &amp; Educ," Mexico
   City",1
97,COMUNICAR,2018,7,1,"#TrumpenMexico. Transnational connective action in Twitter and the
   dispute on the border wall",2,2,"Tecnol Monterrey, Humanist Studies, Mexico
   City, DF, Mexico.",Tecnol Monterrey, Humanist Studies," Mexico
   City",1
98,COMUNICAR,2018,7,1,"Youth impact on the public sphere in Press and Twitter: The dissolution
   of the Spanish Youth Council",2,3,"Open Univ Catalonia, Informat &amp; Commun
   Sci, Barcelona, Spain.",Open Univ Catalonia," Informat &amp; Commun
   Sci", Barcelona,2
99,COMUNICAR,2018,7,1,"Youth impact on the public sphere in Press and Twitter: The dissolution
   of the Spanish Youth Council",2,3,"Open Univ Catalonia, EURYKA Project, Barcelona, Spain.",Open Univ Catalonia, EURYKA Project, Barcelona,1
100,COMUNICAR,2018,7,1,YouTuber videos and the construction of adolescent identity,2,3,"Univ Rey Juan Carlos, Fac
   Hlth Sci, Mostoles, Spain.",Univ Rey Juan Carlos," Fac
   Hlth Sci", Mostoles,2
101,COMUNICAR,2018,7,1,YouTuber videos and the construction of adolescent identity,2,3,"Univ Rey Juan Carlos, Psychol, Mostoles,
   Spain.",Univ Rey Juan Carlos, Psychol, Mostoles,1
102,COMUNICAR,2018,7,1,Prosumers and emirecs: Analysis of two confronted theories,2,2,"Univ Nacl Educ Distancia, Fac Educ, Dept Didact
   Scholar Org &amp; Special Didact, Madrid, Spain.",Univ Nacl Educ Distancia, Fac Educ," Dept Didact
   Scholar Org &amp; Special Didact",1
103,COMUNICAR,2018,7,1,Prosumers and emirecs: Analysis of two confronted theories,2,2,"Univ Nacl Educ Distancia, Fac Educ, Masters Degree
   Commun &amp; Educ Web, Madrid, Spain.",Univ Nacl Educ Distancia, Fac Educ," Masters Degree
   Commun &amp; Educ Web",1
104,COMUNICAR,2018,7,1,"A science mapping analysis of 'Communication' WoS subject category
   (1980-2013)",5,6,"Univ Int Rioja, Logrono,
   Spain.",Univ Int Rioja, Logrono,"
   Spain.",2
105,COMUNICAR,2018,7,1,"A science mapping analysis of 'Communication' WoS subject category
   (1980-2013)",5,6,"Univ Cadiz, Dept Comp Sci &amp; Engn, Cadiz, Spain.",Univ Cadiz, Dept Comp Sci &amp; Engn, Cadiz,1
106,COMUNICAR,2018,7,1,"A science mapping analysis of 'Communication' WoS subject category
   (1980-2013)",5,6,"Univ Jaen, Dept Management &amp; Mkt, Jaen, Spain.",Univ Jaen, Dept Management &amp; Mkt, Jaen,1
107,COMUNICAR,2018,7,1,"A science mapping analysis of 'Communication' WoS subject category
   (1980-2013)",5,6,"Univ Granada, Dept Comp Sci &amp; Artificial
   Intelligence, Granada, Spain.",Univ Granada," Dept Comp Sci &amp; Artificial
   Intelligence", Granada,1
108,COMUNICAR,2018,7,1,"A science mapping analysis of 'Communication' WoS subject category
   (1980-2013)",5,6,"Univ Granada, Granada, Spain.",Univ Granada, Granada, Spain.,1
109,COMUNICAR,2018,7,1,"Gamification and transmedia for scientific promotion and for encouraging
   scientific careers in adolescents",2,2,"Univ Murcia, Dept Evolutionary Psychol &amp; Educ,
   Murcia, Spain.",Univ Murcia, Dept Evolutionary Psychol &amp; Educ,"
   Murcia",1
110,COMUNICAR,2018,7,1,"Gamification and transmedia for scientific promotion and for encouraging
   scientific careers in adolescents",2,2,"Univ Murcia, Fac Commun &amp; Documentat, Murcia,
   Spain.",Univ Murcia, Fac Commun &amp; Documentat, Murcia,1
111,COMUNICAR,2018,7,1,"From sMOOC to tMOOC, learning towards professional transference: ECO
   European Project",3,3,"Natl Distance Educ Univ, Didact &amp; Sch Org Dept,
   Madrid, Spain.",Natl Distance Educ Univ, Didact &amp; Sch Org Dept,"
   Madrid",1
112,COMUNICAR,2018,7,1,"From sMOOC to tMOOC, learning towards professional transference: ECO
   European Project",3,3,"Univ Zaragoza, Gen &amp; Hispan Linguist Dept, Area
   Journalism, Zaragoza, Spain.",Univ Zaragoza, Gen &amp; Hispan Linguist Dept," Area
   Journalism",1
113,COMUNICAR,2018,7,1,"From sMOOC to tMOOC, learning towards professional transference: ECO
   European Project",3,3,"Sorbonne Nouvelle Univ Paris, English Speaking Wold
   Dept, Paris, France.",Sorbonne Nouvelle Univ Paris," English Speaking Wold
   Dept", Paris,1
114,COMUNICAR,2018,7,1,"Emotional intelligence and peer cyber-victimisation in adolescents:
   Gender as moderator",2,4,"Univ Malaga, Dept Personal
   Evaluat &amp; Psychol Treatment, Malaga, Spain.",Univ Malaga," Dept Personal
   Evaluat &amp; Psychol Treatment", Malaga,2
115,COMUNICAR,2018,7,1,"Emotional intelligence and peer cyber-victimisation in adolescents:
   Gender as moderator",2,4,"Univ Malaga, Dept Social
   Psychol, Malaga, Spain.",Univ Malaga," Dept Social
   Psychol", Malaga,2
116,COMUNICAR,2018,7,1,Socio-cognitive and emotional factors on perpetration of cyberbullying,1,3,"Univ Castilla La
   Mancha, Dept Phsycol, Ciudad Real, Spain.","Univ Castilla La
   Mancha", Dept Phsycol, Ciudad Real,3
117,COMUNICAR,2018,7,1,"Teachers' and students' perception about cyberbullying. Intervention
   strategies in Primary and Secondary education",4,4,"Catholic Univ Murcia, Social Sci &amp; Commun Sch,
   Murcia, Spain.",Catholic Univ Murcia, Social Sci &amp; Commun Sch,"
   Murcia",1
118,COMUNICAR,2018,7,1,"Teachers' and students' perception about cyberbullying. Intervention
   strategies in Primary and Secondary education",4,4,"Univ Murcia, Sch Educ, Murcia, Spain.",Univ Murcia, Sch Educ, Murcia,1
119,COMUNICAR,2018,7,1,"Teachers' and students' perception about cyberbullying. Intervention
   strategies in Primary and Secondary education",4,4,"Univ Murcia, Sch Psychol, Murcia, Spain.",Univ Murcia, Sch Psychol, Murcia,1
120,COMUNICAR,2018,7,1,"Teachers' and students' perception about cyberbullying. Intervention
   strategies in Primary and Secondary education",4,4,"Univ Estadual Campinas, Sch Phys Educ, Campinas, SP,
   Brazil.",Univ Estadual Campinas, Sch Phys Educ, Campinas,1
121,COMUNICAR,2018,7,1,'Asegurate' Program: Effects on cyber-aggression and its risk factors,3,5,"Univ Seville, Dept Dev &amp;
   Educ Psychol, Seville, Spain.",Univ Seville," Dept Dev &amp;
   Educ Psychol", Seville,2
122,COMUNICAR,2018,7,1,'Asegurate' Program: Effects on cyber-aggression and its risk factors,3,5,"Univ Cordoba, Dept Psychol,
   Cordoba, Spain.",Univ Cordoba, Dept Psychol,"
   Cordoba",2
123,COMUNICAR,2018,7,1,'Asegurate' Program: Effects on cyber-aggression and its risk factors,3,5,"Univ Jaen, Dept Psychol, Jaen, Spain.",Univ Jaen, Dept Psychol, Jaen,1
124,COMUNICAR,2018,7,1,"Cyberbullying and problematic Internet use in Colombia, Uruguay and
   Spain: Cross-cultural study",3,4,"Int Univ La Rioja,
   Dept Educ Psychol &amp; Psychobiol, Logrono, Spain.",Int Univ La Rioja,"
   Dept Educ Psychol &amp; Psychobiol", Logrono,2
125,COMUNICAR,2018,7,1,"Cyberbullying and problematic Internet use in Colombia, Uruguay and
   Spain: Cross-cultural study",3,4,"Int Univ La Rioja, Dept Didact Math &amp; Expt
   Sci, Logrono, Spain.",Int Univ La Rioja," Dept Didact Math &amp; Expt
   Sci", Logrono,1
126,COMUNICAR,2018,7,1,"Cyberbullying and problematic Internet use in Colombia, Uruguay and
   Spain: Cross-cultural study",3,4,"Int Univ La Rioja, Didact Social Sci,
   Logrono, Spain.",Int Univ La Rioja, Didact Social Sci,"
   Logrono",1
127,COMUNICAR,2018,7,1,"Communication research in Spain: Weaknesses, threats, strengths and
   opportunities",3,3,"Rey Juan Carlos Uinivers, Sociol &amp; Commun Dept,
   Madrid, Spain.",Rey Juan Carlos Uinivers, Sociol &amp; Commun Dept,"
   Madrid",1
128,COMUNICAR,2018,7,1,"Communication research in Spain: Weaknesses, threats, strengths and
   opportunities",3,3,"Salamanca Univ, Sociol &amp; Commun Dept, Salamanca, Spain.",Salamanca Univ, Sociol &amp; Commun Dept, Salamanca,1
129,COMUNICAR,2018,7,1,"Communication research in Spain: Weaknesses, threats, strengths and
   opportunities",3,3,"Univ Complutense Madrid, Sociol Methods &amp; Theory
   Dept, Madrid, Spain.",Univ Complutense Madrid," Sociol Methods &amp; Theory
   Dept", Madrid,1
130,COMUNICAR,2018,7,1,"Online risk perception in young people and its effects on digital
   behaviour",2,3,"Univ Alicante, Dept Commun &amp;
   Social Psychol, Alicante, Spain.",Univ Alicante," Dept Commun &amp;
   Social Psychol", Alicante,2
131,COMUNICAR,2018,7,1,"Online risk perception in young people and its effects on digital
   behaviour",2,3,"San Pablo CEU Univ, Dept Journalism,
   Madrid, Spain.",San Pablo CEU Univ, Dept Journalism,"
   Madrid",1
132,COMUNICAR,2018,7,1,"Spies and security: Assessing the impact of animated videos on
   intelligence services in school children",1,2,"Univ Cadiz,
   Dept Int Publ Law Criminal Law &amp; Procedural Law, Cadiz, Spain.",Univ Cadiz,"
   Dept Int Publ Law Criminal Law &amp; Procedural Law", Cadiz,2
133,COMUNICAR,2018,7,1,"Problematic uses of ICT among young people in their personal and school
   life",3,4,"UAB, Dept Appl Pedag, Barcelona,
   Spain.",UAB, Dept Appl Pedag, Barcelona,2
134,COMUNICAR,2018,7,1,"Problematic uses of ICT among young people in their personal and school
   life",3,4,"Open Univ Catalonia, Psychol &amp; Educ Studies, Barcelona,
   Spain.",Open Univ Catalonia, Psychol &amp; Educ Studies, Barcelona,1
135,COMUNICAR,2018,7,1,"Problematic uses of ICT among young people in their personal and school
   life",3,4,"Open Univ Catalonia, Internet Interdisciplinary Inst,
   Barcelona, Spain.",Open Univ Catalonia, Internet Interdisciplinary Inst,"
   Barcelona",1
136,COMUNICAR,2018,7,1,"Excessive use of social networks: Psychosocial profile of Spanish
   adolescents",1,3,"Univ Girona, Dept Psychol, Girona, Spain.",Univ Girona, Dept Psychol, Girona,3
137,COMUNICAR,2018,7,1,Artivism: A new educative language for transformative social action,3,3,"Univ Complutense Madrid, Fac Informat Sci, Informat
   Theory, Madrid, Spain.",Univ Complutense Madrid, Fac Informat Sci," Informat
   Theory",1
138,COMUNICAR,2018,7,1,Artivism: A new educative language for transformative social action,3,3,"Univ Complutense Madrid, Fac Informat Sci,
   Eth &amp; Profess Deontol &amp; Polit Commun, Madrid, Spain.",Univ Complutense Madrid, Fac Informat Sci,"
   Eth &amp; Profess Deontol &amp; Polit Commun",1
139,COMUNICAR,2018,7,1,Artivism: A new educative language for transformative social action,3,3,"Univ Nottingham Trent, Journalism, Nottingham, England.",Univ Nottingham Trent, Journalism, Nottingham,1
140,COMUNICAR,2018,7,1,"Artivism and social conscience: Transforming teacher training from a
   sensibility standpoint",1,1,"Univ A Coruna, Fac Educ, La Coruna, Spain.",Univ A Coruna, Fac Educ, La Coruna,1
141,COMUNICAR,2018,7,1,"Artivism and NGO: Relationship between image and 'engagement' in
   Instagram",2,3,"Univ Complutense Madrid, Dept Journalism &amp;
   New Media, Madrid, Spain.",Univ Complutense Madrid," Dept Journalism &amp;
   New Media", Madrid,1
142,COMUNICAR,2018,7,1,"Artivism and NGO: Relationship between image and 'engagement' in
   Instagram",2,3,"Villanueva Univ
   Madrid, Commun Dept, Madrid, Spain.","Villanueva Univ
   Madrid", Commun Dept, Madrid,2
143,COMUNICAR,2018,7,1,"Postdrama culture in Ecuador and Spain: Methodological framework and
   comparative study",1,2,"Pontif Catholic
   Univ Ecuador, Sch Commun, Ibarra, Ecuador.","Pontif Catholic
   Univ Ecuador", Sch Commun, Ibarra,2
144,COMUNICAR,2018,7,1,Video artivism: The poetics of symbolic conflict,2,2,"King Juan Carlos Univ, Dept Commun Sci &amp; Sociol,
   Madrid, Spain.",King Juan Carlos Univ, Dept Commun Sci &amp; Sociol,"
   Madrid",1
145,COMUNICAR,2018,7,1,Video artivism: The poetics of symbolic conflict,2,2,"Univ Malaga, Dept Audiovisual Commun &amp; Publ, Malaga, Spain.",Univ Malaga, Dept Audiovisual Commun &amp; Publ, Malaga,1
146,COMUNICAR,2018,7,1,"Digital natives: Online audiovisual content consumption, creation and
   dissemination",2,3,"Univ Basque Country, Dept
   Audiovisual Commun &amp; Advertising, Bilbao, Spain.",Univ Basque Country," Dept
   Audiovisual Commun &amp; Advertising", Bilbao,1
147,COMUNICAR,2018,7,1,"Digital natives: Online audiovisual content consumption, creation and
   dissemination",2,3,"Univ Basque
   Country, Dept Journalism 2, Bilbao, Spain.","Univ Basque
   Country", Dept Journalism 2, Bilbao,2
148,COMUNICAR,2018,7,1,Youtubers' social functions and their influence on pre-adolescence,2,3,"Univ Ramon Llull, Blanquerna Sch
   Commun &amp; Int Relat, Barcelona, Spain.",Univ Ramon Llull," Blanquerna Sch
   Commun &amp; Int Relat", Barcelona,2
149,COMUNICAR,2018,7,1,Youtubers' social functions and their influence on pre-adolescence,2,3,"Univ Pompeu Fabra, Tecnocampus Mataro, Barcelona, Spain.",Univ Pompeu Fabra, Tecnocampus Mataro, Barcelona,1
150,COMUNICAR,2018,7,1,"Towards understanding young children's digital lives in China and
   Australia",2,2,"Soochow Univ, Sch Commun, Suzhou, Peoples R China.",Soochow Univ, Sch Commun, Suzhou,1
151,COMUNICAR,2018,7,1,"Towards understanding young children's digital lives in China and
   Australia",2,2,"Queensland Univ Technol, Sch Commun, Brisbane, Qld,
   Australia.",Queensland Univ Technol, Sch Commun, Brisbane,1
152,COMUNICAR,2018,7,1,"University training on entrepreneurship in communication and journalism
   business projects",4,4,"Madrid Open Univ, Dept Business Adm &amp;
   Management &amp; Econ, Madrid, Spain.",Madrid Open Univ," Dept Business Adm &amp;
   Management &amp; Econ", Madrid,1
153,COMUNICAR,2018,7,1,"University training on entrepreneurship in communication and journalism
   business projects",4,4,"Jaume I Univ Castellon, Fac Humanities &amp;
   Social Sci, Castellon De La Plana, Spain.",Jaume I Univ Castellon," Fac Humanities &amp;
   Social Sci", Castellon De La Plana,1
154,COMUNICAR,2018,7,1,"University training on entrepreneurship in communication and journalism
   business projects",4,4,"Univ Florida, Dept Ind &amp; Syst Engn,
   Gainesville, FL 32611 USA.",Univ Florida, Dept Ind &amp; Syst Engn,"
   Gainesville",1
155,COMUNICAR,2018,7,1,"University training on entrepreneurship in communication and journalism
   business projects",4,4,"Carlos III Univ Madrid, Dept Signal Theory &amp;
   Commun, Getafe, Spain.",Carlos III Univ Madrid," Dept Signal Theory &amp;
   Commun", Getafe,1
156,COMUNICAR,2018,7,1,Radio studies: An overview from the Ibero-American academia,2,2,"Univ A Coruna, Dept Sociol &amp; Commun Sci, La
   Coruna, Spain.",Univ A Coruna, Dept Sociol &amp; Commun Sci," La
   Coruna",1
157,COMUNICAR,2018,7,1,Radio studies: An overview from the Ibero-American academia,2,2,"Univ Extremadura, Dept Informat &amp; Commun, Badajoz,
   Spain.",Univ Extremadura, Dept Informat &amp; Commun, Badajoz,1
