,Journal,Year,Journal_Rank,Q_Position,Title,Total_Units,Total_Authors,Unit_Address,Unit_Name_1,Unit_Name_2,Unit_Name_3,Author_Number
0,POLITICAL COMMUNICATION,2018,8,1,Market Demand for Civic Affairs News,2,3,"Univ Calif Los Angeles, Commun, Los
   Angeles, CA USA.",Univ Calif Los Angeles, Commun," Los
   Angeles",2
1,POLITICAL COMMUNICATION,2018,8,1,Market Demand for Civic Affairs News,2,3,"Univ Calif Los Angeles, Polit Sci, Los Angeles, CA 90024
   USA.",Univ Calif Los Angeles, Polit Sci, Los Angeles,1
2,POLITICAL COMMUNICATION,2018,8,1,"Intra-Campaign Changes in Voting Preferences: The Impact of Media and
   Party Communication",5,6,"German Ctr Higher Educ Res &amp; Sci Studies DZHW, Hannover,
   Germany.",German Ctr Higher Educ Res &amp; Sci Studies DZHW, Hannover,"
   Germany.",1
3,POLITICAL COMMUNICATION,2018,8,1,"Intra-Campaign Changes in Voting Preferences: The Impact of Media and
   Party Communication",5,6,"Univ Vienna, Dept Govt, Rathausstr
   19-9, A-1010 Vienna, Austria.",Univ Vienna, Dept Govt," Rathausstr
   19-9",2
4,POLITICAL COMMUNICATION,2018,8,1,"Intra-Campaign Changes in Voting Preferences: The Impact of Media and
   Party Communication",5,6,"Univ Hamburg, Inst Journalism
   Commun Studies, Digital Commun &amp; Sustainabil, Hamburg, Germany.",Univ Hamburg," Inst Journalism
   Commun Studies", Digital Commun &amp; Sustainabil,1
5,POLITICAL COMMUNICATION,2018,8,1,"Intra-Campaign Changes in Voting Preferences: The Impact of Media and
   Party Communication",5,6,"Univ Vienna, Dept Govt, Methods Social Sci, Vienna,
   Austria.",Univ Vienna, Dept Govt, Methods Social Sci,1
6,POLITICAL COMMUNICATION,2018,8,1,"Intra-Campaign Changes in Voting Preferences: The Impact of Media and
   Party Communication",5,6,"City Univ London, Dept Sociol, Survey Methodol,
   London, England.",City Univ London, Dept Sociol, Survey Methodol,1
7,POLITICAL COMMUNICATION,2018,8,1,"The Influence of ""Social Viewing"" on Televised Debate Viewers' Political
   Judgment",3,5,"Seoul Natl Univ, Commun,
   Seoul, South Korea.",Seoul Natl Univ, Commun,"
   Seoul",3
8,POLITICAL COMMUNICATION,2018,8,1,"The Influence of ""Social Viewing"" on Televised Debate Viewers' Political
   Judgment",3,5,"Univ Penn, Commun &amp; Polit Sci, Philadelphia, PA 19104 USA.",Univ Penn, Commun &amp; Polit Sci, Philadelphia,1
9,POLITICAL COMMUNICATION,2018,8,1,"The Influence of ""Social Viewing"" on Televised Debate Viewers' Political
   Judgment",3,5,"Univ Toronto, Comp Sci, Toronto, ON, Canada.",Univ Toronto, Comp Sci, Toronto,1
10,POLITICAL COMMUNICATION,2018,8,1,Elite Domination of Public Doubts About Climate Change (Not Evolution),1,1,"Univ Calif Irvine, Polit Sci, 3151 Social Sci Plaza,
   Irvine, CA 92697 USA.",Univ Calif Irvine, Polit Sci, 3151 Social Sci Plaza,1
11,POLITICAL COMMUNICATION,2018,8,1,"Toward Conflict or Compromise? How Violent Metaphors Polarize Partisan
   Issue Attitudes",4,4,"Louisiana State Univ, Manship Sch Mass Commun, Polit
   Commun, Baton Rouge, LA 70803 USA.",Louisiana State Univ, Manship Sch Mass Commun," Polit
   Commun",1
12,POLITICAL COMMUNICATION,2018,8,1,"Toward Conflict or Compromise? How Violent Metaphors Polarize Partisan
   Issue Attitudes",4,4,"Louisiana State Univ, Dept Polit Sci, Baton Rouge,
   LA 70803 USA.",Louisiana State Univ, Dept Polit Sci, Baton Rouge,1
13,POLITICAL COMMUNICATION,2018,8,1,"Toward Conflict or Compromise? How Violent Metaphors Polarize Partisan
   Issue Attitudes",4,4,"Brigham Young Univ, Polit Sci, Provo, UT 84602 USA.",Brigham Young Univ, Polit Sci, Provo,1
14,POLITICAL COMMUNICATION,2018,8,1,"Toward Conflict or Compromise? How Violent Metaphors Polarize Partisan
   Issue Attitudes",4,4,"Brigham Young Univ, Marriott Sch Management, Sch
   Accountancy, Provo, UT 84602 USA.",Brigham Young Univ, Marriott Sch Management," Sch
   Accountancy",1
15,POLITICAL COMMUNICATION,2018,8,1,"Changing Owners, Changing Content: Does Who Owns the News Matter for the
   News?",2,2,"Univ Richmond, Jepson Sch Leadership Studies,
   Richmond, VA 23173 USA.",Univ Richmond, Jepson Sch Leadership Studies,"
   Richmond",1
16,POLITICAL COMMUNICATION,2018,8,1,"Changing Owners, Changing Content: Does Who Owns the News Matter for the
   News?",2,2,"Vanderbilt Univ, Polit Sci, 221 Kirkland Hall,
   Nashville, TN 37235 USA.",Vanderbilt Univ, Polit Sci, 221 Kirkland Hall,1
17,POLITICAL COMMUNICATION,2018,8,1,"Does the Political System Determine Media Visibility of Politicians? A
   Comparative Analysis of Political Functions in the News in Sixteen
   Countries",2,2,"Univ Antwerp, Res Grp Media Movements &amp; Polit M2P, Antwerp,
   Belgium.",Univ Antwerp, Res Grp Media Movements &amp; Polit M2P, Antwerp,1
18,POLITICAL COMMUNICATION,2018,8,1,"Does the Political System Determine Media Visibility of Politicians? A
   Comparative Analysis of Political Functions in the News in Sixteen
   Countries",2,2,"Univ Antwerp, Dept Polit Sci, Sint Jacobsstr 2,
   B-2000 Antwerp, Belgium.",Univ Antwerp, Dept Polit Sci, Sint Jacobsstr 2,1
19,POLITICAL COMMUNICATION,2018,8,1,"Living in the Past or Living in the Future? Analyzing Parties' Platform
   Change In Between Elections,The Netherlands 1997-2014",3,3,"Univ Zurich, Dept Polit Sci, Zurich,
   Switzerland.",Univ Zurich, Dept Polit Sci, Zurich,1
20,POLITICAL COMMUNICATION,2018,8,1,"Living in the Past or Living in the Future? Analyzing Parties' Platform
   Change In Between Elections,The Netherlands 1997-2014",3,3,"Univ Amsterdam, Dept Polit Sci, Amsterdam,
   Netherlands.",Univ Amsterdam, Dept Polit Sci, Amsterdam,1
21,POLITICAL COMMUNICATION,2018,8,1,"Living in the Past or Living in the Future? Analyzing Parties' Platform
   Change In Between Elections,The Netherlands 1997-2014",3,3,"Univ Utrecht, Sch Governance, Utrecht, Netherlands.",Univ Utrecht, Sch Governance, Utrecht,1
22,POLITICAL COMMUNICATION,2018,8,1,"The Mix of Media Use Matters: Investigating the Effects of Individual
   News Repertoires on Offline and Online Political Participation",3,3,"Univ Gothenburg, Journalism &amp; Polit Commun,
   Gothenburg, Sweden.",Univ Gothenburg, Journalism &amp; Polit Commun,"
   Gothenburg",1
23,POLITICAL COMMUNICATION,2018,8,1,"The Mix of Media Use Matters: Investigating the Effects of Individual
   News Repertoires on Offline and Online Political Participation",3,3,"Mid Sweden Univ, Media &amp; Commun Sci, Sundsvall, Sweden.",Mid Sweden Univ, Media &amp; Commun Sci, Sundsvall,1
24,POLITICAL COMMUNICATION,2018,8,1,"The Mix of Media Use Matters: Investigating the Effects of Individual
   News Repertoires on Offline and Online Political Participation",3,3,"Univ Amsterdam, Polit Commun, Amsterdam,
   Netherlands.",Univ Amsterdam, Polit Commun, Amsterdam,1
25,POLITICAL COMMUNICATION,2018,8,1,"When a Man Meets a Woman: Comparing the Use of Negativity of Male
   Candidates in Single- and Mixed-Gender Televised Debates",2,2,"Univ Koblenz Landau, Dept Polit Sci, Polit Commun,
   Landau, Germany.",Univ Koblenz Landau, Dept Polit Sci, Polit Commun,1
26,POLITICAL COMMUNICATION,2018,8,1,"When a Man Meets a Woman: Comparing the Use of Negativity of Male
   Candidates in Single- and Mixed-Gender Televised Debates",2,2,"Univ Koblenz Landau, Grad Sch Gender Res, Landau,
   Germany.",Univ Koblenz Landau, Grad Sch Gender Res, Landau,1
27,POLITICAL COMMUNICATION,2018,8,1,"To Tell the Truth: Ad Watch Coverage, Ad Tone, and the Accuracy of
   Political Advertising",7,8,"Univ Oklahoma, Dept Commun, 610
   Elm Ave, Norman, OK 73019 USA.",Univ Oklahoma, Dept Commun," 610
   Elm Ave",2
28,POLITICAL COMMUNICATION,2018,8,1,"To Tell the Truth: Ad Watch Coverage, Ad Tone, and the Accuracy of
   Political Advertising",7,8,"Univ Oklahoma, Polit Commun Ctr, Norman, OK 73019
   USA.",Univ Oklahoma, Polit Commun Ctr, Norman,1
29,POLITICAL COMMUNICATION,2018,8,1,"To Tell the Truth: Ad Watch Coverage, Ad Tone, and the Accuracy of
   Political Advertising",7,8,"Univ North Texas, Mayborn Sch Journalism,
   Denton, TX USA.",Univ North Texas, Mayborn Sch Journalism,"
   Denton",1
30,POLITICAL COMMUNICATION,2018,8,1,"To Tell the Truth: Ad Watch Coverage, Ad Tone, and the Accuracy of
   Political Advertising",7,8,"James Madison Univ, Sch Commun Studies,
   Harrisonburg, VA 22807 USA.",James Madison Univ, Sch Commun Studies,"
   Harrisonburg",1
31,POLITICAL COMMUNICATION,2018,8,1,"To Tell the Truth: Ad Watch Coverage, Ad Tone, and the Accuracy of
   Political Advertising",7,8,"Midamer Christian Univ, Ctr Curriculum Learning
   Technol &amp; Inst Assessment, Oklahoma City, OK USA.",Midamer Christian Univ," Ctr Curriculum Learning
   Technol &amp; Inst Assessment", Oklahoma City,1
32,POLITICAL COMMUNICATION,2018,8,1,"To Tell the Truth: Ad Watch Coverage, Ad Tone, and the Accuracy of
   Political Advertising",7,8,"Univ St Thomas, Dept Commun, Houston, TX 77006
   USA.",Univ St Thomas, Dept Commun, Houston,1
33,POLITICAL COMMUNICATION,2018,8,1,"To Tell the Truth: Ad Watch Coverage, Ad Tone, and the Accuracy of
   Political Advertising",7,8,"Masaryk Univ, Dept Media Studies &amp; Journalism, Brno,
   Czech Republic.",Masaryk Univ, Dept Media Studies &amp; Journalism, Brno,1
34,POLITICAL COMMUNICATION,2018,8,1,The Political Significance of Social Media Activity and Social Networks,2,2,"Univ Calif Riverside, Grad Sch Educ, Educ Policy &amp;
   Polit, Riverside, CA 92521 USA.",Univ Calif Riverside, Grad Sch Educ," Educ Policy &amp;
   Polit",1
35,POLITICAL COMMUNICATION,2018,8,1,The Political Significance of Social Media Activity and Social Networks,2,2,"Univ Calif Riverside, Grad Sch Educ, Civ Engagement
   Res Grp, Riverside, CA 92521 USA.",Univ Calif Riverside, Grad Sch Educ," Civ Engagement
   Res Grp",1
36,POLITICAL COMMUNICATION,2018,8,1,"The Stealth Media? Groups and Targets behind Divisive Issue Campaigns on
   Facebook",7,9,"Univ Wisconsin, Sch Journalism &amp; Mass Commun &amp; Polit
   Sci, Madison, WI USA.",Univ Wisconsin," Sch Journalism &amp; Mass Commun &amp; Polit
   Sci", Madison,1
37,POLITICAL COMMUNICATION,2018,8,1,"The Stealth Media? Groups and Targets behind Divisive Issue Campaigns on
   Facebook",7,9,"Univ Wisconsin, Polit Sci, Madison, WI USA.",Univ Wisconsin, Polit Sci, Madison,2
38,POLITICAL COMMUNICATION,2018,8,1,"The Stealth Media? Groups and Targets behind Divisive Issue Campaigns on
   Facebook",7,9,"Univ Wisconsin, Math &amp; Comp Sci, Madison, WI USA.",Univ Wisconsin, Math &amp; Comp Sci, Madison,1
39,POLITICAL COMMUNICATION,2018,8,1,"The Stealth Media? Groups and Targets behind Divisive Issue Campaigns on
   Facebook",7,9,"Univ Wisconsin, Stat &amp; Math, Madison, WI USA.",Univ Wisconsin, Stat &amp; Math, Madison,1
40,POLITICAL COMMUNICATION,2018,8,1,"The Stealth Media? Groups and Targets behind Divisive Issue Campaigns on
   Facebook",7,9,"Univ Wisconsin, Life Sci Commun, Madison, WI USA.",Univ Wisconsin, Life Sci Commun, Madison,1
41,POLITICAL COMMUNICATION,2018,8,1,"The Stealth Media? Groups and Targets behind Divisive Issue Campaigns on
   Facebook",7,9,"Univ Wisconsin, Sch Journalism &amp; Mass
   Commun, Madison, WI 53706 USA.",Univ Wisconsin," Sch Journalism &amp; Mass
   Commun", Madison,2
42,POLITICAL COMMUNICATION,2018,8,1,"The Stealth Media? Groups and Targets behind Divisive Issue Campaigns on
   Facebook",7,9,"Univ Wisconsin, Stat &amp; Wisconsin Discovery Ctr,
   Machine Learning Grp, Madison, WI USA.",Univ Wisconsin, Stat &amp; Wisconsin Discovery Ctr,"
   Machine Learning Grp",1
43,POLITICAL COMMUNICATION,2018,8,1,"Bridging Gaps in Cross-Cutting Media Exposure: The Role of Public
   Service Broadcasting",3,3,"Univ Zurich, Dept Commun &amp; Media Res, Andreasstr
   15, CH-8050 Zurich, Switzerland.",Univ Zurich, Dept Commun &amp; Media Res," Andreasstr
   15",1
44,POLITICAL COMMUNICATION,2018,8,1,"Bridging Gaps in Cross-Cutting Media Exposure: The Role of Public
   Service Broadcasting",3,3,"Hebrew Univ Jerusalem, Dept Commun Social Sci, Jerusalem,
   Israel.",Hebrew Univ Jerusalem, Dept Commun Social Sci, Jerusalem,1
45,POLITICAL COMMUNICATION,2018,8,1,"Bridging Gaps in Cross-Cutting Media Exposure: The Role of Public
   Service Broadcasting",3,3,"Univ Southern Denmark, Ctr Journalism, Dept Polit
   Sci, Odense, Denmark.",Univ Southern Denmark, Ctr Journalism," Dept Polit
   Sci",1
46,POLITICAL COMMUNICATION,2018,8,1,Media Coverage and Public Approval of the US Supreme Court,3,3,"Colorado State Univ, Dept Polit Sci, C346 Clark Bldg,
   Ft Collins, CO 80523 USA.",Colorado State Univ, Dept Polit Sci, C346 Clark Bldg,1
47,POLITICAL COMMUNICATION,2018,8,1,Media Coverage and Public Approval of the US Supreme Court,3,3,"Louisiana State Univ, Manship Sch Mass Commun, Baton
   Rouge, LA 70803 USA.",Louisiana State Univ, Manship Sch Mass Commun," Baton
   Rouge",1
48,POLITICAL COMMUNICATION,2018,8,1,Media Coverage and Public Approval of the US Supreme Court,3,3,"Louisiana State Univ, Dept Polit Sci, Baton Rouge,
   LA 70803 USA.",Louisiana State Univ, Dept Polit Sci, Baton Rouge,1
49,POLITICAL COMMUNICATION,2018,8,1,"In the Spotlight: Analyzing Sequential Attention Effects in Protest
   Reporting",2,3,"Univ Konstanz, Dept Polit &amp;
   Publ Adm, Constance, Germany.",Univ Konstanz," Dept Polit &amp;
   Publ Adm", Constance,2
50,POLITICAL COMMUNICATION,2018,8,1,"In the Spotlight: Analyzing Sequential Attention Effects in Protest
   Reporting",2,3,"Uppsala Univ, Dept Peace &amp; Conflict Res,
   Uppsala, Sweden.",Uppsala Univ, Dept Peace &amp; Conflict Res,"
   Uppsala",1
51,POLITICAL COMMUNICATION,2018,8,1,"Do Bilinguals Respond More Favorably to Candidate Advertisements in
   English or in Spanish?",2,2,"Univ Chicago, Dept Polit Sci, Chicago, IL 60637 USA.",Univ Chicago, Dept Polit Sci, Chicago,1
52,POLITICAL COMMUNICATION,2018,8,1,"Do Bilinguals Respond More Favorably to Candidate Advertisements in
   English or in Spanish?",2,2,"Yale Univ, Polit Sci, New Haven, CT 06520 USA.",Yale Univ, Polit Sci, New Haven,1
53,POLITICAL COMMUNICATION,2018,8,1,"Compensator, Amplifier, or Distractor? The Moderating Role of Informal
   Political Talk on the Effect of News Media Use on Current-Affairs
   Learning Among First-Time Voters",1,2,"Univ Southern Denmark, Ctr
   Journalism, Special Responsibil, Odense, Denmark.",Univ Southern Denmark," Ctr
   Journalism", Special Responsibil,2
