,Journal,Year,Journal_Rank,Q_Position,Title,Total_Units,Total_Authors,Unit_Address,Unit_Name_1,Unit_Name_2,Unit_Name_3,Author_Number
0,COMMUNICATION & SPORT,2013,14,1,"Reflections on Communication and Sport: On Mediatization and Cultural
   Analysis",1,1,"Univ Bedfordshire, Pk Sq, Luton LU1 3JU, Beds, England.",Univ Bedfordshire, Pk Sq, Luton LU1 3JU,1
1,COMMUNICATION & SPORT,2013,14,1,Reflections on Communication and Sport: On Nation and Globalization,1,1,"Univ Western Sydney, Inst Culture &amp; Soc, Parramatta Campus
   Bldg EM,Locked Bag 1797, Penrith, NSW 2751, Australia.",Univ Western Sydney, Inst Culture &amp; Soc," Parramatta Campus
   Bldg EM",1
2,COMMUNICATION & SPORT,2013,14,1,Reflections on Communication and Sport: On Spectacle and Mega-Events,1,1,"Royal Rd Univ, 2005 Sooke Rd, Victoria, BC V9B 5Y2,
   Canada.",Royal Rd Univ, 2005 Sooke Rd, Victoria,1
3,COMMUNICATION & SPORT,2013,14,1,Reflections on Communication and Sport: On Institutions and Strategies,1,1,"Duquesne Univ, Dept Journalism &amp; Multimedia Arts,
   Pittsburgh, PA 15282 USA.",Duquesne Univ, Dept Journalism &amp; Multimedia Arts,"
   Pittsburgh",1
4,COMMUNICATION & SPORT,2013,14,1,"Reflections on Communication and Sport: On Strategic Communication and
   Management",1,1,"Indiana Univ, 1025 E 7th St,Suite 112, Bloomington,
   IN 47405 USA.",Indiana Univ, 1025 E 7th St,Suite 112,1
5,COMMUNICATION & SPORT,2013,14,1,Reflections on Communication and Sport: On Ethnography and Organizations,1,1,"Sacramento State Univ, Sacramento, CA 95819 USA.",Sacramento State Univ, Sacramento, CA 95819 USA.,1
6,COMMUNICATION & SPORT,2013,14,1,Reflections on Communication and Sport: On Reporting and Journalists,1,1,"Univ Florida, Dept Journalism, Gainesville, FL 32611 USA.",Univ Florida, Dept Journalism, Gainesville,1
7,COMMUNICATION & SPORT,2013,14,1,"Reflections on Communication and Sport: On Journalism and Digital
   Culture",1,1,"Univ Glasgow, Ctr Cultural Policy Res, Glasgow, Lanark,
   Scotland.",Univ Glasgow, Ctr Cultural Policy Res, Glasgow,1
8,COMMUNICATION & SPORT,2013,14,1,"Reflections on Communication and Sport: On Advertising and Promotional
   Culture",1,1,"Univ Otago, 46 East Union St, Dunedin 9015, New
   Zealand.",Univ Otago, 46 East Union St, Dunedin 9015,1
9,COMMUNICATION & SPORT,2013,14,1,Reflections on Communication and Sport: On Men and Masculinities,1,1,"Univ Southern Calif, Dept Sociol, Los Angeles, CA
   90089 USA.",Univ Southern Calif, Dept Sociol, Los Angeles,1
10,COMMUNICATION & SPORT,2013,14,1,Reflections on Communication and Sport: On Women and Femininities,1,1,"Univ Auckland, 74 Epsom Ave, Auckland 1024, New Zealand.",Univ Auckland, 74 Epsom Ave, Auckland 1024,1
11,COMMUNICATION & SPORT,2013,14,1,"Reflections on Communication and Sport: On Heteronormativity and Gender
   Identities",1,1,"Univ Toronto, 252 Bloor St West, Toronto, ON
   M5S 1V6, Canada.",Univ Toronto, 252 Bloor St West, Toronto,1
12,COMMUNICATION & SPORT,2013,14,1,Reflections on Communication and Sport: On Celebrity and Race,1,1,"Univ Maryland, Sch Publ Hlth, Dept Kinesiol, Phys
   Cultural Studies Program, College Pk, MD 20742 USA.",Univ Maryland, Sch Publ Hlth, Dept Kinesiol,1
13,COMMUNICATION & SPORT,2013,14,1,Reflections on Communication and Sport: On Enjoyment and Disposition,1,1,"Florida State Univ, Tallahassee, FL 32306 USA.",Florida State Univ, Tallahassee, FL 32306 USA.,1
14,COMMUNICATION & SPORT,2013,14,1,"Reflections on Communication and Sport: On Fanship and Social
   Relationships",1,1,"Indiana Univ, 1229 East Seventh St,Radiotelevis Bldg,
   Bloomington, IN 47405 USA.",Indiana Univ, 1229 East Seventh St,Radiotelevis Bldg,1
15,COMMUNICATION & SPORT,2013,14,1,"Reflections on Communication and Sport: On Reading Sport and Narrative
   Ethics",1,1,"Loyola Marymount Univ, 1 LMU Dr, Los Angeles, CA
   90045 USA.",Loyola Marymount Univ, 1 LMU Dr, Los Angeles,1
16,COMMUNICATION & SPORT,2013,14,1,"Women Play Sport, But Not on TV: A Longitudinal Study of Televised News
   Media",5,5,"Purdue Univ, Dept Hlth &amp; Kinesiol, 800 W Stadium
   Ave,Lambert Fieldhouse, W Lafayette, IN 47907 USA.",Purdue Univ, Dept Hlth &amp; Kinesiol," 800 W Stadium
   Ave",1
17,COMMUNICATION & SPORT,2013,14,1,"Women Play Sport, But Not on TV: A Longitudinal Study of Televised News
   Media",5,5,"Purdue Univ, Womens Gender &amp; Sexual Studies Program, W
   Lafayette, IN 47907 USA.",Purdue Univ, Womens Gender &amp; Sexual Studies Program," W
   Lafayette",1
18,COMMUNICATION & SPORT,2013,14,1,"Women Play Sport, But Not on TV: A Longitudinal Study of Televised News
   Media",5,5,"Univ Southern Calif, Dept Sociol, Los Angeles, CA
   USA.",Univ Southern Calif, Dept Sociol, Los Angeles,1
19,COMMUNICATION & SPORT,2013,14,1,"Women Play Sport, But Not on TV: A Longitudinal Study of Televised News
   Media",5,5,"Univ Southern Calif, Gender Studies Program, Los
   Angeles, CA USA.",Univ Southern Calif, Gender Studies Program," Los
   Angeles",1
20,COMMUNICATION & SPORT,2013,14,1,"Women Play Sport, But Not on TV: A Longitudinal Study of Televised News
   Media",5,5,"Laguna Coll Art &amp; Design, Fac Fine Arts, Laguna
   Beach, CA USA.",Laguna Coll Art &amp; Design, Fac Fine Arts," Laguna
   Beach",1
21,COMMUNICATION & SPORT,2013,14,1,"The Better Sportswomen Get, the More the Media Ignore Them",1,1,"Univ Minnesota, Minneapolis, MN 55455 USA.",Univ Minnesota, Minneapolis, MN 55455 USA.,1
22,COMMUNICATION & SPORT,2013,14,1,Why Female Athletes Remain on Sport's Periphery,1,1,"New York Times Co, New York, NY 10036 USA.",New York Times Co, New York, NY 10036 USA.,1
23,COMMUNICATION & SPORT,2013,14,1,Want Changes in Content? Change the Decision Makers,1,1,"Penn State, 201 Carnegie, State Coll, PA 16802 USA.",Penn State, 201 Carnegie, State Coll,1
24,COMMUNICATION & SPORT,2013,14,1,"Women, Sports, and Journalism: Examining the Limited Role of Women in
   Student Newspaper Sports Reporting",1,1,"Penn State Univ, 25 Yearsley Mill Rd, Media, PA 19063
   USA.",Penn State Univ, 25 Yearsley Mill Rd, Media,1
25,COMMUNICATION & SPORT,2013,14,1,"Exploring Elite Female Athletes' Interpretations of Sport Media Images:
   A Window Into the Construction of Social Identity and ""Selling Sex"" in
   Women's Sports",2,3,"Univ Minnesota, Tucker Ctr Res Girls &amp;
   Women Sport, Minneapolis, MN 55455 USA.",Univ Minnesota," Tucker Ctr Res Girls &amp;
   Women Sport", Minneapolis,2
26,COMMUNICATION & SPORT,2013,14,1,"Exploring Elite Female Athletes' Interpretations of Sport Media Images:
   A Window Into the Construction of Social Identity and ""Selling Sex"" in
   Women's Sports",2,3,"Univ Massachusetts, Mark H McCormack Dept Sport
   Management, Amherst, MA 01003 USA.",Univ Massachusetts," Mark H McCormack Dept Sport
   Management", Amherst,1
27,COMMUNICATION & SPORT,2013,14,1,"The Elementary Forms of Sports Fandom: A Durkheimian Exploration of Team
   Myths, Kinship, and Totemic Rituals",1,1,"Fairfield Univ, Dept Commun, 223 Donnarumma Hall,1073
   N Benson Rd, Fairfield, CT 06824 USA.",Fairfield Univ, Dept Commun, 223 Donnarumma Hall,1
28,COMMUNICATION & SPORT,2013,14,1,"Soccer, Broadcasting, and Narrative: On Televising a Live Soccer Match",1,1,"UCL, Pearson Bldg,Gower St, London WC1E 6BT, England.",UCL, Pearson Bldg,Gower St,1
29,COMMUNICATION & SPORT,2013,14,1,"A Media Frames Analysis of the Legacy Discourse for the 2010 Winter
   Paralympic Games",1,1,"Univ Western Ontario, Sch Kinesiol, 1151 Richmond Rd,
   London, ON N6C 1J5, Canada.",Univ Western Ontario, Sch Kinesiol, 1151 Richmond Rd,1
30,COMMUNICATION & SPORT,2013,14,1,Digital Hoops History: NBA 2K12 and Remediating Basketball's Past,1,1,"Univ Houston Victoria, Sch Arts &amp; Sci, Victoria, TX
   78259 USA.",Univ Houston Victoria, Sch Arts &amp; Sci, Victoria,1
31,COMMUNICATION & SPORT,2013,14,1,"Morality in the Mountains: Risk, Responsibility, and Neoliberalism in
   Newspaper Accounts of Backcountry Rescue",1,1,"Univ Lethbridge, 4401 Univ Dr W, Lethbridge, AB T1K
   3M4, Canada.",Univ Lethbridge, 4401 Univ Dr W, Lethbridge,1
32,COMMUNICATION & SPORT,2014,14,1,"Manufacturing a Messiah: How Nike and LeBron James Co-Constructed the
   Legend of King James",1,2,"Univ Alabama, POB 870172,
   Tuscaloosa, AL 35487 USA.",Univ Alabama, POB 870172,"
   Tuscaloosa",2
33,COMMUNICATION & SPORT,2014,14,1,"Extending and Withholding Forgiveness to Josh Hamilton: Exploring
   Forgiveness Within Parasocial Interaction",2,2,"Clemson Univ, Dept Commun Studies, 413 Strode Tower,
   Clemson, SC 29631 USA.",Clemson Univ, Dept Commun Studies, 413 Strode Tower,1
34,COMMUNICATION & SPORT,2014,14,1,"Extending and Withholding Forgiveness to Josh Hamilton: Exploring
   Forgiveness Within Parasocial Interaction",2,2,"Univ Alabama, Coll Commun &amp; Informat Sci, Tuscaloosa, AL
   USA.",Univ Alabama, Coll Commun &amp; Informat Sci, Tuscaloosa,1
35,COMMUNICATION & SPORT,2014,14,1,"Nice Dig!: An Analysis of the Verbal and Visual Coverage of Men's and
   Women's Beach Volleyball During the 2008 Olympic Games",2,2,"Auburn Univ, Dept Commun &amp; Journalism, 217
   Tichenor Hall, Auburn, AL 36849 USA.",Auburn Univ, Dept Commun &amp; Journalism," 217
   Tichenor Hall",1
36,COMMUNICATION & SPORT,2014,14,1,"Nice Dig!: An Analysis of the Verbal and Visual Coverage of Men's and
   Women's Beach Volleyball During the 2008 Olympic Games",2,2,"Univ Alabama, Inst Commun &amp; Informat Res,
   Tuscaloosa, AL USA.",Univ Alabama, Inst Commun &amp; Informat Res,"
   Tuscaloosa",1
37,COMMUNICATION & SPORT,2014,14,1,"A Sports Journalism of Their Own: An Investigation Into the Motivations,
   Behaviours, and Media Attitudes of Fan Sports Bloggers",1,1,"La Trobe Univ, Melbourne, Vic, Australia.",La Trobe Univ, Melbourne, Vic,1
38,COMMUNICATION & SPORT,2014,14,1,"Choosing Between the One-Way or Two-Way Street: An Exploration of
   Relationship Promotion by Professional Athletes on Twitter",2,5,"Univ Southern Indiana, 8600 Univ Blvd, Evansville, IN
   47712 USA.",Univ Southern Indiana, 8600 Univ Blvd, Evansville,1
39,COMMUNICATION & SPORT,2014,14,1,"Choosing Between the One-Way or Two-Way Street: An Exploration of
   Relationship Promotion by Professional Athletes on Twitter",2,5,"Indiana Univ, Bloomington, IN USA.",Indiana Univ, Bloomington, IN USA.,4
40,COMMUNICATION & SPORT,2014,14,1,"Much Ado (or Not) About Twitter? Assessing an Emergent Communication and
   Sport Research Agenda",1,1,"Loyola Marymount Univ, Los Angeles, CA 90045 USA.",Loyola Marymount Univ, Los Angeles, CA 90045 USA.,1
41,COMMUNICATION & SPORT,2014,14,1,"Power in the Reverberation: Why Twitter Matters, But Not the Way Most
   Believe",1,1,"Univ Alabama, Tuscaloosa, AL USA.",Univ Alabama, Tuscaloosa, AL USA.,1
42,COMMUNICATION & SPORT,2014,14,1,Moving Beyond Description: Putting Twitter in (Theoretical) Context,1,1,"Penn State, 201 Carnegie, University Pk, PA 16802 USA.",Penn State, 201 Carnegie, University Pk,1
43,COMMUNICATION & SPORT,2014,14,1,"Following the Followers: Sport Researchers' Labour Lost in the
   Twittersphere?",1,1,"Univ Western Sydney, Inst Culture &amp; Soc, Penrith, NSW
   2751, Australia.",Univ Western Sydney, Inst Culture &amp; Soc, Penrith,1
44,COMMUNICATION & SPORT,2014,14,1,Twitter: Follow the Money and Look Beyond Sports,1,1,"Monash Univ, POB 197, Melbourne, Vic 3145, Australia.",Monash Univ, POB 197, Melbourne,1
45,COMMUNICATION & SPORT,2014,14,1,What Do We Do With Twitter?,1,1,"Clemson Univ, 413 Strode Tower, Clemson, SC 29631 USA.",Clemson Univ, 413 Strode Tower, Clemson,1
46,COMMUNICATION & SPORT,2014,14,1,Twitter as Disruptive Innovation in Sport Communication,1,1,"Laurentian Univ, 935 Ramsey Lake Rd, Sudbury, ON P3E
   2C6, Canada.",Laurentian Univ, 935 Ramsey Lake Rd, Sudbury,1
47,COMMUNICATION & SPORT,2014,14,1,"A Commentary on Social Media Research From the Perspective of a Sport
   Communication Journal Editor",1,1,"Indiana Univ, Dept Kinesiol, Sch Publ Hlth
   Bloomington, 1025 E 7th St,Suite 112, Bloomington, IN 47405 USA.",Indiana Univ, Dept Kinesiol," Sch Publ Hlth
   Bloomington",1
48,COMMUNICATION & SPORT,2014,14,1,"Reading Yoga: Changing Discourses of Postural Yoga on the Yoga Journal
   Covers",1,1,"Univ Alberta, Edmonton, AB, Canada.",Univ Alberta, Edmonton, AB,1
49,COMMUNICATION & SPORT,2014,14,1,"Contradicting Coach or Grumbling to Teammates: Exploring Dissent
   Expression in the Coach-Athlete Relationship",1,2,"Arizona State Univ, Sch
   Social &amp; Behav Sci, POB 37100, Phoenix, AZ 85069 USA.",Arizona State Univ," Sch
   Social &amp; Behav Sci", POB 37100,2
50,COMMUNICATION & SPORT,2014,14,1,"""Frame-Changing'' the Game: Examining the Media Framing of the Mixed
   Martial Arts Discourse in Ontario",1,2,"Univ Windsor, Dept Kinesiol,
   Windsor, ON, Canada.",Univ Windsor, Dept Kinesiol,"
   Windsor",2
51,COMMUNICATION & SPORT,2014,14,1,"Public Memorializing in the Stadium: Mediated Sport, the 10 th
   Anniversary of 9/11, and the Illusion of Democracy",1,1,"Bowling Green State Univ, 300 West Hall,
   Bowling Green, OH 43403 USA.",Bowling Green State Univ, 300 West Hall,"
   Bowling Green",1
52,COMMUNICATION & SPORT,2014,14,1,"The Use of Football as a Country Branding Strategy. Case Study: Qatar
   and the Catalan Sports Press",1,2,"Univ Vic, Dept Commun, Sagrada
   Familia 7, Barcelona 08500, Spain.",Univ Vic, Dept Commun," Sagrada
   Familia 7",2
53,COMMUNICATION & SPORT,2014,14,1,"Mood Effects of Televised Sports Events: The Impact of FIFA World Cups
   on Viewers' Mood and Judgments",1,3,"Univ
   Wurzburg, Inst Human Comp Media, Dept Media &amp; Business Commun, Oswald
   Kulpe Weg 82, D-97074 Wurzburg, Germany.","Univ
   Wurzburg", Inst Human Comp Media, Dept Media &amp; Business Commun,3
54,COMMUNICATION & SPORT,2014,14,1,Dimensions of Social Media Utilization Among College Sport Fans,2,2,"Indiana Univ, 1025 E 7th St,SPH Bldg, Bloomington, IN
   47405 USA.",Indiana Univ, 1025 E 7th St,SPH Bldg,1
55,COMMUNICATION & SPORT,2014,14,1,Dimensions of Social Media Utilization Among College Sport Fans,2,2,"Syracuse Univ, Syracuse, NY USA.",Syracuse Univ, Syracuse, NY USA.,1
56,COMMUNICATION & SPORT,2014,14,1,"Contrasting Desired Sports Journalism Skills in a Convergent Media
   Environment",1,3,"Oklahoma State Univ, 206
   Paul Miller, Stillwater, OK 74078 USA.",Oklahoma State Univ," 206
   Paul Miller", Stillwater,3
57,COMMUNICATION & SPORT,2014,14,1,"A Longitudinal Content Analysis of Gender and Ethnicity Portrayals on
   ESPN's SportsCenter From 1999 to 2009",1,1,"Merrimack Coll, Commun Arts &amp; Sci Dept, 315 Turnpike
   St, N Andover, MA 01845 USA.",Merrimack Coll, Commun Arts &amp; Sci Dept," 315 Turnpike
   St",1
58,COMMUNICATION & SPORT,2014,14,1,"The Sporting Paratext, Reception, and the Male Domain in CBS's ""One
   Shining Moment""",1,2,"Univ Iowa, 100 Adler Journalism Bldg,
   Iowa City, IA 52242 USA.",Univ Iowa, 100 Adler Journalism Bldg,"
   Iowa City",2
59,COMMUNICATION & SPORT,2014,14,1,"College Sports, Losing Seasons, and Image Repair Through Open Letters to
   Fans",2,2,"Dartmouth Coll, Inst Writing &amp; Rhetor, 6250 Baker Lib,
   Hanover, NH 03755 USA.",Dartmouth Coll, Inst Writing &amp; Rhetor, 6250 Baker Lib,1
60,COMMUNICATION & SPORT,2014,14,1,"College Sports, Losing Seasons, and Image Repair Through Open Letters to
   Fans",2,2,"Ohio Univ, Sch Commun Studies, Athens, OH 45701 USA.",Ohio Univ, Sch Commun Studies, Athens,1
61,COMMUNICATION & SPORT,2014,14,1,"Identity Formation, Identity Strength, and Self-Categorization as
   Predictors of Affective and Psychological Outcomes: A Model Reflecting
   Sport Team Fans' Responses to Highlights and Lowlights of a College
   Football Season",2,2,"Young Harris Coll, Commun Studies Dept, Young
   Harris, GA 30582 USA.",Young Harris Coll, Commun Studies Dept," Young
   Harris",1
62,COMMUNICATION & SPORT,2014,14,1,"Identity Formation, Identity Strength, and Self-Categorization as
   Predictors of Affective and Psychological Outcomes: A Model Reflecting
   Sport Team Fans' Responses to Highlights and Lowlights of a College
   Football Season",2,2,"Tarleton State Univ, Dept Commun Studies,
   Stephenville, TX USA.",Tarleton State Univ, Dept Commun Studies,"
   Stephenville",1
63,COMMUNICATION & SPORT,2014,14,1,"Comparing Brand Awareness Levels of In-Game Advertising in Sport Video
   Games Featuring Visual and Verbal Communication Cues",2,4,"Syracuse Univ, 810
   Nottingham Rd, Syracuse, NY 13224 USA.",Syracuse Univ," 810
   Nottingham Rd", Syracuse,3
64,COMMUNICATION & SPORT,2014,14,1,"Comparing Brand Awareness Levels of In-Game Advertising in Sport Video
   Games Featuring Visual and Verbal Communication Cues",2,4,"Ball State Univ, Muncie, IN 47306 USA.",Ball State Univ, Muncie, IN 47306 USA.,1
65,COMMUNICATION & SPORT,2015,14,1,"Research in Communication, Disability, and Sport",3,3,"Wayne State Univ, Dept Commun, 906 W Warren Detroit,
   Detroit, MI 48201 USA.",Wayne State Univ, Dept Commun, 906 W Warren Detroit,1
66,COMMUNICATION & SPORT,2015,14,1,"Research in Communication, Disability, and Sport",3,3,"San Diego State Univ, Sch Commun, San Diego, CA 92182
   USA.",San Diego State Univ, Sch Commun, San Diego,1
67,COMMUNICATION & SPORT,2015,14,1,"Research in Communication, Disability, and Sport",3,3,"Penn State Univ, Coll Commun, University Pk, PA 16802
   USA.",Penn State Univ, Coll Commun, University Pk,1
68,COMMUNICATION & SPORT,2015,14,1,"Crossing Boundaries: An Examination of Sustainability Department and
   Athletics Department Collaboration Regarding Environmental Issues",5,5,"Ohio Univ, Dept Sports Adm, Coll Business, 001B CSC
   Bldg, Athens, OH 45701 USA.",Ohio Univ, Dept Sports Adm, Coll Business,1
69,COMMUNICATION & SPORT,2015,14,1,"Crossing Boundaries: An Examination of Sustainability Department and
   Athletics Department Collaboration Regarding Environmental Issues",5,5,"North Carolina State Univ, Raleigh, NC USA.",North Carolina State Univ, Raleigh, NC USA.,1
70,COMMUNICATION & SPORT,2015,14,1,"Crossing Boundaries: An Examination of Sustainability Department and
   Athletics Department Collaboration Regarding Environmental Issues",5,5,"Univ Tennessee, Knoxville, TN USA.",Univ Tennessee, Knoxville, TN USA.,1
71,COMMUNICATION & SPORT,2015,14,1,"Crossing Boundaries: An Examination of Sustainability Department and
   Athletics Department Collaboration Regarding Environmental Issues",5,5,"Bowling Green State Univ, Bowling Green, OH 43403
   USA.",Bowling Green State Univ, Bowling Green," OH 43403
   USA.",1
72,COMMUNICATION & SPORT,2015,14,1,"Crossing Boundaries: An Examination of Sustainability Department and
   Athletics Department Collaboration Regarding Environmental Issues",5,5,"Deakin Univ Australia, Melbourne, Vic, Australia.",Deakin Univ Australia, Melbourne, Vic,1
73,COMMUNICATION & SPORT,2015,14,1,"Blowing the Whistle Off the Field of Play: An Empirical Model of
   Whistle-Blower Experiences in the Intercollegiate Sport Industry",2,2,"Univ North Texas, POB 305268, Denton, TX 76203
   USA.",Univ North Texas, POB 305268, Denton,1
74,COMMUNICATION & SPORT,2015,14,1,"Blowing the Whistle Off the Field of Play: An Empirical Model of
   Whistle-Blower Experiences in the Intercollegiate Sport Industry",2,2,"Univ Texas Austin, Dept Commun Studies, Austin, TX
   78712 USA.",Univ Texas Austin, Dept Commun Studies, Austin,1
75,COMMUNICATION & SPORT,2015,14,1,"Whiners Go Home: Tough Mudder, Conspicuous Consumption, and the
   Rhetorical Proof of ""Fitness''",2,2,"Penn State Univ, Dept Commun Arts &amp; Sci, 234 Sparks
   Bldg, University Pk, PA 16802 USA.",Penn State Univ, Dept Commun Arts &amp; Sci," 234 Sparks
   Bldg",1
76,COMMUNICATION & SPORT,2015,14,1,"Whiners Go Home: Tough Mudder, Conspicuous Consumption, and the
   Rhetorical Proof of ""Fitness''",2,2,"Cent Michigan Univ, Dept Commun &amp; Dramat Arts, Mt
   Pleasant, MI 48859 USA.",Cent Michigan Univ, Dept Commun &amp; Dramat Arts," Mt
   Pleasant",1
77,COMMUNICATION & SPORT,2015,14,1,"Sports Teams as Organizations: A Leader-Member Exchange Perspective of
   Player Communication With Coaches and Teammates",1,2,"West Virginia Univ, POB 6293 108
   Armstrong Hall, Morgantown, WV 26506 USA.",West Virginia Univ," POB 6293 108
   Armstrong Hall", Morgantown,2
78,COMMUNICATION & SPORT,2015,14,1,"""The Best I Can Be'': Framing Disability Through the Mascots of the 2012
   Summer Olympics and Paralympics",1,2,"Univ Alabama, Coll Commun &amp; Informat Sci,
   Box 870172, Tuscaloosa, AL 35487 USA.",Univ Alabama, Coll Commun &amp; Informat Sci,"
   Box 870172",2
79,COMMUNICATION & SPORT,2015,14,1,"""Sexual Ornament'' or ""Spiritual Trainer''? Envisioning and Marketing to
   a Female Audience Through the NHL's ""Inside the Warrior'' Advertising
   Campaign",1,1,"Massey Univ, Sch Sport &amp; Exercise, Palmerston North, New
   Zealand.",Massey Univ, Sch Sport &amp; Exercise, Palmerston North,1
80,COMMUNICATION & SPORT,2015,14,1,"A Quantitative Analysis of Photographs and Articles on espnW: Positive
   Progress for Female Athletes",1,1,"Gustavus Adolphus Coll, 800 West Coll Ave, St Peter, MN
   56082 USA.",Gustavus Adolphus Coll, 800 West Coll Ave, St Peter,1
81,COMMUNICATION & SPORT,2015,14,1,"From Yellow to Blue: Exploring Lance Armstrong's Image Repair Strategies
   Across Traditional and Social Media",3,3,"Univ Louisville, Louisville, KY 40292 USA.",Univ Louisville, Louisville, KY 40292 USA.,1
82,COMMUNICATION & SPORT,2015,14,1,"From Yellow to Blue: Exploring Lance Armstrong's Image Repair Strategies
   Across Traditional and Social Media",3,3,"Univ New Mexico, Albuquerque, NM 87131 USA.",Univ New Mexico, Albuquerque, NM 87131 USA.,1
83,COMMUNICATION & SPORT,2015,14,1,"From Yellow to Blue: Exploring Lance Armstrong's Image Repair Strategies
   Across Traditional and Social Media",3,3,"Clemson Univ, Clemson, SC USA.",Clemson Univ, Clemson, SC USA.,1
84,COMMUNICATION & SPORT,2015,14,1,"More Than a Game: Sports Media Framing Effects on Attitudes, Intentions,
   and Enjoyment",1,2,"Indiana Univ, Bloomington, IN USA.",Indiana Univ, Bloomington, IN USA.,2
85,COMMUNICATION & SPORT,2015,14,1,"""It's Dude Time!"": A Quarter Century of Excluding Women's Sports in
   Televised News and Highlight Shows",2,3,"Purdue Univ, Womens Gender &amp; Sexual Studies Program, 100
   N Univ St,Beering Hall, W Lafayette, IN 47907 USA.",Purdue Univ, Womens Gender &amp; Sexual Studies Program," 100
   N Univ St",1
86,COMMUNICATION & SPORT,2015,14,1,"""It's Dude Time!"": A Quarter Century of Excluding Women's Sports in
   Televised News and Highlight Shows",2,3,"Univ Southern Calif, Dept Sociol &amp;
   Gender Studies, Los Angeles, CA USA.",Univ Southern Calif," Dept Sociol &amp;
   Gender Studies", Los Angeles,2
87,COMMUNICATION & SPORT,2015,14,1,"""May No Act of Ours Bring Shame"": Fan-Enacted Crisis Communication
   Surrounding the Penn State Sex Abuse Scandal",3,3,"Univ Alabama, Coll Commun &amp; Informat Sci,
   Tuscaloosa, AL USA.",Univ Alabama, Coll Commun &amp; Informat Sci,"
   Tuscaloosa",1
88,COMMUNICATION & SPORT,2015,14,1,"""May No Act of Ours Bring Shame"": Fan-Enacted Crisis Communication
   Surrounding the Penn State Sex Abuse Scandal",3,3,"Univ Alabama, Dept Advertising &amp; Publ Relat,
   Tuscaloosa, AL USA.",Univ Alabama, Dept Advertising &amp; Publ Relat,"
   Tuscaloosa",1
89,COMMUNICATION & SPORT,2015,14,1,"""May No Act of Ours Bring Shame"": Fan-Enacted Crisis Communication
   Surrounding the Penn State Sex Abuse Scandal",3,3,"Univ Alabama, Dept Telecommun &amp; Film, Ronald
   Reagan Chair Broadcasting, Tuscaloosa, AL USA.",Univ Alabama, Dept Telecommun &amp; Film," Ronald
   Reagan Chair Broadcasting",1
90,COMMUNICATION & SPORT,2015,14,1,"A Shift in Set: Examining the Presence of Agenda Setting on Twitter
   During the 2012 London Olympics",3,3,"Univ New Mexico, Albuquerque, NM 87131 USA.",Univ New Mexico, Albuquerque, NM 87131 USA.,1
91,COMMUNICATION & SPORT,2015,14,1,"A Shift in Set: Examining the Presence of Agenda Setting on Twitter
   During the 2012 London Olympics",3,3,"Indiana Univ Purdue Univ, Div Business, 4601 Cent
   Ave,Campus Ctr,Room 140, Columbus, IN 47203 USA.",Indiana Univ Purdue Univ, Div Business," 4601 Cent
   Ave",1
92,COMMUNICATION & SPORT,2015,14,1,"A Shift in Set: Examining the Presence of Agenda Setting on Twitter
   During the 2012 London Olympics",3,3,"York Coll Penn, Bloomington, IN USA.",York Coll Penn, Bloomington, IN USA.,1
93,COMMUNICATION & SPORT,2015,14,1,"""I Never Saw Him Play but We Were the Best of Friends for Years'': A
   Case Study Exploring the Pseudosocial Relationships of Football Manager
   Bloggers",1,2,"Univ Wolverhampton, Walsall, W
   Midlands, England.",Univ Wolverhampton, Walsall," W
   Midlands",2
94,COMMUNICATION & SPORT,2015,14,1,Four Areas of Collegiate Student-Athlete Privacy Invasion,1,1,"Univ N Carolina, Carroll Hall,CB 3365, Chapel Hill, NC
   27599 USA.",Univ N Carolina, Carroll Hall,CB 3365,1
95,COMMUNICATION & SPORT,2015,14,1,"Race, Hegemonic Masculinity, and the ""Linpossible!'': An Analysis of
   Media Representations of Jeremy Lin",1,1,"Univ Southern Calif, Annenberg Sch Commun &amp;
   Journalism, Los Angeles, CA USA.",Univ Southern Calif," Annenberg Sch Commun &amp;
   Journalism", Los Angeles,1
96,COMMUNICATION & SPORT,2015,14,1,"The Blade Runner: The Discourses Surrounding Oscar Pistorius in the 2012
   Olympics and Paralympics",1,1,"Auburn Univ, Auburn, AL 36849 USA.",Auburn Univ, Auburn, AL 36849 USA.,1
97,COMMUNICATION & SPORT,2015,14,1,"Satire or Send-Up? Paddy Power and Blind Football: A Case for Managing
   Public Relations for Disability Sport",2,3,"Hogesch Amsterdam, Amsterdam, Netherlands.",Hogesch Amsterdam, Amsterdam, Netherlands.,1
98,COMMUNICATION & SPORT,2015,14,1,"Satire or Send-Up? Paddy Power and Blind Football: A Case for Managing
   Public Relations for Disability Sport",2,3,"La Trobe Univ, Ctr Sport &amp; Social
   Impact, Melbourne, Vic 3086, Australia.",La Trobe Univ," Ctr Sport &amp; Social
   Impact", Melbourne,2
99,COMMUNICATION & SPORT,2015,14,1,"Pin It: Exploring How Professional Sports Organizations Use Pinterest as
   a Communications and Relationship-Marketing Tool",1,2,"Univ Louisville, Louisville, KY
   40292 USA.",Univ Louisville, Louisville," KY
   40292 USA.",2
100,COMMUNICATION & SPORT,2015,14,1,"""You Never Know What's Gonna Happen'': An Examination of Communication
   Strategies Used by College Student-Athletes to Manage Uncertainty",1,3,"North Carolina
   State Univ, 201 Winston Hall,Campus Box 8104, Raleigh, NC 27695 USA.","North Carolina
   State Univ", 201 Winston Hall,Campus Box 8104,3
101,COMMUNICATION & SPORT,2016,14,1,"A Hero or Sissy? Exploring Media Framing of NFL Quarterbacks Injury
   Decisions",1,5,"Clemson Univ, Dept Commun Studies, 413 Strode Tower,
   Clemson, SC 29634 USA.",Clemson Univ, Dept Commun Studies, 413 Strode Tower,5
102,COMMUNICATION & SPORT,2016,14,1,"Is Apology the Best Policy? An Experimental Examination of the
   Effectiveness of Image Repair Strategies During Criminal and Noncriminal
   Athlete Transgressions",1,1,"Univ Alabama, Reese Phifer Hall 414E,Box 870172,
   Tuscaloosa, AL 35487 USA.",Univ Alabama, Reese Phifer Hall 414E,Box 870172,1
103,COMMUNICATION & SPORT,2016,14,1,"A Continuation of Sport Teams From an Organizational Perspective:
   Predictors of Athlete-Coach Leader-Member Exchange",1,1,"West Virginia Univ, Dept Commun Studies, 108
   Armstrong Hall,POB 6293, Morgantown, WV 26506 USA.",West Virginia Univ, Dept Commun Studies," 108
   Armstrong Hall",1
104,COMMUNICATION & SPORT,2016,14,1,"Up Against the Boards: An Analysis of the Visual Production of the 2010
   Olympic Ice Hockey Games",1,1,"Auburn Univ, Auburn, AL 36849 USA.",Auburn Univ, Auburn, AL 36849 USA.,1
105,COMMUNICATION & SPORT,2016,14,1,"The Relationship Between Television Viewership and Advertising Content
   in Australian Football Broadcasts",1,2,"Univ Technol Sydney, Sydney, NSW,
   Australia.",Univ Technol Sydney, Sydney, NSW,2
106,COMMUNICATION & SPORT,2016,14,1,"Individual Differences in Selective Attention to Information Graphics in
   Televised Sports",1,3,"Texas Tech Univ, Coll
   Media &amp; Commun, Box 43082, Lubbock, TX 79409 USA.",Texas Tech Univ," Coll
   Media &amp; Commun", Box 43082,3
107,COMMUNICATION & SPORT,2016,14,1,"""Ball Don't Lie!'' Rasheed Wallace and the Politics of Protest in the
   National Basketball Association",1,1,"Univ Michigan, Comparat Literature &amp; Arts &amp; Ideas
   Humanities, 2015 Tisch Hall, Ann Arbor, MI 48109 USA.",Univ Michigan," Comparat Literature &amp; Arts &amp; Ideas
   Humanities", 2015 Tisch Hall,1
108,COMMUNICATION & SPORT,2016,14,1,"Embracing the Social in Social Media: An Analysis of the Social Media
   Marketing Strategies of the Los Angeles Kings",1,3,"Florida
   State Univ, 1002 Tully Gym, Tallahassee, FL 32306 USA.","Florida
   State Univ", 1002 Tully Gym, Tallahassee,3
109,COMMUNICATION & SPORT,2016,14,1,"Establishing a Typology of Social Media Uses in the Sport Industry: A
   Multidimensional Scaling Study",2,3,"Indiana State Univ, Arena C23, Terre
   Haute, IN 47809 USA.",Indiana State Univ, Arena C23," Terre
   Haute",2
110,COMMUNICATION & SPORT,2016,14,1,"Establishing a Typology of Social Media Uses in the Sport Industry: A
   Multidimensional Scaling Study",2,3,"Grand View Univ, Des Moines, IA USA.",Grand View Univ, Des Moines, IA USA.,1
111,COMMUNICATION & SPORT,2016,14,1,Broadcast Inequality in Australian Football,1,2,"Univ Technol Sydney, Sydney, NSW,
   Australia.",Univ Technol Sydney, Sydney, NSW,2
112,COMMUNICATION & SPORT,2016,14,1,"Is Internal Communication Important for Sport Commitment: Survey of
   Indian Cricket Players",2,3,"Indian Inst Technol, Madras,
   Tamil Nadu, India.",Indian Inst Technol, Madras,"
   Tamil Nadu",2
113,COMMUNICATION & SPORT,2016,14,1,"Is Internal Communication Important for Sport Commitment: Survey of
   Indian Cricket Players",2,3,"Dehradun Inst Technol, Dehra Dun, Uttarakhand, India.",Dehradun Inst Technol, Dehra Dun, Uttarakhand,1
114,COMMUNICATION & SPORT,2016,14,1,"New Media, Creativity, and the Olympics: A Case Study into the Use of
   #NBCFail During the Sochi Winter Games",1,1,"Univ Penn, Annenberg Sch Commun, 3620 Walnut St,
   Philadelphia, PA 19104 USA.",Univ Penn, Annenberg Sch Commun, 3620 Walnut St,1
115,COMMUNICATION & SPORT,2016,14,1,"Tensions in the Press Box: Understanding Relationships Among Sports
   Media and Source Organizations",1,1,"Univ Georgia, Dept Journalism, 102 Hooper St,
   Athens, GA 30602 USA.",Univ Georgia, Dept Journalism, 102 Hooper St,1
116,COMMUNICATION & SPORT,2016,14,1,"What's the Best Exposure? Examining Media Representations of Female
   Athletes and the Impact on Collegiate Athletes' Self-Objectification",1,1,"Auburn Univ, Sch Commun &amp; Journalism, 217
   Tichenor Hall, Auburn, AL 36849 USA.",Auburn Univ, Sch Commun &amp; Journalism," 217
   Tichenor Hall",1
117,COMMUNICATION & SPORT,2016,14,1,"Constructing the Digitalized Sporting Body: Black and White Masculinity
   in NBA/NHL Internet Memes",1,1,"Univ Iowa, 114 Wright St Apt 1, Iowa City, IA 52240
   USA.",Univ Iowa, 114 Wright St Apt 1, Iowa City,1
118,COMMUNICATION & SPORT,2016,14,1,"Does Race Belong on Sports Blogs? Solidarity and Racial Discourse in
   Online Baseball Fan Forums",1,1,"Monmouth Univ, Dept Polit Sci &amp; Sociol, 400 Cedar Ave,
   West Long Branch, NJ 07764 USA.",Monmouth Univ, Dept Polit Sci &amp; Sociol, 400 Cedar Ave,1
119,COMMUNICATION & SPORT,2016,14,1,"Attachment to Sports Conferences: An Expanded Model of Points of
   Attachment Among Professional, Collegiate, and High School Football Fans",3,3,"Clemson Univ, Dept Commun Studies, 305A Daniel
   Hall, Clemson, SC 29630 USA.",Clemson Univ, Dept Commun Studies," 305A Daniel
   Hall",1
120,COMMUNICATION & SPORT,2016,14,1,"Attachment to Sports Conferences: An Expanded Model of Points of
   Attachment Among Professional, Collegiate, and High School Football Fans",3,3,"Murray State Univ, Dept Psychol, Murray, KY 42071 USA.",Murray State Univ, Dept Psychol, Murray,1
121,COMMUNICATION & SPORT,2016,14,1,"Attachment to Sports Conferences: An Expanded Model of Points of
   Attachment Among Professional, Collegiate, and High School Football Fans",3,3,"Univ Tennessee, Dept Kinesiol Recreat &amp; Sport Studies,
   Knoxville, TN USA.",Univ Tennessee, Dept Kinesiol Recreat &amp; Sport Studies,"
   Knoxville",1
122,COMMUNICATION & SPORT,2016,14,1,"Soccer Players and Their Media-Related Behavior: A Contribution on the
   Mediatization of Sports",1,2,"Univ Munster, Dept Commun, Munster,
   Germany.",Univ Munster, Dept Commun, Munster,2
123,COMMUNICATION & SPORT,2016,14,1,Sports Organizations in a New Wave of Mediatization,1,1,"Aarhus Univ, Dept Media &amp; Journalism Studies,
   Helsingforsgade 14, DK-8200 Aarhus, Denmark.",Aarhus Univ, Dept Media &amp; Journalism Studies,"
   Helsingforsgade 14",1
124,COMMUNICATION & SPORT,2016,14,1,"Women Training to Coach a Men's Sport: Managing Gendered Identities and
   Masculinist Discourses",2,2,"Sheffield Hallam Univ, Collegiate Hall, Sheffield
   S10 2BP, S Yorkshire, England.",Sheffield Hallam Univ, Collegiate Hall," Sheffield
   S10 2BP",1
125,COMMUNICATION & SPORT,2016,14,1,"Women Training to Coach a Men's Sport: Managing Gendered Identities and
   Masculinist Discourses",2,2,"Arizona State Univ, Phoenix, AZ USA.",Arizona State Univ, Phoenix, AZ USA.,1
126,COMMUNICATION & SPORT,2016,14,1,No Room for Racism: Restoration of Order in the NBA,1,1,"Univ Wisconsin, Dept Commun Studies, 1725 State
   St, La Crosse, WI 54601 USA.",Univ Wisconsin, Dept Commun Studies," 1725 State
   St",1
127,COMMUNICATION & SPORT,2016,14,1,"""The Mother of All Comebacks'': A Critical Analysis of the
   Fitspirational Comeback Narrative of Dara Torres",1,2,"Univ Iowa, Iowa City, IA USA.",Univ Iowa, Iowa City, IA USA.,2
128,COMMUNICATION & SPORT,2016,14,1,"Does the Game Really Change? How Students Consume Mediated Sports in the
   Age of Social Media",1,1,"Univ Miami, Sch Commun, Dept Journalism &amp; Media
   Management, 2022 Wolfson Bldg, Coral Gables, FL 33146 USA.",Univ Miami, Sch Commun," Dept Journalism &amp; Media
   Management",1
129,COMMUNICATION & SPORT,2017,14,1,"Permanently Desiring the Temporary? Snapchat, Social Media, and the
   Shifting Motivations of Sports Fans",2,4,"Univ Alabama, POB 870152,
   Tuscaloosa, AL 35487 USA.",Univ Alabama, POB 870152,"
   Tuscaloosa",3
130,COMMUNICATION & SPORT,2017,14,1,"Permanently Desiring the Temporary? Snapchat, Social Media, and the
   Shifting Motivations of Sports Fans",2,4,"Univ Southern Mississippi, Hattiesburg, MS 39406 USA.",Univ Southern Mississippi, Hattiesburg, MS 39406 USA.,1
131,COMMUNICATION & SPORT,2017,14,1,Mediated Intra-Audience Effects in the Appreciation of Broadcast Sports,2,2,"Texas Tech Univ, Coll Media &amp; Commun, Box 43082,
   Lubbock, TX 79409 USA.",Texas Tech Univ, Coll Media &amp; Commun, Box 43082,1
132,COMMUNICATION & SPORT,2017,14,1,Mediated Intra-Audience Effects in the Appreciation of Broadcast Sports,2,2,"Univ Tampa, Dept Commun, Tampa, FL 33606 USA.",Univ Tampa, Dept Commun, Tampa,1
133,COMMUNICATION & SPORT,2017,14,1,"Biological Fandom: Our Changing Relationship to Sport and the Bodies We
   Watch",1,1,"Western Carolina Univ, 102A McKee, Cullowhee, NC
   28723 USA.",Western Carolina Univ, 102A McKee, Cullowhee,1
134,COMMUNICATION & SPORT,2017,14,1,"From Macro to Mega: Changes in the Communication Strategies of the
   Vuelta Ciclista a Espana After ASO's Takeover (2008-2015)",1,2,"Univ Rovira &amp; Virgili, Dept
   Commun Studies, Avinguda Catalunya 35, Tarragona 43002, Spain.",Univ Rovira &amp; Virgili," Dept
   Commun Studies", Avinguda Catalunya 35,2
135,COMMUNICATION & SPORT,2017,14,1,"The Death of Phillip Hughes: Commemorative Journalism and the Cricket
   Community",1,1,"Univ Sunshine Coast, Sch Commun &amp; Creat Ind, Locked Bag
   4, Maroochydore, Qld 4558, Australia.",Univ Sunshine Coast, Sch Commun &amp; Creat Ind," Locked Bag
   4",1
136,COMMUNICATION & SPORT,2017,14,1,"Talent Production in Interaction: Performance Appraisal Interviews in
   Talent Selection Camps",1,2,"Stockholm Univ, Dept Child &amp; Youth
   Studies, S-10691 Stockholm, Sweden.",Stockholm Univ," Dept Child &amp; Youth
   Studies", S-10691 Stockholm,2
137,COMMUNICATION & SPORT,2017,14,1,For the Love of Sport: Examining Sport Emotion Through a Lovemarks Lens,2,2,"Univ Cincinnati, POB 210068, Cincinnati, OH 45221
   USA.",Univ Cincinnati, POB 210068, Cincinnati,1
138,COMMUNICATION & SPORT,2017,14,1,For the Love of Sport: Examining Sport Emotion Through a Lovemarks Lens,2,2,"James Madison Univ, Harrisonburg, VA 22807 USA.",James Madison Univ, Harrisonburg, VA 22807 USA.,1
139,COMMUNICATION & SPORT,2017,14,1,"Communication, Sportsmanship, and Negotiating Ethical Conduct on the
   Digital Playing Field",1,1,"Univ Texas Austin, Dept Commun Studies, 2504
   Whitis Ave,CMA 5-172, Austin, TX 78712 USA.",Univ Texas Austin, Dept Commun Studies," 2504
   Whitis Ave",1
140,COMMUNICATION & SPORT,2017,14,1,"Interwoven Statesmanship and Sports Fandom: World Cup Consumption
   Antecedents Through Joint Lenses of Nationalism and Fanship",3,3,"Depaul Univ, Coll Commun, 1 E Jackson Blvd,
   Chicago, IL 60604 USA.",Depaul Univ, Coll Commun, 1 E Jackson Blvd,1
141,COMMUNICATION & SPORT,2017,14,1,"Interwoven Statesmanship and Sports Fandom: World Cup Consumption
   Antecedents Through Joint Lenses of Nationalism and Fanship",3,3,"Univ Alabama, Dept Telecommun &amp; Film, Tuscaloosa,
   AL USA.",Univ Alabama, Dept Telecommun &amp; Film, Tuscaloosa,1
142,COMMUNICATION & SPORT,2017,14,1,"Interwoven Statesmanship and Sports Fandom: World Cup Consumption
   Antecedents Through Joint Lenses of Nationalism and Fanship",3,3,"Univ Alabama, Dept Advertising &amp; Publ Relat,
   Tuscaloosa, AL USA.",Univ Alabama, Dept Advertising &amp; Publ Relat,"
   Tuscaloosa",1
143,COMMUNICATION & SPORT,2017,14,1,"""Just Another Story'': Sports Journalists' Memories of Title IX and
   Women's Sport",1,1,"Bradley Univ, Peoria, IL 61625 USA.",Bradley Univ, Peoria, IL 61625 USA.,1
144,COMMUNICATION & SPORT,2017,14,1,"Advertising the 2015 Cricket World Cup: Representing Multicultural
   Female Sports Fans",1,1,"Deakin Univ, Sch Humanities &amp; Social Sci, 221 Burwood
   Hwy, Burwood, Vic 3125, Australia.",Deakin Univ, Sch Humanities &amp; Social Sci," 221 Burwood
   Hwy",1
145,COMMUNICATION & SPORT,2017,14,1,"Who is Responsible for Doping in Sports? The Attribution of
   Responsibility in the German Print Media",1,2,"Univ Munster, Dept Commun,
   Bispinghof 9-14, D-48143 Munster, Germany.",Univ Munster, Dept Commun,"
   Bispinghof 9-14",2
146,COMMUNICATION & SPORT,2017,14,1,"""I Was Able to Still Do My Job on the Field and Keep Playing"": An
   Investigation of Female and Male Athletes' Experiences With (Not)
   Reporting Concussions",3,4,"Clemson Univ, Clemson Online, Clemson, SC USA.",Clemson Univ, Clemson Online, Clemson,1
147,COMMUNICATION & SPORT,2017,14,1,"""I Was Able to Still Do My Job on the Field and Keep Playing"": An
   Investigation of Female and Male Athletes' Experiences With (Not)
   Reporting Concussions",3,4,"Clemson Univ, Dept Commun Studies,
   Clemson, SC USA.",Clemson Univ, Dept Commun Studies,"
   Clemson",2
148,COMMUNICATION & SPORT,2017,14,1,"""I Was Able to Still Do My Job on the Field and Keep Playing"": An
   Investigation of Female and Male Athletes' Experiences With (Not)
   Reporting Concussions",3,4,"Pink Concuss, Stamford, CT USA.",Pink Concuss, Stamford, CT USA.,1
149,COMMUNICATION & SPORT,2017,14,1,"Second Screen and Sports: A Structural Investigation Into Team
   Identification and Efficacy",1,2,"Univ Texas Austin, Stan
   Richards Sch Advertising &amp; Publ Relat, Moody Coll Commun, 300 West Dean
   Keeton,A1200,BMC 4-338, Austin, TX 78712 USA.",Univ Texas Austin," Stan
   Richards Sch Advertising &amp; Publ Relat", Moody Coll Commun,2
150,COMMUNICATION & SPORT,2017,14,1,"For Better or for Worse: The Impact of Social Media on Chinese Sports
   Journalists",2,4,"Univ Arkansas, Dept
   Hlth Human Performance &amp; Recreat, Fayetteville, AR 72701 USA.",Univ Arkansas," Dept
   Hlth Human Performance &amp; Recreat", Fayetteville,3
151,COMMUNICATION & SPORT,2017,14,1,"For Better or for Worse: The Impact of Social Media on Chinese Sports
   Journalists",2,4,"Univ Canberra, Fac Hlth, Res Inst Sport &amp; Exercise,
   Canberra, ACT, Australia.",Univ Canberra, Fac Hlth, Res Inst Sport &amp; Exercise,1
152,COMMUNICATION & SPORT,2017,14,1,"Michael Sam, Jackie Robinson, and the Politics of Respectability",1,1,"Univ S Florida, 4202 E Fowler Ave,CIS 1040, Tampa,
   FL 33620 USA.",Univ S Florida, 4202 E Fowler Ave,CIS 1040,1
153,COMMUNICATION & SPORT,2017,14,1,"Spirals of Signification? A Corpus Linguistic Analysis of the German
   Doping Discourse",1,3,"Univ Munster, Inst
   Sport &amp; Exercise Sci, Munster, Germany.",Univ Munster," Inst
   Sport &amp; Exercise Sci", Munster,3
154,COMMUNICATION & SPORT,2017,14,1,"Semiotics and Sport Communication Research: Theoretical and
   Methodological Considerations",1,1,"Univ Edinburgh, Edinburgh, Midlothian, Scotland.",Univ Edinburgh, Edinburgh, Midlothian,1
155,COMMUNICATION & SPORT,2017,14,1,"Anniversaries, Trajectories, and the Challenges for the Communication of
   Sport",1,1,"Loyola Marymount Univ, 1 LMU Dr, Los Angeles, CA
   90045 USA.",Loyola Marymount Univ, 1 LMU Dr, Los Angeles,1
156,COMMUNICATION & SPORT,2017,14,1,Analysis of FIFA's Attempt at Image Repair,2,2,"Howard Univ, Dept Strateg Legal &amp; Management
   Commun, Washington, DC 20059 USA.",Howard Univ," Dept Strateg Legal &amp; Management
   Commun", Washington,1
157,COMMUNICATION & SPORT,2017,14,1,Analysis of FIFA's Attempt at Image Repair,2,2,"Univ Miami, Coral Gables, FL 33124 USA.",Univ Miami, Coral Gables, FL 33124 USA.,1
158,COMMUNICATION & SPORT,2017,14,1,"""This Is Who We Are!'' National Identity Construction and the 2014 FIFA
   World Cup",1,5,"Univ Maryland, Dept Commun, 2130 Skinner Bldg,
   College Pk, MD 20742 USA.",Univ Maryland, Dept Commun, 2130 Skinner Bldg,5
159,COMMUNICATION & SPORT,2017,14,1,International Newspaper Coverage of the 2013 EuroBasket for Men,5,5,"Washington State Univ, Dept Educ Leadership Sport Studies
   &amp; Educ Counsel, Cleveland Hall 261,POB 642136, Pullman, WA 99164 USA.",Washington State Univ," Dept Educ Leadership Sport Studies
   &amp; Educ Counsel", Cleveland Hall 261,1
160,COMMUNICATION & SPORT,2017,14,1,International Newspaper Coverage of the 2013 EuroBasket for Men,5,5,"Republ Slovenia Educ &amp; Sport, Ljubljana, Slovenia.",Republ Slovenia Educ &amp; Sport, Ljubljana, Slovenia.,1
161,COMMUNICATION & SPORT,2017,14,1,International Newspaper Coverage of the 2013 EuroBasket for Men,5,5,"Univ Bordeaux, CFIUP Sport &amp; Management, Bayonne,
   France.",Univ Bordeaux, CFIUP Sport &amp; Management, Bayonne,1
162,COMMUNICATION & SPORT,2017,14,1,International Newspaper Coverage of the 2013 EuroBasket for Men,5,5,"Macromedia Univ Appl Sci, Media Sch, Hamburg, Germany.",Macromedia Univ Appl Sci, Media Sch, Hamburg,1
163,COMMUNICATION & SPORT,2017,14,1,International Newspaper Coverage of the 2013 EuroBasket for Men,5,5,"Adam Mickiewicz Univ, Inst Sociol, Poznan, Poland.",Adam Mickiewicz Univ, Inst Sociol, Poznan,1
164,COMMUNICATION & SPORT,2017,14,1,"An Examination of Women's Sports Coverage on the Twitter Accounts of
   Local Television Sports Broadcasters",1,1,"Univ South Carolina, Sch Journalism &amp; Mass Commun, 800
   Sumter St, Columbia, SC 29208 USA.",Univ South Carolina, Sch Journalism &amp; Mass Commun," 800
   Sumter St",1
165,COMMUNICATION & SPORT,2017,14,1,College StudentAthletes' Communicative Negotiation of Emotion Labor,1,1,"North Carolina State Univ, Dept Commun, 201 Winston
   Hall,Campus Box 8104, Raleigh, NC 27695 USA.",North Carolina State Univ, Dept Commun," 201 Winston
   Hall",1
166,COMMUNICATION & SPORT,2017,14,1,"Sports Journalism and the FIFA Scandal: Personalization, Co-optation,
   and Investigation",1,1,"Western Sydney Univ, Inst Culture &amp; Soc, Bldg
   EM,Parramatta Campus,Locked Bag 1797, Penrith, NSW 2751, Australia.",Western Sydney Univ, Inst Culture &amp; Soc," Bldg
   EM",1
167,COMMUNICATION & SPORT,2017,14,1,"Inching Away From the Toy Department: Daily Newspaper Sports Coverage of
   Jason Collins' and Michael Sam's Coming Out",1,1,"Northern Illinois Univ, Dept Commun, De Kalb, IL
   60115 USA.",Northern Illinois Univ, Dept Commun, De Kalb,1
168,COMMUNICATION & SPORT,2017,14,1,"Action Sports, Social Media, and New Technologies: Towards a Research
   Agenda",1,1,"Univ Waikato, Fac Educ, Te Oranga Sch Human Dev &amp;
   Movement Studies, Private Bag 3105, Hamilton 3240, New Zealand.",Univ Waikato, Fac Educ," Te Oranga Sch Human Dev &amp;
   Movement Studies",1
169,COMMUNICATION & SPORT,2017,14,1,"Fans' Perceptions of Professional Tennis Events' Social Media Presence:
   Interaction, Insight, and Brand Anthropomorphism",2,4,"Massey Univ,
   Sch Sport &amp; Exercise, Private Bag 11222, Palmerston North 4442, New
   Zealand.",Massey Univ,"
   Sch Sport &amp; Exercise", Private Bag 11222,3
170,COMMUNICATION & SPORT,2017,14,1,"Fans' Perceptions of Professional Tennis Events' Social Media Presence:
   Interaction, Insight, and Brand Anthropomorphism",2,4,"Griffith Univ, Dept Tourism Sport &amp; Hotel
   Management, Nathan, Qld, Australia.",Griffith Univ," Dept Tourism Sport &amp; Hotel
   Management", Nathan,1
171,COMMUNICATION & SPORT,2017,14,1,"Memorable Messages of Social Support That Former High School Athletes
   Received From Their Head Coaches",3,3,"Clemson Univ, Dept Commun Studies, 401 Strode
   Tower, Clemson, SC 29634 USA.",Clemson Univ, Dept Commun Studies," 401 Strode
   Tower",1
172,COMMUNICATION & SPORT,2017,14,1,"Memorable Messages of Social Support That Former High School Athletes
   Received From Their Head Coaches",3,3,"West Virginia Univ, Dept Commun Studies,
   Morgantown, WV 26506 USA.",West Virginia Univ, Dept Commun Studies,"
   Morgantown",1
173,COMMUNICATION & SPORT,2017,14,1,"Memorable Messages of Social Support That Former High School Athletes
   Received From Their Head Coaches",3,3,"Texas A&amp;M Corpus Christi, Dept Commun &amp; Media,
   Corpus Christi, TX USA.",Texas A&amp;M Corpus Christi, Dept Commun &amp; Media,"
   Corpus Christi",1
174,COMMUNICATION & SPORT,2017,14,1,"Riding Around Stigma: Professional Cycling and Stigma Management in the
   ""Clean Cycling'' Era",1,1,"Western Carolina Univ, Cullowhee, NC 28723 USA.",Western Carolina Univ, Cullowhee, NC 28723 USA.,1
175,COMMUNICATION & SPORT,2017,14,1,"Newswork, News Values, and Audience Considerations: Factors That
   Facilitate Media Coverage of Women's Sports",1,4,"La
   Trobe Univ, Bundoora, Vic, Australia.","La
   Trobe Univ", Bundoora, Vic,4
176,COMMUNICATION & SPORT,2017,14,1,"Pervasively Offside: An Examination of Sexism, Stereotypes, and
   Sportscaster Credibility",3,3,"York Coll Penn, Dept Hospitality Recreat &amp; Sport
   Management, 441 Country Club Rd, York, PA 17403 USA.",York Coll Penn," Dept Hospitality Recreat &amp; Sport
   Management", 441 Country Club Rd,1
177,COMMUNICATION & SPORT,2017,14,1,"Pervasively Offside: An Examination of Sexism, Stereotypes, and
   Sportscaster Credibility",3,3,"Univ Connecticut, Dept Educ Leadership, Storrs, CT USA.",Univ Connecticut, Dept Educ Leadership, Storrs,1
178,COMMUNICATION & SPORT,2017,14,1,"Pervasively Offside: An Examination of Sexism, Stereotypes, and
   Sportscaster Credibility",3,3,"Univ Connecticut, Dept Commun, Storrs, CT USA.",Univ Connecticut, Dept Commun, Storrs,1
179,COMMUNICATION & SPORT,2017,14,1,"The Return of the King: How Cleveland Reunited With LeBron James After a
   Parasocial Breakup",1,2,"Univ Oklahoma, Norman, OK
   73019 USA.",Univ Oklahoma, Norman," OK
   73019 USA.",2
180,COMMUNICATION & SPORT,2017,14,1,"#FIFAputos: A Twitter Textual Analysis Over ""Puto"" at the 2014 World Cup",1,1,"San Diego State Univ, 5500 Campanile Dr, San
   Diego, CA 92182 USA.",San Diego State Univ, 5500 Campanile Dr," San
   Diego",1
181,COMMUNICATION & SPORT,2017,14,1,"Fantasy Gaming on Steroids? Contrasting Fantasy Sport Participation by
   Daily Fantasy Sport Participation",3,4,"Univ Alabama, POB 870152, Tuscaloosa, AL
   35487 USA.",Univ Alabama, POB 870152, Tuscaloosa,2
182,COMMUNICATION & SPORT,2017,14,1,"Fantasy Gaming on Steroids? Contrasting Fantasy Sport Participation by
   Daily Fantasy Sport Participation",3,4,"Univ Cincinnati, Cincinnati, OH USA.",Univ Cincinnati, Cincinnati, OH USA.,1
183,COMMUNICATION & SPORT,2017,14,1,"Fantasy Gaming on Steroids? Contrasting Fantasy Sport Participation by
   Daily Fantasy Sport Participation",3,4,"Miami Univ, Oxford, OH 45056 USA.",Miami Univ, Oxford, OH 45056 USA.,1
184,COMMUNICATION & SPORT,2017,14,1,"Quantifying Coach Confirmation: The Development and Preliminary
   Validation of the Coach Confirmation Instrument",3,3,"Clemson Univ, Dept Commun Studies, 401 Strode
   Tower, Clemson, SC 29634 USA.",Clemson Univ, Dept Commun Studies," 401 Strode
   Tower",1
185,COMMUNICATION & SPORT,2017,14,1,"Quantifying Coach Confirmation: The Development and Preliminary
   Validation of the Coach Confirmation Instrument",3,3,"Indiana Univ Purdue Univ, Dept Commun Studies,
   Indianapolis, IN 46202 USA.",Indiana Univ Purdue Univ, Dept Commun Studies,"
   Indianapolis",1
186,COMMUNICATION & SPORT,2017,14,1,"Quantifying Coach Confirmation: The Development and Preliminary
   Validation of the Coach Confirmation Instrument",3,3,"Chapman Univ, Dept Commun Studies, Irvine, CA USA.",Chapman Univ, Dept Commun Studies, Irvine,1
187,COMMUNICATION & SPORT,2018,14,1,"Forgotten and Left Behind: Political Apathy and Privilege at Title IX's
   40th Anniversary",1,2,"Univ Tennessee, 333 Commun Bldg,
   Knoxville, TN 37992 USA.",Univ Tennessee, 333 Commun Bldg,"
   Knoxville",2
188,COMMUNICATION & SPORT,2018,14,1,"Women Are a Problem: Title IX Narratives in the New York Times and the
   Washington Post, 1974-1975",1,1,"Boise State Univ, Dept Commun, 1910 Univ Dr, Boise, ID
   83725 USA.",Boise State Univ, Dept Commun, 1910 Univ Dr,1
189,COMMUNICATION & SPORT,2018,14,1,"One for the Team: Domestic Violence Scandals and Reflexive Media
   Commentary by Rugby League Players in Australia",2,2,"Univ Canberra, Fac Arts &amp; Design, Canberra, ACT
   2601, Australia.",Univ Canberra, Fac Arts &amp; Design, Canberra,1
190,COMMUNICATION & SPORT,2018,14,1,"One for the Team: Domestic Violence Scandals and Reflexive Media
   Commentary by Rugby League Players in Australia",2,2,"Univ Canberra, Canberra, ACT, Australia.",Univ Canberra, Canberra, ACT,1
191,COMMUNICATION & SPORT,2018,14,1,Exploring and Measuring Spectator Sport Fanaticism,1,3,"Virginia
   Commonwealth Univ, 1300 W Broad St, Richmond, VA 23284 USA.","Virginia
   Commonwealth Univ", 1300 W Broad St, Richmond,3
192,COMMUNICATION & SPORT,2018,14,1,"""I Don't Think It's Worth the Risk"": Media Framing of the Chris Borland
   Retirement in Digital and Print Media",2,2,"Kent State Univ, Kent, OH 44242 USA.",Kent State Univ, Kent, OH 44242 USA.,1
193,COMMUNICATION & SPORT,2018,14,1,"""I Don't Think It's Worth the Risk"": Media Framing of the Chris Borland
   Retirement in Digital and Print Media",2,2,"Clemson Univ, 502 Old Lebanon Rd, Pendleton, SC 29670
   USA.",Clemson Univ, 502 Old Lebanon Rd, Pendleton,1
194,COMMUNICATION & SPORT,2018,14,1,Team Member Communication and Perceived Cohesion in Youth Soccer,1,2,"Univ Saskatchewan, Coll Kinesiol,
   Saskatoon, SK S7N 5B2, Canada.",Univ Saskatchewan, Coll Kinesiol,"
   Saskatoon",2
195,COMMUNICATION & SPORT,2018,14,1,"National Proxy 2.0: Controlling the Social Media of Olympians Through
   National Identification",1,1,"Loyola Marymount Univ, Commun Studies, Foley
   Bldg,Off 319,1 LMU Dr, Los Angeles, CA 90045 USA.",Loyola Marymount Univ, Commun Studies," Foley
   Bldg",1
196,COMMUNICATION & SPORT,2018,14,1,"When Women Fail to ""Hold Up More Than Half the Sky"": Gendered Frames of
   CCTV's Coverage of Gymnastics at the 2016 Summer Olympics",1,3,"Univ Alabama, Tuscaloosa,
   AL USA.",Univ Alabama, Tuscaloosa,"
   AL USA.",3
197,COMMUNICATION & SPORT,2018,14,1,"23 Players, 23 Voices: An Examination of the US Women's National Soccer
   Team on Twitter During the 2015 World Cup",2,2,"York Coll Penn, 441 Country Club Rd, York, PA
   17403 USA.",York Coll Penn, 441 Country Club Rd, York,1
198,COMMUNICATION & SPORT,2018,14,1,"23 Players, 23 Voices: An Examination of the US Women's National Soccer
   Team on Twitter During the 2015 World Cup",2,2,"Indiana State Univ, Terre Haute, IN 47809 USA.",Indiana State Univ, Terre Haute, IN 47809 USA.,1
199,COMMUNICATION & SPORT,2018,14,1,"Toward a Conceptual Understanding of Formula One Motorsport and Local
   Cosmopolitanism Discourse in Urban Placemarketing Strategies",1,1,"Univ Ottawa, Dept Commun, 55 Laurier Ave,Desmarais
   Bldg,11th Floor, Ottawa, ON K1N 6N5, Canada.",Univ Ottawa, Dept Commun, 55 Laurier Ave,1
200,COMMUNICATION & SPORT,2018,14,1,"The Spirituality of Sport and the Role of the Athlete in the Tennis
   Essays of David Foster Wallace",1,1,"Penn State Univ, 430 Burrowes Bldg, University Pk, PA
   16802 USA.",Penn State Univ, 430 Burrowes Bldg, University Pk,1
201,COMMUNICATION & SPORT,2018,14,1,"""Challenge Me!"": Using Confirmation Theory to Understand Coach
   Confirmation as an Effective Coaching Behavior",3,3,"Clemson Univ, Dept Commun, 401 Strode Tower,
   Clemson, SC 29634 USA.",Clemson Univ, Dept Commun, 401 Strode Tower,1
202,COMMUNICATION & SPORT,2018,14,1,"""Challenge Me!"": Using Confirmation Theory to Understand Coach
   Confirmation as an Effective Coaching Behavior",3,3,"Indiana Univ Purdue Univ, Dept Commun Studies,
   Indianapolis, IN 46202 USA.",Indiana Univ Purdue Univ, Dept Commun Studies,"
   Indianapolis",1
203,COMMUNICATION & SPORT,2018,14,1,"""Challenge Me!"": Using Confirmation Theory to Understand Coach
   Confirmation as an Effective Coaching Behavior",3,3,"Chapman Univ, Sch Commun, Orange, CA USA.",Chapman Univ, Sch Commun, Orange,1
204,COMMUNICATION & SPORT,2018,14,1,"Exploring the Relationship Between Sports Fandom and the Black Criminal
   Stereotype",2,2,"Lasell Coll, 1844 Commonwealth Ave, Newton, MA
   02466 USA.",Lasell Coll, 1844 Commonwealth Ave, Newton,1
205,COMMUNICATION & SPORT,2018,14,1,"Exploring the Relationship Between Sports Fandom and the Black Criminal
   Stereotype",2,2,"Florida State Univ, Tallahassee, FL 32306 USA.",Florida State Univ, Tallahassee, FL 32306 USA.,1
206,COMMUNICATION & SPORT,2018,14,1,"Tried in the Court of Public Opinion: Effects of Involvement in Criminal
   Transgressions on Athlete Image",2,3,"Univ Alabama, Dept Advertising &amp; Publ
   Relat, Reese Phifer Hall,Room 134,Box 870172, Tuscaloosa, AL 35487 USA.",Univ Alabama," Dept Advertising &amp; Publ
   Relat", Reese Phifer Hall,2
207,COMMUNICATION & SPORT,2018,14,1,"Tried in the Court of Public Opinion: Effects of Involvement in Criminal
   Transgressions on Athlete Image",2,3,"Univ Southern Mississippi, Hattiesburg, MS USA.",Univ Southern Mississippi, Hattiesburg, MS USA.,1
208,COMMUNICATION & SPORT,2018,14,1,"The Most Social Games: Predictors of Social Media Uses During the 2016
   Rio Olympics",2,2,"Univ Akron, Sch Commun, Kolbe 108, Akron, OH 44325 USA.",Univ Akron, Sch Commun, Kolbe 108,1
209,COMMUNICATION & SPORT,2018,14,1,"The Most Social Games: Predictors of Social Media Uses During the 2016
   Rio Olympics",2,2,"Ohio Univ, Sch Media Arts &amp; Studies, Athens, OH 45701
   USA.",Ohio Univ, Sch Media Arts &amp; Studies, Athens,1
210,COMMUNICATION & SPORT,2018,14,1,"Differentiating Objective Sport Knowledge Versus Subjective Sport
   Fanship via a Test of Exemplification in Sport Media",2,2,"Texas Christian Univ, Box 298030, Ft Worth, TX 76129
   USA.",Texas Christian Univ, Box 298030, Ft Worth,1
211,COMMUNICATION & SPORT,2018,14,1,"Differentiating Objective Sport Knowledge Versus Subjective Sport
   Fanship via a Test of Exemplification in Sport Media",2,2,"Texas Tech Univ, Lubbock, TX 79409 USA.",Texas Tech Univ, Lubbock, TX 79409 USA.,1
212,COMMUNICATION & SPORT,2018,14,1,"An Application of Socialization Resources Theory: Collegiate
   Student-Athletes' Team Socialization as a Function of Their Social
   Exchanges With Coaches and Teammates",1,1,"Clemson Univ, Dept Commun, 401 Strode Tower,
   Clemson, SC 29634 USA.",Clemson Univ, Dept Commun, 401 Strode Tower,1
213,COMMUNICATION & SPORT,2018,14,1,"The Relationship Between Family Communication Patterns and the
   Self-Efficacy of Student-Athletes",1,2,"Univ Tennessee, 1914 Andy Holt
   Ave, Knoxville, TN 37996 USA.",Univ Tennessee," 1914 Andy Holt
   Ave", Knoxville,2
214,COMMUNICATION & SPORT,2018,14,1,"Why Fans Act That Way: Using Individual Personality to Predict BIRGing
   and CORFing Behaviors",3,3,"Univ Texas Austin, Stan Richards Sch Advertising
   &amp; Publ Relat, Austin, TX 78712 USA.",Univ Texas Austin," Stan Richards Sch Advertising
   &amp; Publ Relat", Austin,1
215,COMMUNICATION & SPORT,2018,14,1,"Why Fans Act That Way: Using Individual Personality to Predict BIRGing
   and CORFing Behaviors",3,3,"Texas State Univ, Sch Journalism &amp; Mass Commun, 601
   Univ Dr, San Marcos, TX 78666 USA.",Texas State Univ, Sch Journalism &amp; Mass Commun," 601
   Univ Dr",1
216,COMMUNICATION & SPORT,2018,14,1,"Why Fans Act That Way: Using Individual Personality to Predict BIRGing
   and CORFing Behaviors",3,3,"Texas State Univ, Initiat Interdisciplinary Res &amp;
   Design Anal, San Marcos, TX USA.",Texas State Univ," Initiat Interdisciplinary Res &amp;
   Design Anal", San Marcos,1
217,COMMUNICATION & SPORT,2018,14,1,"Intersections of Fandom in the Age of Interactive Media: eSports Fandom
   as a Predictor of Traditional Sport Fandom",2,4,"Univ Alabama,
   Tuscaloosa, AL USA.",Univ Alabama,"
   Tuscaloosa", AL USA.,3
218,COMMUNICATION & SPORT,2018,14,1,"Intersections of Fandom in the Age of Interactive Media: eSports Fandom
   as a Predictor of Traditional Sport Fandom",2,4,"Univ North Florida, Jacksonville, FL USA.",Univ North Florida, Jacksonville, FL USA.,1
219,COMMUNICATION & SPORT,2018,14,1,"""Our Fans Deserve Better"": Erasing the Victim of Blake Ferguson's Sexual
   Crime",1,1,"Macquarie Univ, Dept Media Mus Commun &amp;
   Cultural Studies, Sydney, NSW, Australia.",Macquarie Univ," Dept Media Mus Commun &amp;
   Cultural Studies", Sydney,1
220,COMMUNICATION & SPORT,2018,14,1,"A Contested Cultural Space: Color-Blind Rhetoric in Discussions of
   College Football",2,3,"Univ Wisconsin, 5020 Vilas
   Hall,821 Pk St, Madison, WI 53706 USA.",Univ Wisconsin," 5020 Vilas
   Hall",821 Pk St,2
221,COMMUNICATION & SPORT,2018,14,1,"A Contested Cultural Space: Color-Blind Rhetoric in Discussions of
   College Football",2,3,"Arizona State Univ, Tempe, AZ USA.",Arizona State Univ, Tempe, AZ USA.,1
222,COMMUNICATION & SPORT,2018,14,1,"A ""Crucial Catch"": Examining Responses to NFL Teams' Corporate Social
   Responsibility Messaging on Facebook",2,2,"Texas State Univ, 601 Univ Dr, San Marcos, TX 78666
   USA.",Texas State Univ, 601 Univ Dr, San Marcos,1
223,COMMUNICATION & SPORT,2018,14,1,"A ""Crucial Catch"": Examining Responses to NFL Teams' Corporate Social
   Responsibility Messaging on Facebook",2,2,"Univ Oregon, Eugene, OR 97403 USA.",Univ Oregon, Eugene, OR 97403 USA.,1
224,COMMUNICATION & SPORT,2018,14,1,"The Emergence and Management of Role Ambiguity in a Collegiate
   Basketball Team: An Organizational Tensions Perspective",2,2,"Chapman Univ, Coll Educ Studies, Orange, CA USA.",Chapman Univ, Coll Educ Studies, Orange,1
225,COMMUNICATION & SPORT,2018,14,1,"The Emergence and Management of Role Ambiguity in a Collegiate
   Basketball Team: An Organizational Tensions Perspective",2,2,"Univ Calif Santa Barbara, Santa Barbara, CA 93106
   USA.",Univ Calif Santa Barbara, Santa Barbara," CA 93106
   USA.",1
226,COMMUNICATION & SPORT,2018,14,1,"""I Disagree"": An Exploration of Triggering Events, Messages, and
   Effectiveness of Athletes' Dissent",3,4,"Clemson Univ, Dept Commun, 401 Strode Tower,
   Clemson, SC 29634 USA.",Clemson Univ, Dept Commun, 401 Strode Tower,1
227,COMMUNICATION & SPORT,2018,14,1,"""I Disagree"": An Exploration of Triggering Events, Messages, and
   Effectiveness of Athletes' Dissent",3,4,"Texas Tech Univ, Dept Commun Studies, Lubbock, TX
   79409 USA.",Texas Tech Univ, Dept Commun Studies, Lubbock,1
228,COMMUNICATION & SPORT,2018,14,1,"""I Disagree"": An Exploration of Triggering Events, Messages, and
   Effectiveness of Athletes' Dissent",3,4,"Columbus State Univ, Dept Commun,
   Columbus, GA USA.",Columbus State Univ, Dept Commun,"
   Columbus",2
229,COMMUNICATION & SPORT,2018,14,1,"The Portable Locker Room: Language, Space, and Place in Rugby Pre-match
   Interaction",1,1,"Macquarie Univ, Dept Linguist, Level 5,Bldg C5A, N Ryde,
   NSW 2109, Australia.",Macquarie Univ, Dept Linguist, Level 5,1
230,COMMUNICATION & SPORT,2018,14,1,"Article Flag on the Play: A 5-Year Analysis of the Kategoria and
   Apologia That Combine to Incite Journalistic Antapologia in Sports
   Reporting",1,1,"Univ North Carolina Chapel Hill, Sch Media &amp;
   Journalism, 117 Carroll Hall,Campus Box 3365, Chapel Hill, NC 27599 USA.",Univ North Carolina Chapel Hill," Sch Media &amp;
   Journalism", 117 Carroll Hall,1
231,COMMUNICATION & SPORT,2018,14,1,Mediatization and Sport: A Bottom-Up Perspective,4,4,"Loughborough Univ Technol, Epinal Way, Loughborough
   LE11, Leics, England.",Loughborough Univ Technol, Epinal Way," Loughborough
   LE11",1
232,COMMUNICATION & SPORT,2018,14,1,Mediatization and Sport: A Bottom-Up Perspective,4,4,"Football Unites, Racism Divides, Sheffield, S Yorkshire,
   England.",Football Unites, Racism Divides, Sheffield,1
233,COMMUNICATION & SPORT,2018,14,1,Mediatization and Sport: A Bottom-Up Perspective,4,4,"Univ Brighton, Brighton, E Sussex, England.",Univ Brighton, Brighton, E Sussex,1
234,COMMUNICATION & SPORT,2018,14,1,Mediatization and Sport: A Bottom-Up Perspective,4,4,"Keele Univ, Keele, Staffs, England.",Keele Univ, Keele, Staffs,1
235,COMMUNICATION & SPORT,2018,14,1,"Major Sporting Events and National Identification: The Moderating Effect
   of Emotional Involvement and the Role of the Media",1,2,"Justus Liebig Univ Giessen, Dept Social
   Sci Sport, Kugelberg 62, D-35394 Giessen, Germany.",Justus Liebig Univ Giessen," Dept Social
   Sci Sport", Kugelberg 62,2
236,COMMUNICATION & SPORT,2018,14,1,Just a Snap: Fan Uses and Gratifications for Following Sports Snapchat,1,2,"Clemson Univ, Dept Commun, 401
   Strode Tower, Clemson, SC 29630 USA.",Clemson Univ, Dept Commun," 401
   Strode Tower",2
237,COMMUNICATION & SPORT,2018,14,1,"The Right to Profitable Speech Olympians, Sponsorship, and Social Media
   Discourse",1,1,"Loyola Marymount Univ, Foley Hall,Off 319,1 LMU
   Dr, Los Angeles, CA 90045 USA.",Loyola Marymount Univ, Foley Hall,Off 319,1
238,COMMUNICATION & SPORT,2018,14,1,When Terrorists Play Ball,1,1,"Southwestern Univ, Georgetown, TX 78626 USA.",Southwestern Univ, Georgetown, TX 78626 USA.,1
239,COMMUNICATION & SPORT,2018,14,1,Neoliberalism and the Communicative Labor of CrossFit,2,2,"Metropolitan State Univ Denver, Dept Commun Arts &amp; Sci,
   Campus Box 34,POB 173362, Denver, CO 80217 USA.",Metropolitan State Univ Denver, Dept Commun Arts &amp; Sci,"
   Campus Box 34",1
240,COMMUNICATION & SPORT,2018,14,1,Neoliberalism and the Communicative Labor of CrossFit,2,2,"Massey Univ, Sch Management, Auckland, New Zealand.",Massey Univ, Sch Management, Auckland,1
241,COMMUNICATION & SPORT,2018,14,1,ESPN and the Hostile Media Effect,2,2,"Indiana Univ, 601 E Kirkwood Ave,M030B, Bloomington, IN
   47405 USA.",Indiana Univ, 601 E Kirkwood Ave,M030B,1
242,COMMUNICATION & SPORT,2018,14,1,ESPN and the Hostile Media Effect,2,2,"SUNY Coll Cortland, Cortland, NY USA.",SUNY Coll Cortland, Cortland, NY USA.,1
243,COMMUNICATION & SPORT,2018,14,1,"High Power Kick Content Analysis of the USWNT 2015 World Cup Victory on
   American Front Pages",2,2,"Univ S Florida, 4202 E Fowler Ave,CIS 104, Tampa, FL
   33620 USA.",Univ S Florida, 4202 E Fowler Ave,CIS 104,1
244,COMMUNICATION & SPORT,2018,14,1,"High Power Kick Content Analysis of the USWNT 2015 World Cup Victory on
   American Front Pages",2,2,"Univ Memphis, Memphis, TN 38152 USA.",Univ Memphis, Memphis, TN 38152 USA.,1
245,COMMUNICATION & SPORT,2018,14,1,"Women's and Men's Prominence in Sports Coverage and Changes in Large-,
   Medium-, and Small-City Newspapers, Pre- and Post-Title IX A Local Play
   for Equality?",2,2,"Univ Northwestern, Dept Commun, MJ171,3003 Snelling Ave
   North, St Paul, MN 55113 USA.",Univ Northwestern, Dept Commun, MJ171,1
246,COMMUNICATION & SPORT,2018,14,1,"Women's and Men's Prominence in Sports Coverage and Changes in Large-,
   Medium-, and Small-City Newspapers, Pre- and Post-Title IX A Local Play
   for Equality?",2,2,"Univ Minnesota, Tucker Ctr Res Girls &amp; Women Sport,
   Minneapolis, MN USA.",Univ Minnesota, Tucker Ctr Res Girls &amp; Women Sport,"
   Minneapolis",1
