,Journal,Year,Journal_Rank,Q_Position,Title,Total_Units,Total_Authors,Unit_Address,Unit_Name_1,Unit_Name_2,Unit_Name_3,Author_Number
0,JOURNALISM,2018,17,1,"The exposure to traumatic events and symptoms of posttraumatic stress
   disorder among Korean journalists",2,3,"Sookmyung Womens Univ, Sch Commun &amp; Media,
   Cheongpa Ro 47-Gil 100, Seoul 04310, South Korea.",Sookmyung Womens Univ, Sch Commun &amp; Media,"
   Cheongpa Ro 47-Gil 100",2
1,JOURNALISM,2018,17,1,"The exposure to traumatic events and symptoms of posttraumatic stress
   disorder among Korean journalists",2,3,"Sookmyung Womens Univ, Child Welf &amp; Studies, Seoul, South
   Korea.",Sookmyung Womens Univ, Child Welf &amp; Studies, Seoul,1
2,JOURNALISM,2018,17,1,"Journalism and political affiliation of the media: Influence of
   ownership on Indonesian newspapers",2,2,"Nanyang Technol Univ, Mass Commun, Singapore, Singapore.",Nanyang Technol Univ, Mass Commun, Singapore,1
3,JOURNALISM,2018,17,1,"Journalism and political affiliation of the media: Influence of
   ownership on Indonesian newspapers",2,2,"Nanyang Technol Univ, Wee Kim Wee Sch Commun &amp; Informat,
   31 Nanyang Link, Singapore 637718, Singapore.",Nanyang Technol Univ, Wee Kim Wee Sch Commun &amp; Informat,"
   31 Nanyang Link",1
4,JOURNALISM,2018,17,1,Professional impact and job satisfaction among Chinese journalists,3,3,"Chongqing Univ, Sch Journalism, 55 Daxuecheng South Rd,
   Chongqing 401331, Peoples R China.",Chongqing Univ, Sch Journalism, 55 Daxuecheng South Rd,1
5,JOURNALISM,2018,17,1,Professional impact and job satisfaction among Chinese journalists,3,3,"Nanyang Technol Univ, Wee Kim Wee Sch Commun &amp; Informat,
   Singapore, Singapore.",Nanyang Technol Univ, Wee Kim Wee Sch Commun &amp; Informat,"
   Singapore",1
6,JOURNALISM,2018,17,1,Professional impact and job satisfaction among Chinese journalists,3,3,"Nanjing Univ, Sch Journalism &amp; Commun, Nanjing, Jiangsu,
   Peoples R China.",Nanjing Univ, Sch Journalism &amp; Commun, Nanjing,1
7,JOURNALISM,2018,17,1,"Covering the hermit regime: A comparison of North Korea coverage at the
   Associated Press and NK News",2,2,"Temple Univ, Dept Journalism, 2020 North 13th St,Room 319,
   Philadelphia, PA 19122 USA.",Temple Univ, Dept Journalism, 2020 North 13th St,1
8,JOURNALISM,2018,17,1,"Covering the hermit regime: A comparison of North Korea coverage at the
   Associated Press and NK News",2,2,"Temple Univ, Media &amp; Commun Doctoral Program,
   Philadelphia, PA 19122 USA.",Temple Univ, Media &amp; Commun Doctoral Program,"
   Philadelphia",1
9,JOURNALISM,2018,17,1,"Convergence and de-convergence of Chinese journalistic practice in the
   digital age",1,1,"Univ Illinois, Inst Commun Res, Coll Media, 119 Gregory
   Hall,810 S Wright St, Urbana, IL 61801 USA.",Univ Illinois, Inst Commun Res, Coll Media,1
10,JOURNALISM,2018,17,1,"Detached disseminator, populist watchdog and facilitative change agent:
   The professional role perception of foreign correspondents in China",2,2,"City Univ Hong Kong, Dept Media &amp; Commun, Hong Kong, Hong
   Kong, Peoples R China.",City Univ Hong Kong, Dept Media &amp; Commun, Hong Kong,1
11,JOURNALISM,2018,17,1,"Detached disseminator, populist watchdog and facilitative change agent:
   The professional role perception of foreign correspondents in China",2,2,"Xian Int Studies Univ, Inst Media Eth &amp; Law, Xian, Shaanxi,
   Peoples R China.",Xian Int Studies Univ, Inst Media Eth &amp; Law, Xian,1
12,JOURNALISM,2018,17,1,"Staging a social drama: Ritualized framing of the spring festival
   homecoming in Chinese state media",1,1,"Loyola Marymount Univ, Commun, Los Angeles, CA 90045 USA.",Loyola Marymount Univ, Commun, Los Angeles,1
13,JOURNALISM,2018,17,1,"How framing of nationally and locally sensitive issues varies? A content
   analysis of news from party and nonparty newspapers in China",2,2,"Xian Jiaotong Liverpool Univ, Sch Film &amp; Televis Arts,
   Suzhou, Peoples R China.",Xian Jiaotong Liverpool Univ, Sch Film &amp; Televis Arts,"
   Suzhou",1
14,JOURNALISM,2018,17,1,"How framing of nationally and locally sensitive issues varies? A content
   analysis of news from party and nonparty newspapers in China",2,2,"Xian Jiaotong Liverpool Univ, Dept English, Suzhou,
   Peoples R China.",Xian Jiaotong Liverpool Univ, Dept English, Suzhou,1
15,JOURNALISM,2018,17,1,"Tinted revolutions in prismatic news: Ideological influences in Greater
   China's reporting on the role of social media in the Arab Uprisings",1,1,"Hong Kong Baptist Univ, Sch Commun, Hong Kong, Hong
   Kong, Peoples R China.",Hong Kong Baptist Univ, Sch Commun, Hong Kong,1
16,JOURNALISM,2018,17,1,"A new sensation? An international exploration of sensationalism and
   social media recommendations in online news publications",5,6,"Univ Texas Austin, Sch
   Journalism, 300 W Dean Keeton St, Austin, TX 78712 USA.",Univ Texas Austin," Sch
   Journalism", 300 W Dean Keeton St,2
17,JOURNALISM,2018,17,1,"A new sensation? An international exploration of sensationalism and
   social media recommendations in online news publications",5,6,"Florida State Univ, Commun Sch, Tallahassee, FL 32306
   USA.",Florida State Univ, Commun Sch, Tallahassee,1
18,JOURNALISM,2018,17,1,"A new sensation? An international exploration of sensationalism and
   social media recommendations in online news publications",5,6,"La Sabana Univ, Commun Sch, Bogota, Colombia.",La Sabana Univ, Commun Sch, Bogota,1
19,JOURNALISM,2018,17,1,"A new sensation? An international exploration of sensationalism and
   social media recommendations in online news publications",5,6,"Univ Navarra, Journalism, Navarra, Spain.",Univ Navarra, Journalism, Navarra,1
20,JOURNALISM,2018,17,1,"A new sensation? An international exploration of sensationalism and
   social media recommendations in online news publications",5,6,"Univ Navarra, Sch Commun, Ctr Internet Studies &amp;
   Digital Life, Navarra, Spain.",Univ Navarra, Sch Commun," Ctr Internet Studies &amp;
   Digital Life",1
21,JOURNALISM,2018,17,1,"Socio-cultural contexts and peace journalism: A case for meso-level
   comparative sociological investigation of journalistic cultures",1,1,"Univ Western Ontario, Fac Informat &amp; Media Studies,
   Room 240,North Campus Bldg, London, ON N6A 5B7, Canada.",Univ Western Ontario, Fac Informat &amp; Media Studies,"
   Room 240",1
22,JOURNALISM,2018,17,1,"Audiovisual infotainment in European news: A comparative content
   analysis of Dutch, Spanish, and Irish television news programs",2,2,"Erasmus Univ, Media &amp; Commun, Rotterdam, Netherlands.",Erasmus Univ, Media &amp; Commun, Rotterdam,1
23,JOURNALISM,2018,17,1,"Audiovisual infotainment in European news: A comparative content
   analysis of Dutch, Spanish, and Irish television news programs",2,2,"Univ Amsterdam, Polit Commun, Amsterdam Sch Commun
   Sci ASCoR, Amsterdam, Netherlands.",Univ Amsterdam, Polit Commun," Amsterdam Sch Commun
   Sci ASCoR",1
24,JOURNALISM,2018,17,1,"Coverage of Burmese refugees in Indiana news media: An analysis of
   textual and visual frames",2,2,"Texas State Univ, Sch Journalism &amp; Mass Commun, 601
   Univ Dr, San Marcos, TX 78666 USA.",Texas State Univ, Sch Journalism &amp; Mass Commun," 601
   Univ Dr",1
25,JOURNALISM,2018,17,1,"Coverage of Burmese refugees in Indiana news media: An analysis of
   textual and visual frames",2,2,"Rochester Inst Technol, Sch Commun, New Rochelle, NY
   USA.",Rochester Inst Technol, Sch Commun, New Rochelle,1
26,JOURNALISM,2018,17,1,"Preaching to the choir? An analysis of newspaper readability vis-a-vis
   public literacy",1,1,"Univ Texas Rio Grande Valley, Dept Commun, One West Univ
   Blvd, Brownsville, TX 78520 USA.",Univ Texas Rio Grande Valley, Dept Commun," One West Univ
   Blvd",1
27,JOURNALISM,2018,17,1,"Issue and game frames in the news: Frame-building factors in television
   coverage of the 2014 Scottish independence referendum",1,1,"Univ Stirling, Journalism Studies, Stirling,
   Scotland.",Univ Stirling, Journalism Studies, Stirling,1
28,JOURNALISM,2018,17,1,"More or less diverse: An assessment of the effect of attention to media
   salient company types on media agenda diversity in Dutch newspaper
   coverage between 2007 and 2013",4,8,"Univ Amsterdam, Corp Commun,
   Amsterdam Sch Commun Res ASCoR, NL-1001 NG Amsterdam, Netherlands.",Univ Amsterdam, Corp Commun,"
   Amsterdam Sch Commun Res ASCoR",2
29,JOURNALISM,2018,17,1,"More or less diverse: An assessment of the effect of attention to media
   salient company types on media agenda diversity in Dutch newspaper
   coverage between 2007 and 2013",4,8,"Univ Amsterdam, Dept Commun Sci, NL-1001 NG Amsterdam, Netherlands.",Univ Amsterdam, Dept Commun Sci, NL-1001 NG Amsterdam,4
30,JOURNALISM,2018,17,1,"More or less diverse: An assessment of the effect of attention to media
   salient company types on media agenda diversity in Dutch newspaper
   coverage between 2007 and 2013",4,8,"Univ Amsterdam, Polit Commun &amp; Journalism, Amsterdam
   Sch Commun Res ASCoR, NL-1001 NG Amsterdam, Netherlands.",Univ Amsterdam, Polit Commun &amp; Journalism," Amsterdam
   Sch Commun Res ASCoR",1
31,JOURNALISM,2018,17,1,"More or less diverse: An assessment of the effect of attention to media
   salient company types on media agenda diversity in Dutch newspaper
   coverage between 2007 and 2013",4,8,"Univ Amsterdam, Media &amp; Soc, Amsterdam Sch Commun
   Res ASCoR, NL-1001 NG Amsterdam, Netherlands.",Univ Amsterdam, Media &amp; Soc," Amsterdam Sch Commun
   Res ASCoR",1
32,JOURNALISM,2018,17,1,"Counterbalancing global media frames with nationally colored narratives:
   A comparative study of news narratives and news framing in the climate
   change coverage of five countries",4,4,"Johannes Gutenberg Univ Mainz, Dept Journalism, Alte Univ
   Str 17, D-55116 Mainz, Germany.",Johannes Gutenberg Univ Mainz, Dept Journalism," Alte Univ
   Str 17",1
33,JOURNALISM,2018,17,1,"Counterbalancing global media frames with nationally colored narratives:
   A comparative study of news narratives and news framing in the climate
   change coverage of five countries",4,4,"Univ Mannheim, Media &amp; Commun Studies, Mannheim,
   Germany.",Univ Mannheim, Media &amp; Commun Studies, Mannheim,1
34,JOURNALISM,2018,17,1,"Counterbalancing global media frames with nationally colored narratives:
   A comparative study of news narratives and news framing in the climate
   change coverage of five countries",4,4,"Univ Exeter, Dept Polit, Exeter, Devon, England.",Univ Exeter, Dept Polit, Exeter,1
35,JOURNALISM,2018,17,1,"Counterbalancing global media frames with nationally colored narratives:
   A comparative study of news narratives and news framing in the climate
   change coverage of five countries",4,4,"Univ Fed Ceara, Inst Culture &amp; Arts, Fortaleza,
   Ceara, Brazil.",Univ Fed Ceara, Inst Culture &amp; Arts, Fortaleza,1
36,JOURNALISM,2018,17,1,"The contextualist function: US newspaper journalists value social
   responsibility",2,3,"Virginia Commonwealth Univ, Multimedia Journalism,
   Richard T Robertson Sch Media &amp; Culture, Richmond, VA USA.",Virginia Commonwealth Univ, Multimedia Journalism,"
   Richard T Robertson Sch Media &amp; Culture",1
37,JOURNALISM,2018,17,1,"The contextualist function: US newspaper journalists value social
   responsibility",2,3,"Univ Oregon, Sch Journalism &amp;
   Commun, Eugene, OR 97403 USA.",Univ Oregon," Sch Journalism &amp;
   Commun", Eugene,2
38,JOURNALISM,2018,17,1,"Journalists, sources, and policy outcomes: Insights from three-plus
   decades of investigative reporting contest entries",2,2,"Indiana Univ, Media Sch, Bloomington, IN 47405 USA.",Indiana Univ, Media Sch, Bloomington,1
39,JOURNALISM,2018,17,1,"Journalists, sources, and policy outcomes: Insights from three-plus
   decades of investigative reporting contest entries",2,2,"Depaul Univ, Coll Commun, Chicago, IL 60604 USA.",Depaul Univ, Coll Commun, Chicago,1
40,JOURNALISM,2018,17,1,Conceptualizing citizen journalism: US news editors' views,4,4,"Univ Kentucky, Sch Journalism &amp; Media, 215 Grehan
   Bldg, Lexington, KY 40506 USA.",Univ Kentucky, Sch Journalism &amp; Media," 215 Grehan
   Bldg",1
41,JOURNALISM,2018,17,1,Conceptualizing citizen journalism: US news editors' views,4,4,"Univ Kentucky, Community Commun, Dept Community &amp;
   Leadership Dev, Sch Informat Sci, Lexington, KY USA.",Univ Kentucky, Community Commun," Dept Community &amp;
   Leadership Dev",1
42,JOURNALISM,2018,17,1,Conceptualizing citizen journalism: US news editors' views,4,4,"Univ Kentucky, Informat Commun Technol, Sch Informat
   Sci, Lexington, KY USA.",Univ Kentucky, Informat Commun Technol," Sch Informat
   Sci",1
43,JOURNALISM,2018,17,1,Conceptualizing citizen journalism: US news editors' views,4,4,"SUNY Albany, Dept Commun, Albany, NY 12222 USA.",SUNY Albany, Dept Commun, Albany,1
44,JOURNALISM,2018,17,1,"The prince and the pauper: Journalistic culture and Paralympic games in
   the Spanish print press",3,3,"Univ CEU Cardenal Herrera, Theory &amp; Sociol Commun, Fac
   Humanidades &amp; Ciencias Comunicac, Valencia, Spain.",Univ CEU Cardenal Herrera, Theory &amp; Sociol Commun," Fac
   Humanidades &amp; Ciencias Comunicac",1
45,JOURNALISM,2018,17,1,"The prince and the pauper: Journalistic culture and Paralympic games in
   the Spanish print press",3,3,"Univ Valencia, Commun, Fac Philol, Valencia, Spain.",Univ Valencia, Commun, Fac Philol,1
46,JOURNALISM,2018,17,1,"The prince and the pauper: Journalistic culture and Paralympic games in
   the Spanish print press",3,3,"Univ CEU Cardenal Herrera, Hist Commun &amp; Educ, Fac
   Humanidades &amp; Ciencias Comunicac, Valencia, Spain.",Univ CEU Cardenal Herrera, Hist Commun &amp; Educ," Fac
   Humanidades &amp; Ciencias Comunicac",1
