,Journal,Year,Journal_Rank,Q_Position,Title,Total_Units,Total_Authors,Unit_Address,Unit_Name_1,Unit_Name_2,Unit_Name_3,Author_Number
0,TELECOMMUNICATIONS POLICY,2017,18,1,"The evolution of the internet of things industry and market in China: An
   interplay of institutions, demands and supply",1,1,"Univ North Carolina Greensboro, Bryan Sch Business &amp;
   Econ, Bryan Bldg,Room 368,POB 26165, Greensboro, NC 27402 USA.",Univ North Carolina Greensboro," Bryan Sch Business &amp;
   Econ", Bryan Bldg,1
1,TELECOMMUNICATIONS POLICY,2017,18,1,"Scanning and updating failure: How AT & T turned its political
   capability into a core rigidity",1,1,"Pennsylvania State Univ Harrisburg, 777W Harrisburg
   Pike, Middletown, PA 17057 USA.",Pennsylvania State Univ Harrisburg," 777W Harrisburg
   Pike", Middletown,1
2,TELECOMMUNICATIONS POLICY,2017,18,1,"The rise of IT services clusters in India: A case of growth by
   replication",2,2,"Long Isl Univ, Coll Management, Post Campus, Brookville, NY
   11548 USA.",Long Isl Univ, Coll Management, Post Campus,1
3,TELECOMMUNICATIONS POLICY,2017,18,1,"The rise of IT services clusters in India: A case of growth by
   replication",2,2,"Indian Inst Sci, Dept Management Studies,
   Bangalore, Karnataka, India.",Indian Inst Sci, Dept Management Studies,"
   Bangalore",1
4,TELECOMMUNICATIONS POLICY,2017,18,1,Do R & D and ICT affect total factor productivity growth differently?,2,2,"Ericsson Res, Farogatan 6, S-16480 Stockholm, Sweden.",Ericsson Res, Farogatan 6, S-16480 Stockholm,1
5,TELECOMMUNICATIONS POLICY,2017,18,1,Do R & D and ICT affect total factor productivity growth differently?,2,2,"Res Inst Ind Econ, IFN, POB 55665, SE-10215
   Stockholm, Sweden.",Res Inst Ind Econ, IFN, POB 55665,1
6,TELECOMMUNICATIONS POLICY,2017,18,1,Entrepreneurs' use of internet and social media applications,2,3,"Michigan State Univ, Dept Geog, E Lansing, MI 48824
   USA.",Michigan State Univ, Dept Geog, E Lansing,1
7,TELECOMMUNICATIONS POLICY,2017,18,1,Entrepreneurs' use of internet and social media applications,2,3,"Michigan State Univ, E Lansing, MI
   48824 USA.",Michigan State Univ, E Lansing," MI
   48824 USA.",2
8,TELECOMMUNICATIONS POLICY,2017,18,1,"Evaluation of USDA's Broadband Loan Program: Impacts on broadband
   provision",2,3,"North Carolina State Univ, Dept Agr &amp;
   Resource Econ, Raleigh, NC 27695 USA.",North Carolina State Univ," Dept Agr &amp;
   Resource Econ", Raleigh,2
9,TELECOMMUNICATIONS POLICY,2017,18,1,"Evaluation of USDA's Broadband Loan Program: Impacts on broadband
   provision",2,3,"Ohio State Univ, Dept Agr Environm &amp; Dev Econ,
   Columbus, OH 43210 USA.",Ohio State Univ, Dept Agr Environm &amp; Dev Econ,"
   Columbus",1
10,TELECOMMUNICATIONS POLICY,2017,18,1,"Analysis of consumer preferences for mobile telecom plans using a
   discrete choice experiment",5,6,"ANACOM, Ave Jose Malhoa 12,
   P-1099017 Lisbon, Portugal.",ANACOM, Ave Jose Malhoa 12,"
   P-1099017 Lisbon",2
11,TELECOMMUNICATIONS POLICY,2017,18,1,"Analysis of consumer preferences for mobile telecom plans using a
   discrete choice experiment",5,6,"Catolica Lisbon Sch Business &amp; Econ Palma de Cima,
   P-1649023 Lisbon, Portugal.",Catolica Lisbon Sch Business &amp; Econ Palma de Cima,"
   P-1649023 Lisbon", Portugal.,1
12,TELECOMMUNICATIONS POLICY,2017,18,1,"Analysis of consumer preferences for mobile telecom plans using a
   discrete choice experiment",5,6,"Indera Estudos Econ Lda, Rua Campo Alegre, P-134601415
   Oporto, Portugal.",Indera Estudos Econ Lda, Rua Campo Alegre," P-134601415
   Oporto",1
13,TELECOMMUNICATIONS POLICY,2017,18,1,"Analysis of consumer preferences for mobile telecom plans using a
   discrete choice experiment",5,6,"Univ South Australia, Inst Choice, Level 13,140 Arthur
   St, Sydney, NSW 2060, Australia.",Univ South Australia, Inst Choice, Level 13,1
14,TELECOMMUNICATIONS POLICY,2017,18,1,"Analysis of consumer preferences for mobile telecom plans using a
   discrete choice experiment",5,6,"Fac Econ Porto, Rua Dr Roberto Frias, P-4200464
   Oporto, Portugal.",Fac Econ Porto, Rua Dr Roberto Frias," P-4200464
   Oporto",1
15,TELECOMMUNICATIONS POLICY,2017,18,1,"Smart TV and the online media sector: User privacy in view of changing
   market realities",1,2,"Univ Amsterdam, Inst Informat Law
   IViR, POB 1030, NL-1000 BA Amsterdam, Netherlands.",Univ Amsterdam," Inst Informat Law
   IViR", POB 1030,2
16,TELECOMMUNICATIONS POLICY,2017,18,1,The impact of intra-platform competition on broadband penetration,3,4,"Frontier Econ Ltd, 71 High Holborn, London WC1V 6DA,
   England.",Frontier Econ Ltd, 71 High Holborn, London WC1V 6DA,1
17,TELECOMMUNICATIONS POLICY,2017,18,1,The impact of intra-platform competition on broadband penetration,3,4,"Birkbeck Univ London, Dept Econ Math &amp; Stat, Malet St,
   London WC1E 7HX, England.",Birkbeck Univ London, Dept Econ Math &amp; Stat, Malet St,1
18,TELECOMMUNICATIONS POLICY,2017,18,1,The impact of intra-platform competition on broadband penetration,3,4,"Frontier Econ Ltd, Paseo Castellano
   60, Madrid 28046, Spain.",Frontier Econ Ltd," Paseo Castellano
   60", Madrid 28046,2
19,TELECOMMUNICATIONS POLICY,2017,18,1,Willingness to pay for over-the-top services in China and Korea,2,5,"Korea Univ,
   Sch Media &amp; Commun, Seoul, South Korea.",Korea Univ,"
   Sch Media &amp; Commun", Seoul,4
20,TELECOMMUNICATIONS POLICY,2017,18,1,Willingness to pay for over-the-top services in China and Korea,2,5,"NAVER, Internet Res Team, Seoul, South Korea.",NAVER, Internet Res Team, Seoul,1
21,TELECOMMUNICATIONS POLICY,2017,18,1,"Public value mapping of network neutrality: Public values and net
   neutrality in Korea",2,2,"Chung Ang Univ, Sch Media &amp; Commun, 1411,Bldg
   303,Heukseok Ro 84, Seoul 06974, South Korea.",Chung Ang Univ, Sch Media &amp; Commun, 1411,1
22,TELECOMMUNICATIONS POLICY,2017,18,1,"Public value mapping of network neutrality: Public values and net
   neutrality in Korea",2,2,"Chung Ang Univ, Sch Media &amp; Commun, 221 Heukseok Dong,
   Seoul 156756, South Korea.",Chung Ang Univ, Sch Media &amp; Commun, 221 Heukseok Dong,1
23,TELECOMMUNICATIONS POLICY,2017,18,1,Estimating demand for fixed-line telecommunication bundles,1,2,"Univ Warsaw, Fac Econ Sci,
   Dingo 44-50 St, PL-00241 Warsaw, Poland.",Univ Warsaw, Fac Econ Sci,"
   Dingo 44-50 St",2
24,TELECOMMUNICATIONS POLICY,2017,18,1,"Political economy of telecommunication infrastructure: An investigation
   of the National Broadband Network early rollout and pork barrel politics
   in Australia",1,2,"Griffith Univ, 170 Kessels Rd, Nathan,
   Qld 4111, Australia.",Griffith Univ, 170 Kessels Rd, Nathan,2
25,TELECOMMUNICATIONS POLICY,2017,18,1,"When technological superiority is not enough: The struggle to impose the
   SIM card as the NFC Secure Element for mobile payment platforms",2,2,"Delft Univ Technol, Fac Technol Policy &amp; Management,
   Dept Engn Syst &amp; Serv, Jaffalaan 5, NL-2628 BX Delft, Netherlands.",Delft Univ Technol, Fac Technol Policy &amp; Management,"
   Dept Engn Syst &amp; Serv",1
26,TELECOMMUNICATIONS POLICY,2017,18,1,"When technological superiority is not enough: The struggle to impose the
   SIM card as the NFC Secure Element for mobile payment platforms",2,2,"ESSEC Business Sch, 5 Nepal Pk, Singapore 139408,
   Singapore.",ESSEC Business Sch, 5 Nepal Pk, Singapore 139408,1
27,TELECOMMUNICATIONS POLICY,2017,18,1,"What do consumers prefer for music streaming services?: A comparative
   study between Korea and US",2,3,"Korea Adv Inst Sci &amp; Technol, Coll Business,
   Sch Business &amp; Technol Management, N22,291 Daehak Ro, Daejeon 34141,
   South Korea.",Korea Adv Inst Sci &amp; Technol, Coll Business,"
   Sch Business &amp; Technol Management",2
28,TELECOMMUNICATIONS POLICY,2017,18,1,"What do consumers prefer for music streaming services?: A comparative
   study between Korea and US",2,3,"Hoseo Univ, Grad Sch Management Technol, Asan 31499, South
   Korea.",Hoseo Univ, Grad Sch Management Technol, Asan 31499,1
29,TELECOMMUNICATIONS POLICY,2017,18,1,"Effects of degrees of acceptance and awareness on a rate system for
   lowering mobile bills",2,5,"Seoul Natl
   Univ, Technol Management Econ &amp; Policy Program, 1 Gwanak Ro, Seoul
   151742, South Korea.","Seoul Natl
   Univ", Technol Management Econ &amp; Policy Program, 1 Gwanak Ro,4
30,TELECOMMUNICATIONS POLICY,2017,18,1,"Effects of degrees of acceptance and awareness on a rate system for
   lowering mobile bills",2,5,"Seoul Natl Univ, Grad Sch Engn Practice, 1 Gwanak Ro,
   Seoul 151742, South Korea.",Seoul Natl Univ, Grad Sch Engn Practice, 1 Gwanak Ro,1
31,TELECOMMUNICATIONS POLICY,2017,18,1,ICT-specific technological change and economic growth in Korea,2,2,"Korea Inst Ind Econ &amp; Trade, 370 Sicheong Daero, Sejong
   Si 30147, South Korea.",Korea Inst Ind Econ &amp; Trade, 370 Sicheong Daero," Sejong
   Si 30147",1
32,TELECOMMUNICATIONS POLICY,2017,18,1,ICT-specific technological change and economic growth in Korea,2,2,"Kyung Hee Univ, Dept Ind &amp; Management Syst Engn, 1732
   Deogyeong Daero, Yongin 446701, Gyeonggi, South Korea.",Kyung Hee Univ, Dept Ind &amp; Management Syst Engn," 1732
   Deogyeong Daero",1
33,TELECOMMUNICATIONS POLICY,2017,18,1,"The effects of spectrum allocation mechanisms on market outcomes:
   Auctions vs beauty contests",3,3,"Tokyo Keizai Univ, Fac Econ, Kokubunji, Tokyo,
   Japan.",Tokyo Keizai Univ, Fac Econ, Kokubunji,1
34,TELECOMMUNICATIONS POLICY,2017,18,1,"The effects of spectrum allocation mechanisms on market outcomes:
   Auctions vs beauty contests",3,3,"Kyoto Univ, Grad Sch Econ, Kyoto,
   Japan.",Kyoto Univ, Grad Sch Econ, Kyoto,1
35,TELECOMMUNICATIONS POLICY,2017,18,1,"The effects of spectrum allocation mechanisms on market outcomes:
   Auctions vs beauty contests",3,3,"Commiss Aviat Regulat, Alexandra
   House,Earlsfort Terrace, Dublin 2, Ireland.",Commiss Aviat Regulat," Alexandra
   House",Earlsfort Terrace,1
36,TELECOMMUNICATIONS POLICY,2017,18,1,Spectrum fees and market performance: A quantitative analysis,6,6,"Politecn Torino, Florence Sch Regulat, European Univ
   Inst, Turin, Italy.",Politecn Torino, Florence Sch Regulat," European Univ
   Inst",1
37,TELECOMMUNICATIONS POLICY,2017,18,1,Spectrum fees and market performance: A quantitative analysis,6,6,"Politecn Torino, Boston Consulting Grp, Turin, Italy.",Politecn Torino, Boston Consulting Grp, Turin,1
38,TELECOMMUNICATIONS POLICY,2017,18,1,Spectrum fees and market performance: A quantitative analysis,6,6,"Politecn Torino, Turin, Italy.",Politecn Torino, Turin, Italy.,1
39,TELECOMMUNICATIONS POLICY,2017,18,1,Spectrum fees and market performance: A quantitative analysis,6,6,"Florence Sch Regulat, Florence, Italy.",Florence Sch Regulat, Florence, Italy.,1
40,TELECOMMUNICATIONS POLICY,2017,18,1,Spectrum fees and market performance: A quantitative analysis,6,6,"Politecn Milan, Milan, Italy.",Politecn Milan, Milan, Italy.,1
41,TELECOMMUNICATIONS POLICY,2017,18,1,Spectrum fees and market performance: A quantitative analysis,6,6,"Boston Consulting Grp Inc, Boston, MA USA.",Boston Consulting Grp Inc, Boston, MA USA.,1
42,TELECOMMUNICATIONS POLICY,2017,18,1,"The use of spectrum auctions to attain multiple objectives: Policy
   implications",2,2,"Imperial Business Sch, London, England.",Imperial Business Sch, London, England.,1
43,TELECOMMUNICATIONS POLICY,2017,18,1,"The use of spectrum auctions to attain multiple objectives: Policy
   implications",2,2,"UNSW Business Sch, Sydney, NSW, Australia.",UNSW Business Sch, Sydney, NSW,1
44,TELECOMMUNICATIONS POLICY,2017,18,1,Open access wireless markets,2,2,"Univ Maryland, College Pk, MD 20742 USA.",Univ Maryland, College Pk, MD 20742 USA.,1
45,TELECOMMUNICATIONS POLICY,2017,18,1,Open access wireless markets,2,2,"Univ Dublin, Trinity Coll Dublin, CONNECT, Ctr Future
   Networks, Dublin, Ireland.",Univ Dublin, Trinity Coll Dublin, CONNECT,1
46,TELECOMMUNICATIONS POLICY,2017,18,1,Process model for recent spectrum sharing concepts in policy making,4,4,"VTT Tech Res Ctr Finland, Oulu, Finland.",VTT Tech Res Ctr Finland, Oulu, Finland.,1
47,TELECOMMUNICATIONS POLICY,2017,18,1,Process model for recent spectrum sharing concepts in policy making,4,4,"Univ Oulu, Oulu, Finland.",Univ Oulu, Oulu, Finland.,1
48,TELECOMMUNICATIONS POLICY,2017,18,1,Process model for recent spectrum sharing concepts in policy making,4,4,"Kings Coll London, London, England.",Kings Coll London, London, England.,1
49,TELECOMMUNICATIONS POLICY,2017,18,1,Process model for recent spectrum sharing concepts in policy making,4,4,"IIT, Chicago, IL 60616 USA.",IIT, Chicago, IL 60616 USA.,1
50,TELECOMMUNICATIONS POLICY,2017,18,1,Risk and decision analysis of dynamic spectrum access,4,4,"West Chester Univ, Dept Comp Sci, W Chester, PA USA.",West Chester Univ, Dept Comp Sci, W Chester,1
51,TELECOMMUNICATIONS POLICY,2017,18,1,Risk and decision analysis of dynamic spectrum access,4,4,"Univ Pittsburgh, Sch Informat Sci, Pittsburgh, PA
   15260 USA.",Univ Pittsburgh, Sch Informat Sci, Pittsburgh,1
52,TELECOMMUNICATIONS POLICY,2017,18,1,Risk and decision analysis of dynamic spectrum access,4,4,"Carnegie Mellon Univ, Engn &amp; Publ Policy, Pittsburgh, PA
   15213 USA.",Carnegie Mellon Univ, Engn &amp; Publ Policy, Pittsburgh,1
53,TELECOMMUNICATIONS POLICY,2017,18,1,Risk and decision analysis of dynamic spectrum access,4,4,"Univ Pittsburgh, Sch Informat Sci, Pittsburgh, PA 15260
   USA.",Univ Pittsburgh, Sch Informat Sci, Pittsburgh,1
54,TELECOMMUNICATIONS POLICY,2017,18,1,"Next generation of radio spectrum management: Licensed shared access for
   5G",1,1,"Chalmers, Dept Technol Management &amp; Econ, Vera
   Sandbergs Alle 8, S-41296 Gothenburg, Sweden.",Chalmers, Dept Technol Management &amp; Econ," Vera
   Sandbergs Alle 8",1
55,TELECOMMUNICATIONS POLICY,2017,18,1,"Risk-informed interference assessment: A quantitative basis for spectrum
   allocation decisions",1,1,"Univ Colorado, Sch Law, Silicon Flatirons Ctr, 401
   UCB, Boulder, CO 80309 USA.",Univ Colorado, Sch Law, Silicon Flatirons Ctr,1
56,TELECOMMUNICATIONS POLICY,2017,18,1,"Spectrum fragmentation: Causes, measures and applications",3,3,"Korea Adv Inst Sci &amp; Technol, Coll Business, Sch
   Business &amp; Technol Management, Daejeon, South Korea.",Korea Adv Inst Sci &amp; Technol, Coll Business," Sch
   Business &amp; Technol Management",1
57,TELECOMMUNICATIONS POLICY,2017,18,1,"Spectrum fragmentation: Causes, measures and applications",3,3,"Mokwon Univ, Div Informat &amp; Commun Convergence Engn,
   Daejeon, South Korea.",Mokwon Univ, Div Informat &amp; Commun Convergence Engn,"
   Daejeon",1
58,TELECOMMUNICATIONS POLICY,2017,18,1,"Spectrum fragmentation: Causes, measures and applications",3,3,"Ajou Univ, Sch Business Adm, Suwon, South Korea.",Ajou Univ, Sch Business Adm, Suwon,1
59,TELECOMMUNICATIONS POLICY,2017,18,1,"The impact of spectrum policies on the secondary spectrum market: A
   system dynamics approach",3,3,"Hannam Univ, Global IT Business Dept, Daejeon, South
   Korea.",Hannam Univ, Global IT Business Dept, Daejeon,1
60,TELECOMMUNICATIONS POLICY,2017,18,1,"The impact of spectrum policies on the secondary spectrum market: A
   system dynamics approach",3,3,"Univ Scranton, Kania Sch Management, Scranton, PA 18510
   USA.",Univ Scranton, Kania Sch Management, Scranton,1
61,TELECOMMUNICATIONS POLICY,2017,18,1,"The impact of spectrum policies on the secondary spectrum market: A
   system dynamics approach",3,3,"Elect &amp; Telecommun Res Inst, Future Strategy Res Lab,
   Daejeon, South Korea.",Elect &amp; Telecommun Res Inst, Future Strategy Res Lab,"
   Daejeon",1
62,TELECOMMUNICATIONS POLICY,2017,18,1,Framework for evolving spectrum management regimes: Lessons from India,2,2,"Indian Inst Management Ahmedabad, IIMA IDEA Telecom Ctr
   Excellence, Ahmadabad, Gujarat, India.",Indian Inst Management Ahmedabad," IIMA IDEA Telecom Ctr
   Excellence", Ahmadabad,1
63,TELECOMMUNICATIONS POLICY,2017,18,1,Framework for evolving spectrum management regimes: Lessons from India,2,2,"Indian Inst Management Ahmedabad, Ahmadabad, Gujarat,
   India.",Indian Inst Management Ahmedabad, Ahmadabad, Gujarat,1
64,TELECOMMUNICATIONS POLICY,2017,18,1,From spectrum management to spectrum governance,1,1,"Delft Univ Technol, Fac Technol Policy &amp; Management, P-A
   Tetterodestr 99, NL-2023 XM Haarlem, Netherlands.",Delft Univ Technol, Fac Technol Policy &amp; Management," P-A
   Tetterodestr 99",1
65,TELECOMMUNICATIONS POLICY,2017,18,1,"Reducing spectrum use in traditional and SFN-based television for
   uniform and non-uniform deployments",2,3,"Carnegie Mellon Univ, Dept Engn &amp;
   Publ Policy, Pittsburgh, PA 15213 USA.",Carnegie Mellon Univ," Dept Engn &amp;
   Publ Policy", Pittsburgh,2
66,TELECOMMUNICATIONS POLICY,2017,18,1,"Reducing spectrum use in traditional and SFN-based television for
   uniform and non-uniform deployments",2,3,"Carnegie Mellon Univ, Dept Elect &amp; Comp Engn, Pittsburgh,
   PA 15213 USA.",Carnegie Mellon Univ, Dept Elect &amp; Comp Engn, Pittsburgh,1
67,TELECOMMUNICATIONS POLICY,2017,18,1,"Assessment of spectrum value: The case of a second digital dividend in
   Europe",1,3,"Univ Politecn Madrid, Madrid, Spain.",Univ Politecn Madrid, Madrid, Spain.,3
68,TELECOMMUNICATIONS POLICY,2017,18,1,Valuation of telecom investments in sub-Saharan Africa,2,3,"Econ Res &amp; Consulting, Paris, France.",Econ Res &amp; Consulting, Paris, France.,1
69,TELECOMMUNICATIONS POLICY,2017,18,1,Valuation of telecom investments in sub-Saharan Africa,2,3,"Univ Paris Saciay, Telecom ParisTech,
   i3 CNRS, Paris, France.",Univ Paris Saciay, Telecom ParisTech,"
   i3 CNRS",2
70,TELECOMMUNICATIONS POLICY,2017,18,1,"The linear and non-linear impacts of ICT on economic growth, of
   disaggregate income groups within SSA region",2,3,"Univ Sultan Zainal Abidin
   UniSZA, Fac Econ &amp; Management Sci, Kuala Nerus 21300, Terengganu,
   Malaysia.","Univ Sultan Zainal Abidin
   UniSZA", Fac Econ &amp; Management Sci, Kuala Nerus 21300,2
71,TELECOMMUNICATIONS POLICY,2017,18,1,"The linear and non-linear impacts of ICT on economic growth, of
   disaggregate income groups within SSA region",2,3,"ZRB, Zanzibar, Tanzania.",ZRB, Zanzibar, Tanzania.,1
72,TELECOMMUNICATIONS POLICY,2017,18,1,"Regulated termination rates and competition among Tunisian mobile
   network operators. Barriers, bias, and incentives",1,1,"Univ Tunis, Management Inst, Dept Econ &amp; Quantitat
   Methods, 41 Rue Liberte, Le Bardo 2000, Tunisia.",Univ Tunis, Management Inst," Dept Econ &amp; Quantitat
   Methods",1
73,TELECOMMUNICATIONS POLICY,2017,18,1,"Exploring the walled garden theory: An empirical framework to assess
   pricing effects on mobile data usage",2,3,"Princeton Univ, Ctr Informat Technol Policy,
   303 Sherrerd Hall, Princeton, NJ 08544 USA.",Princeton Univ, Ctr Informat Technol Policy,"
   303 Sherrerd Hall",2
74,TELECOMMUNICATIONS POLICY,2017,18,1,"Exploring the walled garden theory: An empirical framework to assess
   pricing effects on mobile data usage",2,3,"Res ICT Africa, 409 Studios,6 Beach Rd, ZA-7925 Cape
   Town, South Africa.",Res ICT Africa, 409 Studios,6 Beach Rd,1
75,TELECOMMUNICATIONS POLICY,2017,18,1,OTT - Threat or opportunity for African Telcos?,2,3,"Res ICT Solut, N Vancouver, BC,
   Canada.",Res ICT Solut, N Vancouver, BC,2
76,TELECOMMUNICATIONS POLICY,2017,18,1,OTT - Threat or opportunity for African Telcos?,2,3,"Res ICT Africa, Cape Town, South Africa.",Res ICT Africa, Cape Town, South Africa.,1
77,TELECOMMUNICATIONS POLICY,2017,18,1,"Impediments to the implementation of universal service funds in Africa A
   cross-country comparative analysis",2,4,"Northumbria Univ, Newcastle Business Sch, Newcastle Upon Tyne, Tyne &amp;
   Wear, England.",Northumbria Univ, Newcastle Business Sch, Newcastle Upon Tyne,3
78,TELECOMMUNICATIONS POLICY,2017,18,1,"Impediments to the implementation of universal service funds in Africa A
   cross-country comparative analysis",2,4,"Inst Mines &amp; Telecoms, TELECOM Ecole Management, Evry,
   France.",Inst Mines &amp; Telecoms, TELECOM Ecole Management, Evry,1
79,TELECOMMUNICATIONS POLICY,2017,18,1,"World radiocommunication conference-2015: Reflections on Africa
   international spectrum policy",3,4,"Univ Strathclyde, Glasgow G1 1XQ,
   Lanark, Scotland.",Univ Strathclyde, Glasgow G1 1XQ,"
   Lanark",2
80,TELECOMMUNICATIONS POLICY,2017,18,1,"World radiocommunication conference-2015: Reflections on Africa
   international spectrum policy",3,4,"Northumbria Univ, Newcastle Business Sch, Newcastle
   Upon Tyne, Tyne &amp; Wear, England.",Northumbria Univ, Newcastle Business Sch," Newcastle
   Upon Tyne",1
81,TELECOMMUNICATIONS POLICY,2017,18,1,"World radiocommunication conference-2015: Reflections on Africa
   international spectrum policy",3,4,"Inst Mines &amp; Telecoms, TELECOM Ecole Management, Evry,
   France.",Inst Mines &amp; Telecoms, TELECOM Ecole Management, Evry,1
82,TELECOMMUNICATIONS POLICY,2017,18,1,"Institutions and consumers: Assertion of ordinary consumer interest in
   the Nigerian digital mobile telecommunications market",1,1,"Univ Westminster, Commun &amp; Media Res Inst,
   Sch Media Arts &amp; Design, London, England.",Univ Westminster, Commun &amp; Media Res Inst,"
   Sch Media Arts &amp; Design",1
83,TELECOMMUNICATIONS POLICY,2017,18,1,"Effects of political stability and sector regulations on investments in
   African mobile markets",2,2,"Univ Dodoma, Dodoma, Tanzania.",Univ Dodoma, Dodoma, Tanzania.,1
84,TELECOMMUNICATIONS POLICY,2017,18,1,"Effects of political stability and sector regulations on investments in
   African mobile markets",2,2,"Waseda Univ, Tokyo, Japan.",Waseda Univ, Tokyo, Japan.,1
85,TELECOMMUNICATIONS POLICY,2017,18,1,Corruption in Africa: What role does ICT diffusion play,2,2,"Univ Carthage, Lab Appl Econ &amp; Finance, Tunis,
   Tunisia.",Univ Carthage, Lab Appl Econ &amp; Finance, Tunis,1
86,TELECOMMUNICATIONS POLICY,2017,18,1,Corruption in Africa: What role does ICT diffusion play,2,2,"Qatar Univ, Coll Business &amp; Econ, Dept Finance &amp;
   Econ, Doha, Qatar.",Qatar Univ, Coll Business &amp; Econ," Dept Finance &amp;
   Econ",1
87,TELECOMMUNICATIONS POLICY,2017,18,1,"Using radio and interactive ICTs to improve food security among
   smallholder farmers in Sub-Saharan Africa",3,6,"Univ Alaska Anchorage, Anchorage, AK USA.",Univ Alaska Anchorage, Anchorage, AK USA.,1
88,TELECOMMUNICATIONS POLICY,2017,18,1,"Using radio and interactive ICTs to improve food security among
   smallholder farmers in Sub-Saharan Africa",3,6,"Farm Radio Int, Ottawa, ON, Canada.",Farm Radio Int, Ottawa, ON,4
89,TELECOMMUNICATIONS POLICY,2017,18,1,"Using radio and interactive ICTs to improve food security among
   smallholder farmers in Sub-Saharan Africa",3,6,"McGill Univ, Montreal, PQ, Canada.",McGill Univ, Montreal, PQ,1
90,TELECOMMUNICATIONS POLICY,2017,18,1,"Mobile telephony and democracy in Ghana: Interrogating the changing
   ecology of citizen engagement and political communication",1,1,"Univ British Columbia, Irving K Barber Sch Arts &amp;
   Sci, Arts &amp; Sci Ctr, Room ASC 406,Okanagan Campus,3187 Univ Way,
   Kelowna, BC V1V 1V7, Canada.",Univ British Columbia," Irving K Barber Sch Arts &amp;
   Sci", Arts &amp; Sci Ctr,1
91,TELECOMMUNICATIONS POLICY,2017,18,1,"Cloud computing, capabilities and intercultural ethics: Implications for
   Africa",2,2,"De Montfort Univ, Ctr Comp &amp; Social Responsibil,
   Leicester LE1 9BH, Leics, England.",De Montfort Univ, Ctr Comp &amp; Social Responsibil,"
   Leicester LE1 9BH",1
92,TELECOMMUNICATIONS POLICY,2017,18,1,"Cloud computing, capabilities and intercultural ethics: Implications for
   Africa",2,2,"Univ Brighton, Ctr Learning &amp; Teaching, Lewes Rd,
   Brighton BN2 4AT, E Sussex, England.",Univ Brighton, Ctr Learning &amp; Teaching, Lewes Rd,1
93,TELECOMMUNICATIONS POLICY,2017,18,1,"When I chat online, I feel relaxed and work better: Exploring the use of
   social media in the public sector workplace in Rwanda",2,3,"Hallym Univ, Sch Commun, Dasan
   Hall 507,Hallym Rd 1, Chunchon 24252, South Korea.",Hallym Univ, Sch Commun," Dasan
   Hall 507",2
94,TELECOMMUNICATIONS POLICY,2017,18,1,"When I chat online, I feel relaxed and work better: Exploring the use of
   social media in the public sector workplace in Rwanda",2,3,"Univ Rwanda, Sch Journalism &amp; Commun, Kigali,
   Rwanda.",Univ Rwanda, Sch Journalism &amp; Commun, Kigali,1
95,TELECOMMUNICATIONS POLICY,2017,18,1,"International roaming in the EU: Current overview, challenges,
   opportunities and solutions",2,5,"Univ Ghent, Imec, Ghent, Belgium.",Univ Ghent, Imec, Ghent,4
96,TELECOMMUNICATIONS POLICY,2017,18,1,"International roaming in the EU: Current overview, challenges,
   opportunities and solutions",2,5,"Belgian Inst Postal Serv &amp; Telecommun BIPT, Brussels,
   Belgium.",Belgian Inst Postal Serv &amp; Telecommun BIPT, Brussels,"
   Belgium.",1
97,TELECOMMUNICATIONS POLICY,2017,18,1,Progress of e-development in China since 1998,2,3,"Univ Hong Kong, Dept Geog, Room 825,8-F
   Jockey Club Tower,Pokfulam Rd, Hong Kong, Hong Kong, Peoples R China.",Univ Hong Kong, Dept Geog, Room 825,2
98,TELECOMMUNICATIONS POLICY,2017,18,1,Progress of e-development in China since 1998,2,3,"HKU Shenzhen Inst Res &amp; Innovat HKU SIRI, Shenzhen,
   Peoples R China.",HKU Shenzhen Inst Res &amp; Innovat HKU SIRI, Shenzhen,"
   Peoples R China.",1
99,TELECOMMUNICATIONS POLICY,2017,18,1,"Infrastructure investment on the margins of the market: The role of
   niche infrastructure providers in the UK",1,3,"Northumbria Univ,
   Newcastle Business Sch, Newcastle, Tyne &amp; Wear, England.",Northumbria Univ,"
   Newcastle Business Sch", Newcastle,3
100,TELECOMMUNICATIONS POLICY,2017,18,1,"Beyond access: A relational and resource-based model of household
   Internet adoption in isolated communities",2,3,"Diego Portales Univ, Vergara 240,
   Santiago, Region Metropol, Chile.",Diego Portales Univ, Vergara 240,"
   Santiago",2
101,TELECOMMUNICATIONS POLICY,2017,18,1,"Beyond access: A relational and resource-based model of household
   Internet adoption in isolated communities",2,3,"Los Andes Univ, Santiago, Region Metropol, Chile.",Los Andes Univ, Santiago, Region Metropol,1
102,TELECOMMUNICATIONS POLICY,2017,18,1,"Estimating willingness-to-pay for broadband attributes among low-income
   consumers: Results from two FCC lifeline pilot projects",2,2,"Texas Tech Univ, Lubbock, TX 79409 USA.",Texas Tech Univ, Lubbock, TX 79409 USA.,1
103,TELECOMMUNICATIONS POLICY,2017,18,1,"Estimating willingness-to-pay for broadband attributes among low-income
   consumers: Results from two FCC lifeline pilot projects",2,2,"Oklahoma State Univ, Stillwater, OK 74078 USA.",Oklahoma State Univ, Stillwater, OK 74078 USA.,1
104,TELECOMMUNICATIONS POLICY,2017,18,1,Predation and network based price discrimination in Chile,3,4,"Univ Adolfo Ibanez, Sch Govt,
   Santiago, Region Metropol, Chile.",Univ Adolfo Ibanez, Sch Govt,"
   Santiago",2
105,TELECOMMUNICATIONS POLICY,2017,18,1,Predation and network based price discrimination in Chile,3,4,"SUBTEL, Santiago, Region Metropol, Chile.",SUBTEL, Santiago, Region Metropol,1
106,TELECOMMUNICATIONS POLICY,2017,18,1,Predation and network based price discrimination in Chile,3,4,"Univ Alberto Hurtado, ILADES, Santiago, Region
   Metropol, Chile.",Univ Alberto Hurtado, ILADES, Santiago,1
107,TELECOMMUNICATIONS POLICY,2017,18,1,"Cellular economies of scale and why disparities in spectrum holdings are
   detrimental",1,1,"Carnegie Mellon Univ, Dept Engn &amp; Publ Policy, 5000
   Forbes Ave, Pittsburgh, PA 15213 USA.",Carnegie Mellon Univ, Dept Engn &amp; Publ Policy," 5000
   Forbes Ave",1
108,TELECOMMUNICATIONS POLICY,2017,18,1,"The role of competition and regulation in stimulating innovation -
   Telecommunications",1,1,"Boston Univ, 270 Bay State Rd, Boston, MA 02215 USA.",Boston Univ, 270 Bay State Rd, Boston,1
109,TELECOMMUNICATIONS POLICY,2017,18,1,A critical survey of the literature on broadband data caps,1,1,"Univ Calif Irvine, Dept Comp Sci, 3019 Bren Hall,
   Irvine, CA 92697 USA.",Univ Calif Irvine, Dept Comp Sci, 3019 Bren Hall,1
110,TELECOMMUNICATIONS POLICY,2017,18,1,Telecommunications policy: The medium is the message,2,2,"Camford Associates Ltd, 2 De Freville Ave, Cambridge
   CB4 1HR, England.",Camford Associates Ltd, 2 De Freville Ave," Cambridge
   CB4 1HR",1
111,TELECOMMUNICATIONS POLICY,2017,18,1,Telecommunications policy: The medium is the message,2,2,"Ctr European Policy Studies, Pl Congres 1, B-1000
   Brussels, Belgium.",Ctr European Policy Studies, Pl Congres 1," B-1000
   Brussels",1
112,TELECOMMUNICATIONS POLICY,2017,18,1,"The evolution of the telecommunications policy agenda: Forty years of
   articles in Telecommunications Policy",5,5,"Univ Nacl Educ Distancia, Dept Econ Aplicada
   &amp; Hist Econ, P Senda del Rey 11, E-28040 Madrid, Spain.",Univ Nacl Educ Distancia," Dept Econ Aplicada
   &amp; Hist Econ", P Senda del Rey 11,1
113,TELECOMMUNICATIONS POLICY,2017,18,1,"The evolution of the telecommunications policy agenda: Forty years of
   articles in Telecommunications Policy",5,5,"Univ Politecn Madrid, Madrid, Spain.",Univ Politecn Madrid, Madrid, Spain.,1
114,TELECOMMUNICATIONS POLICY,2017,18,1,"The evolution of the telecommunications policy agenda: Forty years of
   articles in Telecommunications Policy",5,5,"Tongji Univ, Shanghai, Peoples R China.",Tongji Univ, Shanghai, Peoples R China.,1
115,TELECOMMUNICATIONS POLICY,2017,18,1,"The evolution of the telecommunications policy agenda: Forty years of
   articles in Telecommunications Policy",5,5,"Univ Nacl Educ Distancia, Invest Econ, Madrid,
   Spain.",Univ Nacl Educ Distancia, Invest Econ, Madrid,1
116,TELECOMMUNICATIONS POLICY,2017,18,1,"The evolution of the telecommunications policy agenda: Forty years of
   articles in Telecommunications Policy",5,5,"Chalmers Univ Technol, Gothenburg, Sweden.",Chalmers Univ Technol, Gothenburg, Sweden.,1
117,TELECOMMUNICATIONS POLICY,2017,18,1,"An overview of Telecommunications Policy's 40-year research history:
   Text and bibliographic analyses",2,2,"Korea Adv Inst Sci &amp; Technol KAIST, Coll Business, Sch
   Business &amp; Technol Management, Daejeon, South Korea.",Korea Adv Inst Sci &amp; Technol KAIST, Coll Business," Sch
   Business &amp; Technol Management",1
118,TELECOMMUNICATIONS POLICY,2017,18,1,"An overview of Telecommunications Policy's 40-year research history:
   Text and bibliographic analyses",2,2,"Duke Univ, Trinity Coll Arts &amp; Sci, Dept Art Art Hist &amp;
   Visual Studies, Computat Media, Durham, NC 27706 USA.",Duke Univ, Trinity Coll Arts &amp; Sci," Dept Art Art Hist &amp;
   Visual Studies",1
119,TELECOMMUNICATIONS POLICY,2017,18,1,"An unsung success story: A forty-year retrospective on US communications
   policy",1,1,"Univ Penn, Philadelphia, PA 19104 USA.",Univ Penn, Philadelphia, PA 19104 USA.,1
120,TELECOMMUNICATIONS POLICY,2017,18,1,"40 years on: An account of innovation in the regulation of UK
   telecommunications, in 31/2 chapters",1,1,"Imperial Coll, Business Sch, London, England.",Imperial Coll, Business Sch, London,1
121,TELECOMMUNICATIONS POLICY,2017,18,1,"Network-centric digital development in Korea: Origins, growth and
   prospects",1,1,"SUNY Korea, Dept Technol &amp; Soc, Acad Affairs, 119
   Songdo Moonhwa Ro, Incheon 21985, South Korea.",SUNY Korea, Dept Technol &amp; Soc, Acad Affairs,1
122,TELECOMMUNICATIONS POLICY,2017,18,1,"China's telecommunications evolution, institutions, and policy issues on
   the eve of 5G: A two-decade retrospect and prospect",1,1,"Beijing Univ Posts &amp; Telecommun, Sch Econ &amp; Management, 10 Xi
   Tu Cheng Rd,Mailbox 164, Beijing 100876, Peoples R China.",Beijing Univ Posts &amp; Telecommun, Sch Econ &amp; Management," 10 Xi
   Tu Cheng Rd",1
123,TELECOMMUNICATIONS POLICY,2017,18,1,"The European Electronic Communications Code: A critical appraisal with,
   a focus on incentivizing investment in next generation broadband
   networks",7,9,"ZEW Ctr European Econ Res, POB
   10 34 43, D-68034 Mannheim, Germany.",ZEW Ctr European Econ Res," POB
   10 34 43", D-68034 Mannheim,2
124,TELECOMMUNICATIONS POLICY,2017,18,1,"The European Electronic Communications Code: A critical appraisal with,
   a focus on incentivizing investment in next generation broadband
   networks",7,9,"MaCCI Mannheim Ctr Competit &amp;
   Innovat, POB 10 34 43, D-68034 Mannheim, Germany.","MaCCI Mannheim Ctr Competit &amp;
   Innovat", POB 10 34 43, D-68034 Mannheim,2
125,TELECOMMUNICATIONS POLICY,2017,18,1,"The European Electronic Communications Code: A critical appraisal with,
   a focus on incentivizing investment in next generation broadband
   networks",7,9,"Politecn Torino, Corso Duca Abruzzi 24, I-10129 Turin,
   Italy.",Politecn Torino, Corso Duca Abruzzi 24, I-10129 Turin,1
126,TELECOMMUNICATIONS POLICY,2017,18,1,"The European Electronic Communications Code: A critical appraisal with,
   a focus on incentivizing investment in next generation broadband
   networks",7,9,"European Univ Inst, Florence Sch Regulat, Fiesole,
   Italy.",European Univ Inst, Florence Sch Regulat, Fiesole,1
127,TELECOMMUNICATIONS POLICY,2017,18,1,"The European Electronic Communications Code: A critical appraisal with,
   a focus on incentivizing investment in next generation broadband
   networks",7,9,"Univ Mannheim, D-68161 Mannheim, Germany.",Univ Mannheim, D-68161 Mannheim, Germany.,1
128,TELECOMMUNICATIONS POLICY,2017,18,1,"The European Electronic Communications Code: A critical appraisal with,
   a focus on incentivizing investment in next generation broadband
   networks",7,9,"MaCCl Mannheim Ctr Competit &amp; Innovat, Schloss
   Wesylligel, D-68161 Mannheim, Germany.",MaCCl Mannheim Ctr Competit &amp; Innovat," Schloss
   Wesylligel", D-68161 Mannheim,1
129,TELECOMMUNICATIONS POLICY,2017,18,1,"The European Electronic Communications Code: A critical appraisal with,
   a focus on incentivizing investment in next generation broadband
   networks",7,9,"Univ Mannheim, L7 3-5, D-68131 Mannheim, Germany.",Univ Mannheim, L7 3-5, D-68131 Mannheim,1
130,TELECOMMUNICATIONS POLICY,2017,18,1,"ICT diffusion and production in ASEAN countries: Patterns, performance,
   and policy directions",1,1,"Natl Univ Singapore, Lee Kuan Yew Sch Publ Policy, 469C
   Bukit Timah Rd, Singapore 259772, Singapore.",Natl Univ Singapore, Lee Kuan Yew Sch Publ Policy," 469C
   Bukit Timah Rd",1
131,TELECOMMUNICATIONS POLICY,2017,18,1,Regulatory inertia versus ICT dynamics: The case of product innovations,1,1,"Boston Univ, Dept Econ, 270 Bay State Rd, Boston, MA
   02215 USA.",Boston Univ, Dept Econ, 270 Bay State Rd,1
132,TELECOMMUNICATIONS POLICY,2017,18,1,Digital knowledge generation and the appropriability trade-off,2,2,"Univ Torino, Dipartimento Econ &amp; Stat Cognetti de
   Martiis, Turin, Italy.",Univ Torino," Dipartimento Econ &amp; Stat Cognetti de
   Martiis", Turin,1
133,TELECOMMUNICATIONS POLICY,2017,18,1,Digital knowledge generation and the appropriability trade-off,2,2,"BRICK Coll Carlo Alberto, Turin, TO, Italy.",BRICK Coll Carlo Alberto, Turin, TO,1
134,TELECOMMUNICATIONS POLICY,2017,18,1,"The growing complexity of content delivery networks: Challenges and
   implications for the Internet ecosystem",3,5,"Univ Freiburg, Abt Netzokon Wettbewerbsokon &amp;
   Verkehrswissensch, Pl Alten Synagoge, D-79085 Freiburg, Germany.",Univ Freiburg," Abt Netzokon Wettbewerbsokon &amp;
   Verkehrswissensch", Pl Alten Synagoge,1
135,TELECOMMUNICATIONS POLICY,2017,18,1,"The growing complexity of content delivery networks: Challenges and
   implications for the Internet ecosystem",3,5,"Tech Univ Berlin, Berlin, Germany.",Tech Univ Berlin, Berlin, Germany.,1
136,TELECOMMUNICATIONS POLICY,2017,18,1,"The growing complexity of content delivery networks: Challenges and
   implications for the Internet ecosystem",3,5,"MIT, CSAIL,
   Cambridge, MA USA.",MIT, CSAIL,"
   Cambridge",3
137,TELECOMMUNICATIONS POLICY,2017,18,1,"Grey nuances in the black and white debate over subsidized Internet
   access",1,1,"Penn State Univ, 102 Carnegie Bldg, University Pk, PA
   16802 USA.",Penn State Univ, 102 Carnegie Bldg, University Pk,1
138,TELECOMMUNICATIONS POLICY,2017,18,1,Blockchain's roles in strengthening cybersecurity and protecting privacy,1,1,"Univ N Carolina, Bryan Sch Business &amp; Econ, Bryan
   Bldg,Room 368,POB 26165, Greensboro, NC 27402 USA.",Univ N Carolina, Bryan Sch Business &amp; Econ," Bryan
   Bldg",1
139,TELECOMMUNICATIONS POLICY,2017,18,1,"The next stage of US communications policy: The emerging embedded
   infosphere",2,2,"Univ Hawaii Manoa, 331 Crawford Hall, Honolulu, HI
   96822 USA.",Univ Hawaii Manoa, 331 Crawford Hall, Honolulu,1
140,TELECOMMUNICATIONS POLICY,2017,18,1,"The next stage of US communications policy: The emerging embedded
   infosphere",2,2,"Penn State Univ, Telecommun Studies &amp; Law,
   University Pk, PA 16802 USA.",Penn State Univ, Telecommun Studies &amp; Law,"
   University Pk",1
141,TELECOMMUNICATIONS POLICY,2017,18,1,"How and what to study about IoT: Research trends and future directions
   from the perspective of social science",2,3,"Korea Univ, Res Inst Informat &amp; Culture,
   Seoul, South Korea.",Korea Univ, Res Inst Informat &amp; Culture,"
   Seoul",2
142,TELECOMMUNICATIONS POLICY,2017,18,1,"How and what to study about IoT: Research trends and future directions
   from the perspective of social science",2,3,"Korea Univ, Sch Media &amp; Commun, 145 Anam Ro, Seoul
   02841, South Korea.",Korea Univ, Sch Media &amp; Commun, 145 Anam Ro,1
143,TELECOMMUNICATIONS POLICY,2018,18,1,"Speed isn't everything: A multi-criteria analysis of the broadband
   consumer experience in the UK",3,3,"Univ Freiburg, Abt Nettokon Wettbewerbsokon &amp;
   Verkehrswissensch, Freiburg, Germany.",Univ Freiburg," Abt Nettokon Wettbewerbsokon &amp;
   Verkehrswissensch", Freiburg,1
144,TELECOMMUNICATIONS POLICY,2018,18,1,"Speed isn't everything: A multi-criteria analysis of the broadband
   consumer experience in the UK",3,3,"Northumbria Univ, Newcastle Business Sch, Newcastle,
   England.",Northumbria Univ, Newcastle Business Sch, Newcastle,1
145,TELECOMMUNICATIONS POLICY,2018,18,1,"Speed isn't everything: A multi-criteria analysis of the broadband
   consumer experience in the UK",3,3,"TELECOM Ecole Management, Inst Mines &amp; Telecoms, Evry,
   France.",TELECOM Ecole Management, Inst Mines &amp; Telecoms, Evry,1
146,TELECOMMUNICATIONS POLICY,2018,18,1,"The effects of M&As within the mobile ecosystem on the rival's
   shareholder value: The case of Google and Apple",2,3,"Korea Adv Inst Sci &amp; Technol, Coll
   Business, Sch Business &amp; Technol Management, N22,291 Daehak Ro, Daejeon
   34141, South Korea.",Korea Adv Inst Sci &amp; Technol," Coll
   Business", Sch Business &amp; Technol Management,2
147,TELECOMMUNICATIONS POLICY,2018,18,1,"The effects of M&As within the mobile ecosystem on the rival's
   shareholder value: The case of Google and Apple",2,3,"Korea Univ, Sch Media &amp; Commun, 145 Anam Ro, Seoul
   02841, South Korea.",Korea Univ, Sch Media &amp; Commun, 145 Anam Ro,1
148,TELECOMMUNICATIONS POLICY,2018,18,1,Welfare effects of the Telecommunication Reform in Mexico,3,4,"Tecnol Monterrey, Campus Monterre,Av Eugenio Garza Sada
   2501 Sur, Monterrey 64849, Nuevo Leon, Mexico.",Tecnol Monterrey, Campus Monterre,"Av Eugenio Garza Sada
   2501 Sur",1
149,TELECOMMUNICATIONS POLICY,2018,18,1,Welfare effects of the Telecommunication Reform in Mexico,3,4,"Univ Autonoma Nuevo Leon, Fac Econ, Ave Lazaro Cardenas,
   Monterrey 64930, Nuevo Leon, Mexico.",Univ Autonoma Nuevo Leon, Fac Econ, Ave Lazaro Cardenas,1
150,TELECOMMUNICATIONS POLICY,2018,18,1,Welfare effects of the Telecommunication Reform in Mexico,3,4,"Univ Metropolitan Monterrey, Washington
   424 A Oriente, Monterrey 64000, Nuevo Leon, Mexico.",Univ Metropolitan Monterrey," Washington
   424 A Oriente", Monterrey 64000,2
151,TELECOMMUNICATIONS POLICY,2018,18,1,"Strategic choice and broadband divergence in the transition to next
   generation networks: Evidence from Canada and the U.S",1,2,"Ryerson Univ, Ted Rogers Sch
   Informat Technol Management, 350 Victoria St, Toronto, ON M5B 2K3,
   Canada.",Ryerson Univ," Ted Rogers Sch
   Informat Technol Management", 350 Victoria St,2
152,TELECOMMUNICATIONS POLICY,2018,18,1,The purchase of Internet subscriptions in Native American households,1,1,"USDA, Econ Res Serv, 1400 Independence Ave SW,Mail
   Stop 1800, Washington, DC 20250 USA.",USDA, Econ Res Serv, 1400 Independence Ave SW,1
153,TELECOMMUNICATIONS POLICY,2018,18,1,"Does bridging the Internet Access Divide contribute to enhancing
   countries' integration into the global trade in services markets?",1,2,"World Trade Org, Rue Lausanne 154,
   CH-1211 Geneva 21, Switzerland.",World Trade Org, Rue Lausanne 154,"
   CH-1211 Geneva 21",2
154,TELECOMMUNICATIONS POLICY,2018,18,1,"ICT investment-specific technological change and productivity growth in
   Korea: Comparison of 1996-2005 and 2006-2015",1,1,"Korea Informat Soc Dev Inst, 18 Jeongtong Ro, Jincheon Gun
   27872, Clumgcheongbuk, South Korea.",Korea Informat Soc Dev Inst, 18 Jeongtong Ro," Jincheon Gun
   27872",1
155,TELECOMMUNICATIONS POLICY,2018,18,1,Synergistic valuations and efficiency in spectrum auctions,2,3,"Tech Univ Munich, Dept Informat,
   Boltzmannstr 3, D-85748 Garching, Germany.",Tech Univ Munich, Dept Informat,"
   Boltzmannstr 3",2
156,TELECOMMUNICATIONS POLICY,2018,18,1,Synergistic valuations and efficiency in spectrum auctions,2,3,"Univ New South Wales, Dept Econ, Sydney, NSW,
   Australia.",Univ New South Wales, Dept Econ, Sydney,1
157,TELECOMMUNICATIONS POLICY,2018,18,1,"Measuring efficiency and ICT ecosystem impact: Hardware vs. software
   industry",2,3,"Korea Informat Soc Dev Inst, Dept ICT
   Strategy Res, 18 Jeongtong Ro, Jincheon Gun 27872, Chungchengbuk D,
   South Korea.",Korea Informat Soc Dev Inst," Dept ICT
   Strategy Res", 18 Jeongtong Ro,2
158,TELECOMMUNICATIONS POLICY,2018,18,1,"Measuring efficiency and ICT ecosystem impact: Hardware vs. software
   industry",2,3,"Sungkyunkwan Univ, Dept Interact Sci, 25-2 Sungkyunkwan Ro,
   Seoul, South Korea.",Sungkyunkwan Univ, Dept Interact Sci, 25-2 Sungkyunkwan Ro,1
159,TELECOMMUNICATIONS POLICY,2018,18,1,"Diffusion and competitive relationship of mobile telephone service in
   Guatemala: An empirical analysis",3,3,"Natl Secretary Sci &amp; Technol, Guatemala
   City, Guatemala.",Natl Secretary Sci &amp; Technol," Guatemala
   City", Guatemala.,1
160,TELECOMMUNICATIONS POLICY,2018,18,1,"Diffusion and competitive relationship of mobile telephone service in
   Guatemala: An empirical analysis",3,3,"Seoul Natl Univ, Dept Ind Engn, 1 Gwanak Ro, Seoul
   08826, South Korea.",Seoul Natl Univ, Dept Ind Engn, 1 Gwanak Ro,1
161,TELECOMMUNICATIONS POLICY,2018,18,1,"Diffusion and competitive relationship of mobile telephone service in
   Guatemala: An empirical analysis",3,3,"Hanbat Univ, Dept Ind Management Engn, Daejeon, South Korea.",Hanbat Univ, Dept Ind Management Engn, Daejeon,1
162,TELECOMMUNICATIONS POLICY,2018,18,1,Strategic investments under competition for access provision,2,2,"Osaka Univ, Inst Social and Econ Res, Suita,
   Osaka, Japan.",Osaka Univ, Inst Social and Econ Res, Suita,1
163,TELECOMMUNICATIONS POLICY,2018,18,1,Strategic investments under competition for access provision,2,2,"Kwansei Gakuin Univ, Sch Business Adm, 1-1-155 Uegahara,
   Nishinomiya, Hyogo 6628501, Japan.",Kwansei Gakuin Univ, Sch Business Adm, 1-1-155 Uegahara,1
164,TELECOMMUNICATIONS POLICY,2018,18,1,"Mobile-only consumers arise from heterogeneous valuation of fixed
   services",2,2,"Orange, 78 Rue Olivier de Serres, F-75505 Paris 15,
   France.",Orange, 78 Rue Olivier de Serres, F-75505 Paris 15,1
165,TELECOMMUNICATIONS POLICY,2018,18,1,"Mobile-only consumers arise from heterogeneous valuation of fixed
   services",2,2,"Dept Regulat &amp; Anal Econ POST Grp, 8a Ave Monterey,
   L-2020 Luxembourg, Luxembourg.",Dept Regulat &amp; Anal Econ POST Grp, 8a Ave Monterey,"
   L-2020 Luxembourg",1
166,TELECOMMUNICATIONS POLICY,2018,18,1,"Market power, regulatory convergence, and the role of data in digital
   markets",1,2,"Univ Passau, Chair Internet &amp;
   Telecommun Business, D-94030 Passau, Germany.",Univ Passau," Chair Internet &amp;
   Telecommun Business", D-94030 Passau,2
167,TELECOMMUNICATIONS POLICY,2018,18,1,Complementary innovation and network neutrality,2,2,"Michigan State Univ, Dept Media &amp; Informat, E
   Lansing, MI 48824 USA.",Michigan State Univ, Dept Media &amp; Informat," E
   Lansing",1
168,TELECOMMUNICATIONS POLICY,2018,18,1,Complementary innovation and network neutrality,2,2,"Univ Freiburg, Chair Network Econ Competit Econ &amp;
   Transport Sci, Freiburg, Germany.",Univ Freiburg," Chair Network Econ Competit Econ &amp;
   Transport Sci", Freiburg,1
169,TELECOMMUNICATIONS POLICY,2018,18,1,"Measurement and characterisation of the Digital Divide of Spanish
   regions at enterprise level. A comparative analysis with the European
   context",1,3,"Univ Seville, C Maria Padilla S-N, Seville
   41004, Spain.",Univ Seville, C Maria Padilla S-N," Seville
   41004",3
170,TELECOMMUNICATIONS POLICY,2018,18,1,"Termination notice of mobile network operator customers after a tariff
   switch: An empirical study of postpaid subscribers in Germany",1,2,"Univ Duisburg Essen, Mercator Sch
   Management, Lotharstr 65, D-47057 Duisburg, Germany.",Univ Duisburg Essen," Mercator Sch
   Management", Lotharstr 65,2
171,TELECOMMUNICATIONS POLICY,2018,18,1,Cosi fan tutte: A better approach than the right to be forgotten,1,2,"Syracuse Univ, Sch Informat
   Studies, Syracuse, NY 13244 USA.",Syracuse Univ," Sch Informat
   Studies", Syracuse,2
172,TELECOMMUNICATIONS POLICY,2018,18,1,"Inconvenience cost of mobile communication failure: The case of South
   Korea",1,2,"Yonsei Univ, Coll Engn, Dept Ind Engn, 50
   Yonsei Ro, Seoul 03722, South Korea.",Yonsei Univ, Coll Engn, Dept Ind Engn,2
173,TELECOMMUNICATIONS POLICY,2018,18,1,"Mobile communications - On standards, classifications and generations",1,3,"Aalborg Univ
   Copenhagen AAU CPH, Dept Elect Syst, Ctr Commun Media &amp; Informat Technol
   CMI, Copenhagen, Denmark.","Aalborg Univ
   Copenhagen AAU CPH", Dept Elect Syst," Ctr Commun Media &amp; Informat Technol
   CMI",3
174,TELECOMMUNICATIONS POLICY,2018,18,1,"An estimate of the average cumulative royalty yield in the world mobile
   phone industry: Theory, measurement and results",3,3,"Univ Los Andes, Av Monsenor Alvaro Portillo
   12-455, Santiago 7620001, Chile.",Univ Los Andes," Av Monsenor Alvaro Portillo
   12-455", Santiago 7620001,1
175,TELECOMMUNICATIONS POLICY,2018,18,1,"An estimate of the average cumulative royalty yield in the world mobile
   phone industry: Theory, measurement and results",3,3,"Stanford Univ, Hoover Inst, Stanford, CA 94305 USA.",Stanford Univ, Hoover Inst, Stanford,1
176,TELECOMMUNICATIONS POLICY,2018,18,1,"An estimate of the average cumulative royalty yield in the world mobile
   phone industry: Theory, measurement and results",3,3,"Hamilton IPV, POB 424, Los Altos, CA 94023 USA.",Hamilton IPV, POB 424, Los Altos,1
177,TELECOMMUNICATIONS POLICY,2018,18,1,"Pursuing consumer empowerment in the age of big data: A comprehensive
   regulatory framework for data brokers",1,1,"Yuan Ze Univ, Dept Informat Commun, 135 Yuan Tung Rd,
   Taoyuan 32003, Taiwan.",Yuan Ze Univ, Dept Informat Commun, 135 Yuan Tung Rd,1
178,TELECOMMUNICATIONS POLICY,2018,18,1,"The Internet of Things as an accelerator of advancement of broadband
   networks: A case of Thailand",1,2,"Waseda Univ, Grad Sch Asia Pacific
   Studies, Shinjuku Ku, Nishi Waseda Bldg 7F,1-21-1 Nishi Waseda, Tokyo
   1690051, Japan.",Waseda Univ," Grad Sch Asia Pacific
   Studies", Shinjuku Ku,2
179,TELECOMMUNICATIONS POLICY,2018,18,1,"User preference for an IoT healthcare application for lifestyle disease
   management",1,2,"Korea Univ, Sch Media &amp; Commun, 145 Anam
   Ro, Seoul 02841, South Korea.",Korea Univ, Sch Media &amp; Commun," 145 Anam
   Ro",2
180,TELECOMMUNICATIONS POLICY,2018,18,1,Mechanisms to incentivise shared-use of spectrum,1,2,"NERA Econ Consulting Inc, 1166 Ave
   Amer, New York, NY 10036 USA.",NERA Econ Consulting Inc," 1166 Ave
   Amer", New York,2
181,TELECOMMUNICATIONS POLICY,2018,18,1,Universal service in Vietnam: An institutional approach,1,2,"Aalborg Univ, Ctr Commun Media &amp; Informat
   Technol, Aalborg, Denmark.",Aalborg Univ," Ctr Commun Media &amp; Informat
   Technol", Aalborg,2
182,TELECOMMUNICATIONS POLICY,2018,18,1,"The Internet and income inequality: Socio-economic challenges in a
   hyperconnected society",1,1,"Michigan State Univ, Dept Media &amp; Informat, E
   Lansing, MI 48824 USA.",Michigan State Univ, Dept Media &amp; Informat," E
   Lansing",1
183,TELECOMMUNICATIONS POLICY,2018,18,1,"Does computer penetration increase farmers' income? An empirical study
   from China",3,3,"Southeast Univ, Sch Econ &amp; Management, Dongnandaxue Rd 2,
   Nanjing 211189, Jiangsu, Peoples R China.",Southeast Univ, Sch Econ &amp; Management, Dongnandaxue Rd 2,1
184,TELECOMMUNICATIONS POLICY,2018,18,1,"Does computer penetration increase farmers' income? An empirical study
   from China",3,3,"Univ Chinese Acad Sci, Sch Publ Policy &amp; Management, 19
   A Yuquan Rd, Beijing 100049, Peoples R China.",Univ Chinese Acad Sci, Sch Publ Policy &amp; Management," 19
   A Yuquan Rd",1
185,TELECOMMUNICATIONS POLICY,2018,18,1,"Does computer penetration increase farmers' income? An empirical study
   from China",3,3,"Huaihai Inst Technol, Sch Business, Cangwu Rd 59, Lianyungang
   222005, Jiangsu, Peoples R China.",Huaihai Inst Technol, Sch Business, Cangwu Rd 59,1
186,TELECOMMUNICATIONS POLICY,2018,18,1,"Diversity and digital divide: Using the National Broadband Map to
   identify the non-adopters of broadband",4,4,"Murray State Univ, Dept Econ &amp; Finance, Econ, 307H
   Business Bldg, Murray, KY 42071 USA.",Murray State Univ, Dept Econ &amp; Finance, Econ,1
187,TELECOMMUNICATIONS POLICY,2018,18,1,"Diversity and digital divide: Using the National Broadband Map to
   identify the non-adopters of broadband",4,4,"Murray State Univ, Dept Econ &amp; Finance, Econ &amp;
   Telecommun Syst Management, 307D Business Bldg, Murray, KY 42071 USA.",Murray State Univ, Dept Econ &amp; Finance," Econ &amp;
   Telecommun Syst Management",1
188,TELECOMMUNICATIONS POLICY,2018,18,1,"Diversity and digital divide: Using the National Broadband Map to
   identify the non-adopters of broadband",4,4,"Murray State Univ, Dept Geosci, Midamer Remote Sensing
   Ctr MARC, Murray, KY 42071 USA.",Murray State Univ, Dept Geosci," Midamer Remote Sensing
   Ctr MARC",1
189,TELECOMMUNICATIONS POLICY,2018,18,1,"Diversity and digital divide: Using the National Broadband Map to
   identify the non-adopters of broadband",4,4,"Murray State Univ, Dept Geosci, Murray, KY 42071 USA.",Murray State Univ, Dept Geosci, Murray,1
190,TELECOMMUNICATIONS POLICY,2018,18,1,The effects of lower mobile termination rates in South Africa,1,1,"Univ Johannesburg, Univ Cape Town, Acacia Econ,
   Johannesburg, South Africa.",Univ Johannesburg, Univ Cape Town, Acacia Econ,1
191,TELECOMMUNICATIONS POLICY,2018,18,1,"Governing online platforms: Competition policy in times of
   platformization",1,1,"Michigan State Univ, Dept Media &amp; Informat, 404 Wilson
   Rd,Rm 442, E Lansing, MI 48824 USA.",Michigan State Univ, Dept Media &amp; Informat," 404 Wilson
   Rd",1
192,TELECOMMUNICATIONS POLICY,2018,18,1,"Do telecom carrier takeovers create value? Longitudinal analysis of US
   telecom carrier takeovers from 1996 to 2005",3,3,"Hoseo Univ, Grad Sch Management Technol, Asan, South Korea.",Hoseo Univ, Grad Sch Management Technol, Asan,1
193,TELECOMMUNICATIONS POLICY,2018,18,1,"Do telecom carrier takeovers create value? Longitudinal analysis of US
   telecom carrier takeovers from 1996 to 2005",3,3,"Tencent, Shenzhen, Peoples R China.",Tencent, Shenzhen, Peoples R China.,1
194,TELECOMMUNICATIONS POLICY,2018,18,1,"Do telecom carrier takeovers create value? Longitudinal analysis of US
   telecom carrier takeovers from 1996 to 2005",3,3,"Korea Univ, Sch Media &amp; Commun, Seoul, South Korea.",Korea Univ, Sch Media &amp; Commun, Seoul,1
195,TELECOMMUNICATIONS POLICY,2018,18,1,"A socio-technical analysis of China's cybersecurity policy: Towards
   delivering trusted e-government services",2,3,"Univ Elect Sci &amp; Technol China, Sch Polit
   Sci &amp; Publ Adm, Chengdu, Sichuan, Peoples R China.",Univ Elect Sci &amp; Technol China," Sch Polit
   Sci &amp; Publ Adm", Chengdu,2
196,TELECOMMUNICATIONS POLICY,2018,18,1,"A socio-technical analysis of China's cybersecurity policy: Towards
   delivering trusted e-government services",2,3,"Penn State Univ, Donald P Bellisario Coll Commun,
   University Pk, PA 16802 USA.",Penn State Univ, Donald P Bellisario Coll Commun,"
   University Pk",1
197,TELECOMMUNICATIONS POLICY,2018,18,1,"Evaluating consumer perception and willingness to pay for broadband in
   Nigeria",4,4,"Univ Nigeria, Dept Econ, Nsukka, Enugu State,
   Nigeria.",Univ Nigeria, Dept Econ, Nsukka,1
198,TELECOMMUNICATIONS POLICY,2018,18,1,"Evaluating consumer perception and willingness to pay for broadband in
   Nigeria",4,4,"African Heritage Inst, Enugu, Nigeria.",African Heritage Inst, Enugu, Nigeria.,1
199,TELECOMMUNICATIONS POLICY,2018,18,1,"Evaluating consumer perception and willingness to pay for broadband in
   Nigeria",4,4,"Univ Nigeria, Inst Dev Studies, Enugu Campus, Nsukka,
   Nigeria.",Univ Nigeria, Inst Dev Studies, Enugu Campus,1
200,TELECOMMUNICATIONS POLICY,2018,18,1,"Evaluating consumer perception and willingness to pay for broadband in
   Nigeria",4,4,"African Heritage Inst, Appl Econ Unit, 54 Nza St,
   Enugu, Nigeria.",African Heritage Inst, Appl Econ Unit, 54 Nza St,1
201,TELECOMMUNICATIONS POLICY,2018,18,1,"Impact of modern communication infrastructure on productivity,
   production structure and factor demands of US industries: Impact
   revisited",2,3,"NYU, New York, NY 10003 USA.",NYU, New York, NY 10003 USA.,2
202,TELECOMMUNICATIONS POLICY,2018,18,1,"Impact of modern communication infrastructure on productivity,
   production structure and factor demands of US industries: Impact
   revisited",2,3,"AT&amp;T Labs, Florham Pk, NJ 07932 USA.",AT&amp;T Labs, Florham Pk, NJ 07932 USA.,1
203,TELECOMMUNICATIONS POLICY,2018,18,1,"New insights from a multilevel approach to the regional digital divide
   in the European Union",2,2,"Transilvania Univ Brasov, Fac Econ Sci &amp;
   Business Adm, Brasov, Romania.",Transilvania Univ Brasov," Fac Econ Sci &amp;
   Business Adm", Brasov,1
204,TELECOMMUNICATIONS POLICY,2018,18,1,"New insights from a multilevel approach to the regional digital divide
   in the European Union",2,2,"Inst Econ Forecasting, Bucharest, Romania.",Inst Econ Forecasting, Bucharest, Romania.,1
205,TELECOMMUNICATIONS POLICY,2018,18,1,"Drivers and barriers to cross-border e-commerce: Evidence from Spanish
   individual behavior",2,5,"UCM, ICAE, Madrid, Spain.",UCM, ICAE, Madrid,4
206,TELECOMMUNICATIONS POLICY,2018,18,1,"Drivers and barriers to cross-border e-commerce: Evidence from Spanish
   individual behavior",2,5,"UNED, Madrid, Spain.",UNED, Madrid, Spain.,1
207,TELECOMMUNICATIONS POLICY,2018,18,1,"CEO compensation in EU telecom companies: Does the state design the
   right incentives?",5,8,"Politecn Torino, Turin, Italy.",Politecn Torino, Turin, Italy.,2
208,TELECOMMUNICATIONS POLICY,2018,18,1,"CEO compensation in EU telecom companies: Does the state design the
   right incentives?",5,8,"Univ Florence, Florence, Italy.",Univ Florence, Florence, Italy.,2
209,TELECOMMUNICATIONS POLICY,2018,18,1,"CEO compensation in EU telecom companies: Does the state design the
   right incentives?",5,8,"New York Univ, Via Bolognese 120, I-50139 Florence,
   Italy.",New York Univ, Via Bolognese 120, I-50139 Florence,1
210,TELECOMMUNICATIONS POLICY,2018,18,1,"CEO compensation in EU telecom companies: Does the state design the
   right incentives?",5,8,"Politecn Torino, Dept Management, Corso Duca Abruzzi 24,
   I-10129 Turin, Italy.",Politecn Torino, Dept Management, Corso Duca Abruzzi 24,1
211,TELECOMMUNICATIONS POLICY,2018,18,1,"CEO compensation in EU telecom companies: Does the state design the
   right incentives?",5,8,"Univ Florence, Dept Econ &amp; Management, Via
   Pandette 32, I-50127 Florence, Italy.",Univ Florence, Dept Econ &amp; Management," Via
   Pandette 32",2
212,TELECOMMUNICATIONS POLICY,2018,18,1,"Zero-rating arrangements of mobile Internet access service providers -
   An analysis of main factors shaping the need for regulatory
   interventions",1,1,"Univ Duisburg Essen, Mercator Sch Management,
   Chair Strateg &amp; Telecommun Management, Lotharstr 65, D-47057 Duisburg,
   Germany.",Univ Duisburg Essen, Mercator Sch Management,"
   Chair Strateg &amp; Telecommun Management",1
213,TELECOMMUNICATIONS POLICY,2018,18,1,A fresh look at zero-rating,4,5,"Univ Passau, Chair Internet &amp; Telecommun Business, Dr
   Hans Kapfinger Str 12, D-94032 Passau, Germany.",Univ Passau, Chair Internet &amp; Telecommun Business," Dr
   Hans Kapfinger Str 12",1
214,TELECOMMUNICATIONS POLICY,2018,18,1,A fresh look at zero-rating,4,5,"Univ Mannheim, Dept Econ, D-68131 Mannheim, Germany.",Univ Mannheim, Dept Econ, D-68131 Mannheim,1
215,TELECOMMUNICATIONS POLICY,2018,18,1,A fresh look at zero-rating,4,5,"Univ Mannheim, MaCCI, D-68131 Mannheim, Germany.",Univ Mannheim, MaCCI, D-68131 Mannheim,1
216,TELECOMMUNICATIONS POLICY,2018,18,1,A fresh look at zero-rating,4,5,"Ctr Regulat Europe CERRE, Brussels,
   Belgium.",Ctr Regulat Europe CERRE, Brussels,"
   Belgium.",2
217,TELECOMMUNICATIONS POLICY,2018,18,1,Is there a need for platform neutrality regulation in the EU?,2,2,"Univ Passau, Chair Internet &amp; Telecommun Business, Dr
   Hans Kapfinger Str 12, D-94032 Passau, Germany.",Univ Passau, Chair Internet &amp; Telecommun Business," Dr
   Hans Kapfinger Str 12",1
218,TELECOMMUNICATIONS POLICY,2018,18,1,Is there a need for platform neutrality regulation in the EU?,2,2,"Univ Passau, Res Grp Data Policies, Dr Hans Kapfinger
   Str 12, D-94032 Passau, Germany.",Univ Passau, Res Grp Data Policies," Dr Hans Kapfinger
   Str 12",1
219,TELECOMMUNICATIONS POLICY,2018,18,1,The telecommunications divide among Indian states,3,3,"Indian Inst Informat Technol Bhagalpur, Dept
   Humanities &amp; Social Sci, Bhagalpur 813210, Bihar, India.",Indian Inst Informat Technol Bhagalpur," Dept
   Humanities &amp; Social Sci", Bhagalpur 813210,1
220,TELECOMMUNICATIONS POLICY,2018,18,1,The telecommunications divide among Indian states,3,3,"Indian Inst Technol Guwahati, Dept Humanities &amp;
   Social Sci, Gauhati 781039, Assam, India.",Indian Inst Technol Guwahati," Dept Humanities &amp;
   Social Sci", Gauhati 781039,1
221,TELECOMMUNICATIONS POLICY,2018,18,1,The telecommunications divide among Indian states,3,3,"Sam Houston State Univ, Dept Econ &amp; Int Business,
   Huntsville, TX 77341 USA.",Sam Houston State Univ, Dept Econ &amp; Int Business,"
   Huntsville",1
222,TELECOMMUNICATIONS POLICY,2018,18,1,"Anatomy of a public-private partnership: Hold-up and regulatory
   commitment in Ultrafast Broadband",2,2,"Victoria Univ Wellington, Sch Managemen4, Wellington,
   New Zealand.",Victoria Univ Wellington, Sch Managemen4, Wellington,1
223,TELECOMMUNICATIONS POLICY,2018,18,1,"Anatomy of a public-private partnership: Hold-up and regulatory
   commitment in Ultrafast Broadband",2,2,"Eindhoven Univ Technol, Dept Ind Engn &amp; Innovat Sci,
   Eindhoven, Netherlands.",Eindhoven Univ Technol, Dept Ind Engn &amp; Innovat Sci,"
   Eindhoven",1
224,TELECOMMUNICATIONS POLICY,2018,18,1,"From aperture satellite to ""Internet finance"": Institutionalization of
   ICTs in China's financial sector since 1991",1,1,"Rutgers State Univ, Sch Commun &amp; Informat, US, 4 Huntington
   St, New Brunswick, NJ 08901 USA.",Rutgers State Univ, Sch Commun &amp; Informat, US,1
225,TELECOMMUNICATIONS POLICY,2018,18,1,On the dual-stacking transition to IPv6: A forlorn hope?,1,1,"Curtin Univ, Perth, WA, Australia.",Curtin Univ, Perth, WA,1
226,TELECOMMUNICATIONS POLICY,2018,18,1,"Leadership with 5G in Europe: Two contrasting images of the future, with
   policy and regulatory implications",2,2,"Delft Univ Technol, Delft, Netherlands.",Delft Univ Technol, Delft, Netherlands.,1
227,TELECOMMUNICATIONS POLICY,2018,18,1,"Leadership with 5G in Europe: Two contrasting images of the future, with
   policy and regulatory implications",2,2,"Nyenrode Business Univ, Straatweg 25, NL-3621 BG
   Breukelen, Netherlands.",Nyenrode Business Univ, Straatweg 25," NL-3621 BG
   Breukelen",1
228,TELECOMMUNICATIONS POLICY,2018,18,1,5G networks: Will technology and policy collide?,1,2,"Univ Politecn Madrid, Madrid,
   Spain.",Univ Politecn Madrid, Madrid,"
   Spain.",2
229,TELECOMMUNICATIONS POLICY,2018,18,1,On regulations for 5G: Micro licensing for locally operated networks,2,4,"Univ Oulu, CWC, Oulu, Finland.",Univ Oulu, CWC, Oulu,2
230,TELECOMMUNICATIONS POLICY,2018,18,1,On regulations for 5G: Micro licensing for locally operated networks,2,4,"Univ Oulu, Oulu Business Sch, Marta
   Ahtisaari Inst, Oulu, Finland.",Univ Oulu, Oulu Business Sch," Marta
   Ahtisaari Inst",2
231,TELECOMMUNICATIONS POLICY,2018,18,1,"The cost, coverage and rollout implications of 5G infrastructure in
   Britain",2,2,"Univ Cambridge, Cambridge Judge Business Sch, Ctr
   Risk Studies, Cambridge, England.",Univ Cambridge, Cambridge Judge Business Sch," Ctr
   Risk Studies",1
232,TELECOMMUNICATIONS POLICY,2018,18,1,"The cost, coverage and rollout implications of 5G infrastructure in
   Britain",2,2,"Univ Politecn Madrid, Escuela Tecn Super Ingenieros
   Telecomunicac, Grp Informat Technol &amp; Commun, Madrid, Spain.",Univ Politecn Madrid," Escuela Tecn Super Ingenieros
   Telecomunicac", Grp Informat Technol &amp; Commun,1
233,TELECOMMUNICATIONS POLICY,2018,18,1,How disruptive is 5G?,2,2,"London Sch Econ, Dept Law, Houghton St, London WC2A 2AE,
   England.",London Sch Econ, Dept Law, Houghton St,1
234,TELECOMMUNICATIONS POLICY,2018,18,1,How disruptive is 5G?,2,2,"Ctr Regulat Europe, B-1050 Brussels, Belgium.",Ctr Regulat Europe, B-1050 Brussels, Belgium.,1
235,TELECOMMUNICATIONS POLICY,2018,18,1,"Accelerating the development of Latin American digital ecosystem and
   implications for broadband policy",2,2,"Columbia Business Sch, Columbia Inst Teleinformat, New
   York, NY 10027 USA.",Columbia Business Sch, Columbia Inst Teleinformat," New
   York",1
236,TELECOMMUNICATIONS POLICY,2018,18,1,"Accelerating the development of Latin American digital ecosystem and
   implications for broadband policy",2,2,"Univ San Andres, Econ Dept, Buenos Aires, DF,
   Argentina.",Univ San Andres, Econ Dept, Buenos Aires,1
237,TELECOMMUNICATIONS POLICY,2018,18,1,"A study on the deployment of high-speed broadband networks in NUTS3
   regions within the framework of digital agenda for Europe",3,5,"Tech Univ Madrid, Tongii Univ, Sino Spanish
   Campus,Yifu Bldg,1239 Siping Rd, Shanghai 200092, Peoples R China.",Tech Univ Madrid, Tongii Univ," Sino Spanish
   Campus",1
238,TELECOMMUNICATIONS POLICY,2018,18,1,"A study on the deployment of high-speed broadband networks in NUTS3
   regions within the framework of digital agenda for Europe",3,5,"Natl Distance Learning Univ,
   Madrid, Spain.",Natl Distance Learning Univ,"
   Madrid", Spain.,2
239,TELECOMMUNICATIONS POLICY,2018,18,1,"A study on the deployment of high-speed broadband networks in NUTS3
   regions within the framework of digital agenda for Europe",3,5,"Tech Univ Madrid, Madrid, Spain.",Tech Univ Madrid, Madrid, Spain.,2
240,TELECOMMUNICATIONS POLICY,2018,18,1,"Was household internet adoption driven by the reform? Evaluation of the
   2013 telecommunication reform in Mexico",1,2,"UPAEP, Strategy Technol &amp; Soc Res
   Ctr, Interdisciplinary Ctr Grad Studies &amp; Res, 17 Sur 901, Puebla 72410,
   Mexico.",UPAEP," Strategy Technol &amp; Soc Res
   Ctr", Interdisciplinary Ctr Grad Studies &amp; Res,2
241,TELECOMMUNICATIONS POLICY,2018,18,1,Dimensions of broadband policies and developments,1,2,"Aalborg Univ, CMI, Elect Syst,
   Copenhagen, Denmark.",Aalborg Univ, CMI, Elect Syst,2
242,TELECOMMUNICATIONS POLICY,2018,18,1,"The involvement of utilities in the development of broadband
   infrastructure: A comparison of EU case studies",3,5,"Northumbria Univ, Newcastle Business Sch,
   Newcastle Upon Tyne, Tyne &amp; Wear, England.",Northumbria Univ, Newcastle Business Sch,"
   Newcastle Upon Tyne",2
243,TELECOMMUNICATIONS POLICY,2018,18,1,"The involvement of utilities in the development of broadband
   infrastructure: A comparison of EU case studies",3,5,"Univ Ghent, IMEC, Ghent,
   Belgium.",Univ Ghent, IMEC, Ghent,2
244,TELECOMMUNICATIONS POLICY,2018,18,1,"The involvement of utilities in the development of broadband
   infrastructure: A comparison of EU case studies",3,5,"TELECOM Ecole Management, Inst Mines &amp; Telecoms, Evry,
   France.",TELECOM Ecole Management, Inst Mines &amp; Telecoms, Evry,1
245,TELECOMMUNICATIONS POLICY,2018,18,1,Remote Rural Broadband Systems in Canada,1,1,"Univ Calgary, Dept Commun Media &amp; Film, 2500 Univ Dr
   NW, Calgary, AB T2N 1N4, Canada.",Univ Calgary, Dept Commun Media &amp; Film," 2500 Univ Dr
   NW",1
246,TELECOMMUNICATIONS POLICY,2018,18,1,"The participation society and its inability to correct the failure of
   market players to deliver adequate service levels in rural areas",1,2,"Univ Groningen NL, Fac Spatial Sci,
   Groningen, Netherlands.",Univ Groningen NL, Fac Spatial Sci,"
   Groningen",2
247,TELECOMMUNICATIONS POLICY,2018,18,1,"Is faster better? Quantifying the relationship between broadband speed
   and economic growth",1,1,"Phoenix Ctr Adv Legal &amp; Econ Publ Policy Studies, 5335
   Wisconsin Ave NW,Suite 940, Washington, DC 20015 USA.",Phoenix Ctr Adv Legal &amp; Econ Publ Policy Studies," 5335
   Wisconsin Ave NW",Suite 940,1
248,TELECOMMUNICATIONS POLICY,2018,18,1,"Race to the top: Does competition in the DSL market matter for fibre
   penetration?",4,4,"Econex Consulting Pty Ltd, Stellenbosch, South Africa.",Econex Consulting Pty Ltd, Stellenbosch, South Africa.,1
249,TELECOMMUNICATIONS POLICY,2018,18,1,"Race to the top: Does competition in the DSL market matter for fibre
   penetration?",4,4,"Stellenbosch Univ, Dept Econ, Stellenbosch, South
   Africa.",Stellenbosch Univ, Dept Econ, Stellenbosch,1
250,TELECOMMUNICATIONS POLICY,2018,18,1,"Race to the top: Does competition in the DSL market matter for fibre
   penetration?",4,4,"Univ Utrecht, Sch Econ USE &amp; Radicand Econ,
   Utrecht, Netherlands.",Univ Utrecht, Sch Econ USE &amp; Radicand Econ,"
   Utrecht",1
251,TELECOMMUNICATIONS POLICY,2018,18,1,"Race to the top: Does competition in the DSL market matter for fibre
   penetration?",4,4,"Tilburg Univ, TILEC, Tilburg, Netherlands.",Tilburg Univ, TILEC, Tilburg,1
252,TELECOMMUNICATIONS POLICY,2018,18,1,Governance and economics of smart cities: opportunities and challenges,2,2,"Univ Bradford, Environm Econ &amp; Publ Policy, Bradford, W
   Yorkshire, England.",Univ Bradford, Environm Econ &amp; Publ Policy, Bradford,1
253,TELECOMMUNICATIONS POLICY,2018,18,1,Governance and economics of smart cities: opportunities and challenges,2,2,"UNED, Business Management, Madrid, Spain.",UNED, Business Management, Madrid,1
254,TELECOMMUNICATIONS POLICY,2018,18,1,"A comparison of selected Western and Chinese smart governance: The
   application of ICT in governmental management, participation and
   collaboration",1,1,"Univ Utrecht, Dept Human Geog &amp; Planning, Vening
   Meineszgebouw A,Princetonlaan 8a, NL-3584 CB Utrecht, Netherlands.",Univ Utrecht, Dept Human Geog &amp; Planning," Vening
   Meineszgebouw A",1
255,TELECOMMUNICATIONS POLICY,2018,18,1,"Examining linkages between Smart Villages and Smart Cities: Learning
   from rural youth accessing the internet in India",4,9,"Univ Cambridge, Ctr Dev Studies,
   Cambridge, England.",Univ Cambridge, Ctr Dev Studies,"
   Cambridge",2
256,TELECOMMUNICATIONS POLICY,2018,18,1,"Examining linkages between Smart Villages and Smart Cities: Learning
   from rural youth accessing the internet in India",4,9,"Univ Cambridge, Dept Land Econ,
   Cambridge, England.",Univ Cambridge, Dept Land Econ,"
   Cambridge",2
257,TELECOMMUNICATIONS POLICY,2018,18,1,"Examining linkages between Smart Villages and Smart Cities: Learning
   from rural youth accessing the internet in India",4,9,"Indian Inst Technol Madras, Telecommun &amp; Comp Networking Grp
   TeNet, Madras, Tamil Nadu, India.",Indian Inst Technol Madras," Telecommun &amp; Comp Networking Grp
   TeNet", Madras,4
258,TELECOMMUNICATIONS POLICY,2018,18,1,"Examining linkages between Smart Villages and Smart Cities: Learning
   from rural youth accessing the internet in India",4,9,"Punjab Univ Chandigarh, Dept Econ, Chandigarh, India.",Punjab Univ Chandigarh, Dept Econ, Chandigarh,1
259,TELECOMMUNICATIONS POLICY,2018,18,1,"Induced effects of smart food/agri-systems in Japan: Towards a
   structural analysis of information technology",2,2,"Japan Inst Labour Policy &amp; Training, Tokyo, Japan.",Japan Inst Labour Policy &amp; Training, Tokyo, Japan.,1
260,TELECOMMUNICATIONS POLICY,2018,18,1,"Induced effects of smart food/agri-systems in Japan: Towards a
   structural analysis of information technology",2,2,"Waseda Univ, Fac Social Sci, Tokyo, Japan.",Waseda Univ, Fac Social Sci, Tokyo,1
261,TELECOMMUNICATIONS POLICY,2018,18,1,"Connecting the dots: The nexus between transport and telecommunication
   in Ghana",3,3,"Univ Texas Dallas, Sch Econ Polit &amp; Policy Sci,
   Dept Publ Policy &amp; Polit Econ, 800W Campbell Rd, Richardson, TX 75080
   USA.",Univ Texas Dallas, Sch Econ Polit &amp; Policy Sci,"
   Dept Publ Policy &amp; Polit Econ",1
262,TELECOMMUNICATIONS POLICY,2018,18,1,"Connecting the dots: The nexus between transport and telecommunication
   in Ghana",3,3,"Kwame Nkrumah Univ Sci &amp; Technol, Fac Built
   Environm, Dept Planning, Kumasi, Ghana.",Kwame Nkrumah Univ Sci &amp; Technol," Fac Built
   Environm", Dept Planning,1
263,TELECOMMUNICATIONS POLICY,2018,18,1,"Connecting the dots: The nexus between transport and telecommunication
   in Ghana",3,3,"Kwame Nkrumah Univ Sci &amp; Technol, Fac Built
   Environm, Kumasi, Ghana.",Kwame Nkrumah Univ Sci &amp; Technol," Fac Built
   Environm", Kumasi,1
264,TELECOMMUNICATIONS POLICY,2018,18,1,"Promoting smart cities in developing countries: Policy insights from
   Vietnam",2,2,"Natl Univ Singapore, Lee Kuan Yew Sch Publ Policy, 469C
   Bukit Timah Rd, Singapore 259772, Singapore.",Natl Univ Singapore, Lee Kuan Yew Sch Publ Policy," 469C
   Bukit Timah Rd",1
265,TELECOMMUNICATIONS POLICY,2018,18,1,"Promoting smart cities in developing countries: Policy insights from
   Vietnam",2,2,"Cornell Univ, Dept City &amp; Reg Planning, 213 Sibley Hall,
   Ithaca, NY 14853 USA.",Cornell Univ, Dept City &amp; Reg Planning, 213 Sibley Hall,1
266,TELECOMMUNICATIONS POLICY,2018,18,1,"Vision of future e-government via new e-government maturity model: Based
   on Korea's e-government practices",1,1,"Natl Assembly Korea, Seoul, South Korea.",Natl Assembly Korea, Seoul, South Korea.,1
267,TELECOMMUNICATIONS POLICY,2018,18,1,"Smart city networks' governance: The Spanish smart city network case
   study",2,2,"Urbaser, Informat Syst Dept, Madrid, Spain.",Urbaser, Informat Syst Dept, Madrid,1
268,TELECOMMUNICATIONS POLICY,2018,18,1,"Smart city networks' governance: The Spanish smart city network case
   study",2,2,"Natl Distance Educ Univ UNED, Madrid, Spain.",Natl Distance Educ Univ UNED, Madrid, Spain.,1
269,TELECOMMUNICATIONS POLICY,2018,18,1,"Citizen-centered big data analysis-driven governance intelligence
   framework for smart cities",1,3,"Harbin Inst Technol, Sch
   Management, 13 Fayuan St, Harbin 150001, Heilongjiang, Peoples R China.",Harbin Inst Technol," Sch
   Management", 13 Fayuan St,3
