,Journal,Year,Journal_Rank,Q_Position,Title,Total_Units,Total_Authors,Unit_Address,Unit_Name_1,Unit_Name_2,Unit_Name_3,Author_Number
0,JOURNALISM STUDIES,2017,25,1,The Epistemology of Environmental Journalists: The case of China,1,1,"Univ Leicester, Dept Media &amp; Commun, Leicester, Leics,
   England.",Univ Leicester, Dept Media &amp; Commun, Leicester,1
1,JOURNALISM STUDIES,2017,25,1,"The Use of Melodramatic Animation in News, Presence and News
   Credibility: A path model",2,2,"Hang Seng Management Coll, Sch Commun, Hong Kong, Hong
   Kong, Peoples R China.",Hang Seng Management Coll, Sch Commun, Hong Kong,1
2,JOURNALISM STUDIES,2017,25,1,"The Use of Melodramatic Animation in News, Presence and News
   Credibility: A path model",2,2,"Hong Kong Baptist Univ, Div Commun, Coll Int
   Educ, Hong Kong, Hong Kong, Peoples R China.",Hong Kong Baptist Univ, Div Commun," Coll Int
   Educ",1
3,JOURNALISM STUDIES,2017,25,1,Journalism and Poetry in the Nineteenth Century: Calls to action,1,1,"Massey Univ, Sch Commun Journalism &amp; Mkt,
   Palmerston North, New Zealand.",Massey Univ, Sch Commun Journalism &amp; Mkt,"
   Palmerston North",1
4,JOURNALISM STUDIES,2017,25,1,"Incomplete Knowledge, Rumour and Truth Seeking: When conspiracy theories
   become news",1,2,"Univ Tasmania, Journalism Media &amp;
   Commun, Hobart, Tas, Australia.",Univ Tasmania," Journalism Media &amp;
   Commun", Hobart,2
5,JOURNALISM STUDIES,2017,25,1,"Strangers on a Theoretical Train: Inter-media agenda setting, community
   structure, and local news coverage",1,1,"Sam Houston State Univ, Mass Commun, Huntsville, TX
   77340 USA.",Sam Houston State Univ, Mass Commun, Huntsville,1
6,JOURNALISM STUDIES,2017,25,1,"News Corporation Tabloids and Press Photography During the 2013
   Australian Federal Election",1,1,"Univ Melbourne, Sch Social &amp; Polit Sci, Melbourne, Vic,
   Australia.",Univ Melbourne, Sch Social &amp; Polit Sci, Melbourne,1
7,JOURNALISM STUDIES,2017,25,1,"Economic News Through the Magnifying Glass: How the media cover economic
   boom and bust",2,3,"Univ Southern Denmark, Ctr Journalism,
   Odense, Denmark.",Univ Southern Denmark, Ctr Journalism,"
   Odense",2
8,JOURNALISM STUDIES,2017,25,1,"Economic News Through the Magnifying Glass: How the media cover economic
   boom and bust",2,3,"Univ Amsterdam, Amsterdam Sch Commun Res ASCoR,
   Amsterdam, Netherlands.",Univ Amsterdam, Amsterdam Sch Commun Res ASCoR,"
   Amsterdam",1
9,JOURNALISM STUDIES,2017,25,1,"Meta Framing And Polyphonic Structures: A case study of news reporting
   in sports journalism",1,1,"Roskilde Univ, Dept Commun Business &amp; Informat
   Technol, Ctr Power Media &amp; Commun, Roskilde, Denmark.",Roskilde Univ," Dept Commun Business &amp; Informat
   Technol", Ctr Power Media &amp; Commun,1
10,JOURNALISM STUDIES,2017,25,1,"""Only Image I Ever See"": US media consumers' perceptions of Iraqis",1,1,"Temple Univ, Media &amp; Commun, Philadelphia, PA 19122
   USA.",Temple Univ, Media &amp; Commun, Philadelphia,1
11,JOURNALISM STUDIES,2017,25,1,"Surviving in the Journalistic Field: The Catholic journalist Walter
   Hagemann's rollercoaster ride during the Third Reich",1,1,"Univ Munich, Dept Commun Studies &amp; Media Res,
   Munich, Germany.",Univ Munich, Dept Commun Studies &amp; Media Res,"
   Munich",1
12,JOURNALISM STUDIES,2017,25,1,"""The Mission is to Keep this Industry Intact"": Digital transition in the
   Japanese newspaper industry",2,2,"Univ Helsinki, Dept Social Res Media &amp; Commun Studies,
   Helsinki, Finland.",Univ Helsinki, Dept Social Res Media &amp; Commun Studies,"
   Helsinki",1
13,JOURNALISM STUDIES,2017,25,1,"""The Mission is to Keep this Industry Intact"": Digital transition in the
   Japanese newspaper industry",2,2,"Univ Tokyo, Interfaculty Initiat Informat Studies,
   Tokyo, Japan.",Univ Tokyo, Interfaculty Initiat Informat Studies,"
   Tokyo",1
14,JOURNALISM STUDIES,2017,25,1,"Legitimation Strategies in Journalism: Public storytelling about racial
   disparities",1,1,"Univ Wisconsin, Sch Journalism &amp; Mass Commun, Madison,
   WI 53706 USA.",Univ Wisconsin, Sch Journalism &amp; Mass Commun, Madison,1
15,JOURNALISM STUDIES,2017,25,1,"Small Departures, Big Continuities?: Norms, values, and routines in The
   Guardian's big data journalism",2,2,"Nanyang Technol Univ, Wee Kim Wee Sch Commun &amp;
   Informat, Singapore, Singapore.",Nanyang Technol Univ," Wee Kim Wee Sch Commun &amp;
   Informat", Singapore,1
16,JOURNALISM STUDIES,2017,25,1,"Small Departures, Big Continuities?: Norms, values, and routines in The
   Guardian's big data journalism",2,2,"William Paterson Univ, Dept Commun, Wayne, NJ USA.",William Paterson Univ, Dept Commun, Wayne,1
17,JOURNALISM STUDIES,2017,25,1,"Ukraine, Mainstream Media and Conflict Propaganda",2,2,"Bowling Green State Univ, Journalism &amp; Publ
   Relat, Bowling Green, OH 43403 USA.",Bowling Green State Univ," Journalism &amp; Publ
   Relat", Bowling Green,1
18,JOURNALISM STUDIES,2017,25,1,"Ukraine, Mainstream Media and Conflict Propaganda",2,2,"Calif State Univ Channel Isl, Camarillo, CA 93012
   USA.",Calif State Univ Channel Isl, Camarillo," CA 93012
   USA.",1
19,JOURNALISM STUDIES,2017,25,1,"Freedom from the Press?: How anonymous gatekeepers on Reddit covered the
   Boston Marathon bombing",1,2,"Univ Texas Austin, Sch Journalism,
   Austin, TX 78712 USA.",Univ Texas Austin, Sch Journalism,"
   Austin",2
20,JOURNALISM STUDIES,2017,25,1,"Making Sense and Drawing Lines: Young adults and the mixing of news and
   entertainment",1,1,"Northwestern Univ, Medill Sch Journalism, Evanston,
   IL 60208 USA.",Northwestern Univ, Medill Sch Journalism, Evanston,1
21,JOURNALISM STUDIES,2017,25,1,"Beyond Boon or Bane: Using normative theories to evaluate the newsmaking
   efforts of NGOs",1,1,"Univ Washington, Dept Commun, Seattle, WA 98195 USA.",Univ Washington, Dept Commun, Seattle,1
22,JOURNALISM STUDIES,2017,25,1,How Way-Finding is Challenging Gatekeeping in the Digital Age,1,2,"Ohio State Univ, Sch Commun,
   Columbus, OH 43210 USA.",Ohio State Univ, Sch Commun,"
   Columbus",2
23,JOURNALISM STUDIES,2017,25,1,"Journalism, Practice and...Poetry: Or the unexpected effects of creative
   writing on journalism research",1,1,"Univ Oslo, Dept Media &amp; Commun, Oslo, Norway.",Univ Oslo, Dept Media &amp; Commun, Oslo,1
24,JOURNALISM STUDIES,2017,25,1,Just Spell US Right: America's news prominence and soft power,2,2,"Hebrew Univ Jerusalem, Dept Commun &amp; Journalism,
   Jerusalem, Israel.",Hebrew Univ Jerusalem, Dept Commun &amp; Journalism,"
   Jerusalem",1
25,JOURNALISM STUDIES,2017,25,1,Just Spell US Right: America's news prominence and soft power,2,2,"Tel Aviv Univ, Dept Commun, Tel Aviv, Israel.",Tel Aviv Univ, Dept Commun, Tel Aviv,1
26,JOURNALISM STUDIES,2017,25,1,"""In Journalism, We Are All Men"": Material voices in the production of
   gender meanings",4,4,"ESEV Inst Politecn Viseu, CIMJ, Viseu, Portugal.",ESEV Inst Politecn Viseu, CIMJ, Viseu,1
27,JOURNALISM STUDIES,2017,25,1,"""In Journalism, We Are All Men"": Material voices in the production of
   gender meanings",4,4,"FLUC Univ Coimbra, CIMJ, Coimbra, Portugal.",FLUC Univ Coimbra, CIMJ, Coimbra,1
28,JOURNALISM STUDIES,2017,25,1,"""In Journalism, We Are All Men"": Material voices in the production of
   gender meanings",4,4,"FCSH Univ Nova Lisboa, CIMJ, Lisbon, Portugal.",FCSH Univ Nova Lisboa, CIMJ, Lisbon,1
29,JOURNALISM STUDIES,2017,25,1,"""In Journalism, We Are All Men"": Material voices in the production of
   gender meanings",4,4,"ESCS Inst Politecn Lisboa, CIMJ, Lisbon, Portugal.",ESCS Inst Politecn Lisboa, CIMJ, Lisbon,1
30,JOURNALISM STUDIES,2017,25,1,"Age at Work: Explaining variation in frames of older employees in
   corporate and news media",1,4,"Univ Amsterdam, Amsterdam Sch Commun Res ASCoR, Amsterdam,
   Netherlands.",Univ Amsterdam, Amsterdam Sch Commun Res ASCoR, Amsterdam,4
31,JOURNALISM STUDIES,2017,25,1,Media Coverage of Thomas Hitzlsperger's Coming-out in German Newspapers,1,2,"Univ Wurzburg, Dept Media &amp;
   Business Commun, Wurzburg, Germany.",Univ Wurzburg," Dept Media &amp;
   Business Commun", Wurzburg,2
32,JOURNALISM STUDIES,2017,25,1,"Navigating cross-media news use: Media repertoires and the value of news
   in everyday life",2,3,"Univ Groningen, Ctr Media &amp; Journalism
   Studies, Groningen, Netherlands.",Univ Groningen," Ctr Media &amp; Journalism
   Studies", Groningen,2
33,JOURNALISM STUDIES,2017,25,1,"Navigating cross-media news use: Media repertoires and the value of news
   in everyday life",2,3,"Aalborg Univ, Dept Commun &amp; Psychol, Copenhagen, Denmark.",Aalborg Univ, Dept Commun &amp; Psychol, Copenhagen,1
34,JOURNALISM STUDIES,2017,25,1,"""Death of The New Republic"": Discursive conflict between tech industry
   management and journalism's cultural value",2,2,"Temple Univ, Dept Journalism, Philadelphia, PA 19122 USA.",Temple Univ, Dept Journalism, Philadelphia,1
35,JOURNALISM STUDIES,2017,25,1,"""Death of The New Republic"": Discursive conflict between tech industry
   management and journalism's cultural value",2,2,"Temple Univ, Media &amp; Commun, Philadelphia, PA 19122
   USA.",Temple Univ, Media &amp; Commun, Philadelphia,1
36,JOURNALISM STUDIES,2017,25,1,"Transmedia Strategies in Journalism: An analytical model for the news
   coverage of planned events",2,2,"Natl Res Univ, Dept Media, Higher Sch Econ,
   Moscow, Russia.",Natl Res Univ, Dept Media, Higher Sch Econ,1
37,JOURNALISM STUDIES,2017,25,1,"Transmedia Strategies in Journalism: An analytical model for the news
   coverage of planned events",2,2,"Ctr Univ Belo Horizonte, Dept Commun,
   Belo Horizonte, MG, Brazil.",Ctr Univ Belo Horizonte, Dept Commun,"
   Belo Horizonte",1
38,JOURNALISM STUDIES,2017,25,1,"Understanding the civic impact of journalism: A realistic evaluation
   perspective",7,7,"Univ Melbourne, Sch Culture &amp; Commun, Ctr Adv
   Journalism, Melbourne, Vic, Australia.",Univ Melbourne, Sch Culture &amp; Commun," Ctr Adv
   Journalism",1
39,JOURNALISM STUDIES,2017,25,1,"Understanding the civic impact of journalism: A realistic evaluation
   perspective",7,7,"Univ Sydney, Govt &amp; Int Relat, Sydney, NSW, Australia.",Univ Sydney, Govt &amp; Int Relat, Sydney,1
40,JOURNALISM STUDIES,2017,25,1,"Understanding the civic impact of journalism: A realistic evaluation
   perspective",7,7,"Univ Melbourne, Dept Govt &amp; Int Relat, Melbourne, Vic,
   Australia.",Univ Melbourne, Dept Govt &amp; Int Relat, Melbourne,1
41,JOURNALISM STUDIES,2017,25,1,"Understanding the civic impact of journalism: A realistic evaluation
   perspective",7,7,"Univ Melbourne, Sch Social &amp; Polit Studies, Melbourne,
   Vic, Australia.",Univ Melbourne, Sch Social &amp; Polit Studies, Melbourne,1
42,JOURNALISM STUDIES,2017,25,1,"Understanding the civic impact of journalism: A realistic evaluation
   perspective",7,7,"Univ Melbourne, Sch Govt, Melbourne, Vic, Australia.",Univ Melbourne, Sch Govt, Melbourne,1
43,JOURNALISM STUDIES,2017,25,1,"Understanding the civic impact of journalism: A realistic evaluation
   perspective",7,7,"Univ Melbourne, Ctr Adv Journalism, Melbourne, Vic,
   Australia.",Univ Melbourne, Ctr Adv Journalism, Melbourne,1
44,JOURNALISM STUDIES,2017,25,1,"Understanding the civic impact of journalism: A realistic evaluation
   perspective",7,7,"Queensland Univ Technol, Sch Media Entertainment &amp; Creat
   Arts, Brisbane, Qld, Australia.",Queensland Univ Technol," Sch Media Entertainment &amp; Creat
   Arts", Brisbane,1
45,JOURNALISM STUDIES,2017,25,1,"Does Public Service TV and the Intensity of the Political Information
   Environment Matter?",1,1,"Mid Sweden Univ, Media &amp; Commun, Sundsvall, Sweden.",Mid Sweden Univ, Media &amp; Commun, Sundsvall,1
46,JOURNALISM STUDIES,2017,25,1,"Who Prevails in the Visual Framing Contest about the United Nations
   Climate Change Conferences?",2,3,"Univ Mannheim, Mannheim Ctr European
   Social Res MZES, Mannheim, Germany.",Univ Mannheim," Mannheim Ctr European
   Social Res MZES", Mannheim,2
47,JOURNALISM STUDIES,2017,25,1,"Who Prevails in the Visual Framing Contest about the United Nations
   Climate Change Conferences?",2,3,"Univ Mannheim, Inst Media &amp; Commun Studies, Mannheim,
   Germany.",Univ Mannheim, Inst Media &amp; Commun Studies, Mannheim,1
48,JOURNALISM STUDIES,2017,25,1,"Prophet, Gadfly, Polemicist, Conscience of America?: The US press versus
   Noam Chomsky",1,1,"Remin Univ China, Dept Journalism &amp; Commun, Beijing,
   Peoples R China.",Remin Univ China, Dept Journalism &amp; Commun, Beijing,1
49,JOURNALISM STUDIES,2017,25,1,What is News?: News values revisited (again),2,2,"Univ Sheffield, Dept Journalism Studies, Sheffield, S
   Yorkshire, England.",Univ Sheffield, Dept Journalism Studies, Sheffield,1
50,JOURNALISM STUDIES,2017,25,1,What is News?: News values revisited (again),2,2,"Univ Huddersfield, Huddersfield, W Yorkshire, England.",Univ Huddersfield, Huddersfield, W Yorkshire,1
51,JOURNALISM STUDIES,2017,25,1,"Capturing and Analyzing Liquid Content: A computational process for
   freezing and analyzing mutable documents",1,1,"Univ Massachusetts, Dept Journalism, Amherst, MA 01003
   USA.",Univ Massachusetts, Dept Journalism, Amherst,1
52,JOURNALISM STUDIES,2017,25,1,"Practice Theory for Journalism Studies: Operationalizing the concept of
   practice for the study of participation",1,1,"Univ Tampere, Sch Commun Media &amp; Theatre, Tampere, Finland.",Univ Tampere, Sch Commun Media &amp; Theatre, Tampere,1
53,JOURNALISM STUDIES,2017,25,1,What can Nonprofit Journalists Actually do for Democracy?,2,2,"Temple Univ, Sch Media &amp; Commun, Dept Journalism,
   Philadelphia, PA 19122 USA.",Temple Univ, Sch Media &amp; Commun, Dept Journalism,1
54,JOURNALISM STUDIES,2017,25,1,What can Nonprofit Journalists Actually do for Democracy?,2,2,"Towson Univ, Dept Mass Commun &amp; Commun Studies, Towson,
   MD 21252 USA.",Towson Univ, Dept Mass Commun &amp; Commun Studies, Towson,1
55,JOURNALISM STUDIES,2017,25,1,"Rethinking Journalism and Culture: An examination of how Pacific
   audiences evaluate ethnic media",1,1,"Univ Canterbury, Sch Language Social &amp; Polit Sci, Media &amp;
   Commun Dept, Canterbury, New Zealand.",Univ Canterbury, Sch Language Social &amp; Polit Sci," Media &amp;
   Commun Dept",1
56,JOURNALISM STUDIES,2017,25,1,"Solidarity Framing at the Union of National and Transnational Public
   Spheres",1,2,"Georgia State Univ, Dept
   Commun, Atlanta, GA 30303 USA.",Georgia State Univ," Dept
   Commun", Atlanta,2
57,JOURNALISM STUDIES,2017,25,1,Blowing Embers: An exploration of the agenda-setting role of books,4,4,"Wayne State Univ, Dept Commun, Detroit, MI 48202 USA.",Wayne State Univ, Dept Commun, Detroit,1
58,JOURNALISM STUDIES,2017,25,1,Blowing Embers: An exploration of the agenda-setting role of books,4,4,"Univ N Carolina, Sch Media &amp; Journalism, Chapel Hill,
   NC USA.",Univ N Carolina, Sch Media &amp; Journalism, Chapel Hill,1
59,JOURNALISM STUDIES,2017,25,1,Blowing Embers: An exploration of the agenda-setting role of books,4,4,"Appalachian State Univ, Dept Commun, Boone, NC 28608
   USA.",Appalachian State Univ, Dept Commun, Boone,1
60,JOURNALISM STUDIES,2017,25,1,Blowing Embers: An exploration of the agenda-setting role of books,4,4,"Texas Tech Univ, Coll Media &amp; Commun, Lubbock, TX 79409
   USA.",Texas Tech Univ, Coll Media &amp; Commun, Lubbock,1
61,JOURNALISM STUDIES,2017,25,1,"MAYBE THINGS AREN'T SO BAD, OR ARE THEY? Michael Schudson's ambivalent
   critique of commercialism",1,1,"NYU, Dept Media Culture &amp; Commun, New York, NY 10003
   USA.",NYU, Dept Media Culture &amp; Commun, New York,1
62,JOURNALISM STUDIES,2017,25,1,"AN ARGUMENT FOR CONTRARIAN THINKING Michael Schudson's contributions to
   political communication research",1,1,"George Washington Univ, Sch Media &amp; Publ Affairs,
   Washington, DC 20052 USA.",George Washington Univ, Sch Media &amp; Publ Affairs,"
   Washington",1
63,JOURNALISM STUDIES,2017,25,1,"THE MONITORIAL CITIZEN IN THE ""DEMOCRATIC RECESSION""",1,1,"Univ Wisconsin, Sch Journalism &amp; Mass Commun, Madison,
   WI 53706 USA.",Univ Wisconsin, Sch Journalism &amp; Mass Commun, Madison,1
64,JOURNALISM STUDIES,2017,25,1,"THE ONE THING JOURNALISM JUST MIGHT DO FOR DEMOCRACY Counterfactual
   idealism, liberal optimism, democratic realism",1,1,"Univ Oxford, Reuters Inst Study Journalism,
   Oxford, England.",Univ Oxford, Reuters Inst Study Journalism,"
   Oxford",1
65,JOURNALISM STUDIES,2017,25,1,JOURNALISM AND THE DEMOCRATIC MARKET SOCIETY Decline and fall?,1,1,"Univ Sheffield, Dept Journalism Studies, Sheffield, S
   Yorkshire, England.",Univ Sheffield, Dept Journalism Studies, Sheffield,1
66,JOURNALISM STUDIES,2017,25,1,"JOURNALISM STUDIES BEYOND JOURNALISM A critical and appreciative
   dialogue with Michael Schudson",1,1,"Free Univ Berlin, Inst Media &amp; Commun Studies, Div
   Journalism Studies, Berlin, Germany.",Free Univ Berlin, Inst Media &amp; Commun Studies," Div
   Journalism Studies",1
67,JOURNALISM STUDIES,2017,25,1,"REVISITING THE ""STORY VS. INFORMATION"" MODEL",1,1,"Rennes Inst Polit Studies, Rennes, France.",Rennes Inst Polit Studies, Rennes, France.,1
68,JOURNALISM STUDIES,2017,25,1,"KNOWLEDGE, EXPERTISE, AND PROFESSIONAL PRACTICE IN THE SOCIOLOGY OF
   MICHAEL SCHUDSON",1,1,"CUNY Coll Staten Isl, Dept Media Culture, Staten Isl,
   NY 10314 USA.",CUNY Coll Staten Isl, Dept Media Culture, Staten Isl,1
69,JOURNALISM STUDIES,2017,25,1,"AFTER OBJECTIVITY? Schudson's sociology of journalism in the era of
   post-factuality",1,1,"Queensland Univ Technol, Journalism Media &amp; Commun,
   Brisbane, Qld, Australia.",Queensland Univ Technol, Journalism Media &amp; Commun,"
   Brisbane",1
70,JOURNALISM STUDIES,2017,25,1,International News and Global Integration: A five-nation reappraisal,5,5,"Goldsmiths Univ London, Media &amp; Commun Dept, London,
   England.",Goldsmiths Univ London, Media &amp; Commun Dept, London,1
71,JOURNALISM STUDIES,2017,25,1,International News and Global Integration: A five-nation reappraisal,5,5,"Univ Zurich, IPMZ, Int &amp; Comparat Media Res, Zurich,
   Switzerland.",Univ Zurich, IPMZ, Int &amp; Comparat Media Res,1
72,JOURNALISM STUDIES,2017,25,1,International News and Global Integration: A five-nation reappraisal,5,5,"Univ Calif, Dept Commun, Davis, CA USA.",Univ Calif, Dept Commun, Davis,1
73,JOURNALISM STUDIES,2017,25,1,International News and Global Integration: A five-nation reappraisal,5,5,"Univ Tokyo, Interfac Initiat Informat Studies, Tokyo,
   Japan.",Univ Tokyo, Interfac Initiat Informat Studies, Tokyo,1
74,JOURNALISM STUDIES,2017,25,1,International News and Global Integration: A five-nation reappraisal,5,5,"City Univ Hong Kong, Dept Media &amp; Commun, Hong Kong,
   Hong Kong, Peoples R China.",City Univ Hong Kong, Dept Media &amp; Commun, Hong Kong,1
75,JOURNALISM STUDIES,2017,25,1,"User Rankings and Journalistic News Selection: Comparing news values and
   topics",2,3,"Ludwig Maximilians Univ Munchen,
   Dept Commun Studies &amp; Media Res, Munich, Germany.",Ludwig Maximilians Univ Munchen,"
   Dept Commun Studies &amp; Media Res", Munich,2
76,JOURNALISM STUDIES,2017,25,1,"User Rankings and Journalistic News Selection: Comparing news values and
   topics",2,3,"Friedrich Schiller Univ Jena, Dept Commun Res, Jena,
   Germany.",Friedrich Schiller Univ Jena, Dept Commun Res, Jena,1
77,JOURNALISM STUDIES,2017,25,1,"The Powers that Tweet: Social media as news sources in the Czech
   Republic",1,2,"Charles Univ Prague, Fac Social Sci,
   Prague, Czech Republic.",Charles Univ Prague, Fac Social Sci,"
   Prague",2
78,JOURNALISM STUDIES,2017,25,1,A Print Crisis or a Local Crisis?: Local news use over three decades,2,2,"Nordicom, Gothenburg, Sweden.",Nordicom, Gothenburg, Sweden.,1
79,JOURNALISM STUDIES,2017,25,1,A Print Crisis or a Local Crisis?: Local news use over three decades,2,2,"SOM Inst, Gothenburg, Sweden.",SOM Inst, Gothenburg, Sweden.,1
80,JOURNALISM STUDIES,2017,25,1,"Cultural Capital and the Distribution of the Sensible: Awarding arts
   journalism in South Africa (2013-2014)",1,1,"Univ Stellenbosch, Dept Journalism, Stellenbosch,
   South Africa.",Univ Stellenbosch, Dept Journalism, Stellenbosch,1
81,JOURNALISM STUDIES,2017,25,1,"J-school ethnography: Mending the gap between the academy and journalism
   training?",1,1,"Univ Southern Denmark, Ctr Journalism, Odense,
   Denmark.",Univ Southern Denmark, Ctr Journalism, Odense,1
82,JOURNALISM STUDIES,2017,25,1,"Quelle Difference?: Language, culture and nationality as influences on
   francophone journalists' identity",8,9,"Univ Ottawa, Dept Commun, Ottawa, ON, Canada.",Univ Ottawa, Dept Commun, Ottawa,1
83,JOURNALISM STUDIES,2017,25,1,"Quelle Difference?: Language, culture and nationality as influences on
   francophone journalists' identity",8,9,"Zurich Univ Appl Sci Winterthur, Inst
   Appl Media Studies, Dept Appl Linguist, Winterthur, Switzerland.",Zurich Univ Appl Sci Winterthur," Inst
   Appl Media Studies", Dept Appl Linguist,2
84,JOURNALISM STUDIES,2017,25,1,"Quelle Difference?: Language, culture and nationality as influences on
   francophone journalists' identity",8,9,"Univ Neuchatel, Acad Journalism &amp; Media, Neuenburg,
   Switzerland.",Univ Neuchatel, Acad Journalism &amp; Media, Neuenburg,1
85,JOURNALISM STUDIES,2017,25,1,"Quelle Difference?: Language, culture and nationality as influences on
   francophone journalists' identity",8,9,"Univ Leuven, Inst Media Studies, Leuven, Belgium.",Univ Leuven, Inst Media Studies, Leuven,1
86,JOURNALISM STUDIES,2017,25,1,"Quelle Difference?: Language, culture and nationality as influences on
   francophone journalists' identity",8,9,"Ryerson Univ, Dept Sociol, Toronto, ON, Canada.",Ryerson Univ, Dept Sociol, Toronto,1
87,JOURNALISM STUDIES,2017,25,1,"Quelle Difference?: Language, culture and nationality as influences on
   francophone journalists' identity",8,9,"Univ Neuchatel, Acad Journalism &amp; Media, Neuenburg,
   Switzerland.",Univ Neuchatel, Acad Journalism &amp; Media, Neuenburg,1
88,JOURNALISM STUDIES,2017,25,1,"Quelle Difference?: Language, culture and nationality as influences on
   francophone journalists' identity",8,9,"Ryerson Univ, Sch Journalism, Toronto, ON, Canada.",Ryerson Univ, Sch Journalism, Toronto,1
89,JOURNALISM STUDIES,2017,25,1,"Quelle Difference?: Language, culture and nationality as influences on
   francophone journalists' identity",8,9,"Catholic Univ Louvain, Louvain Sch Journalism,
   Louvain, Belgium.",Catholic Univ Louvain, Louvain Sch Journalism,"
   Louvain",1
90,JOURNALISM STUDIES,2017,25,1,"Journalism and the Islamic Worldview: Journalistic roles in
   Muslim-majority countries",6,6,"Univ Penn, Dept Commun Media, Philadelphia, PA 19104
   USA.",Univ Penn, Dept Commun Media, Philadelphia,1
91,JOURNALISM STUDIES,2017,25,1,"Journalism and the Islamic Worldview: Journalistic roles in
   Muslim-majority countries",6,6,"Qatar Univ, Dept Mass Commun, Doha, Qatar.",Qatar Univ, Dept Mass Commun, Doha,1
92,JOURNALISM STUDIES,2017,25,1,"Journalism and the Islamic Worldview: Journalistic roles in
   Muslim-majority countries",6,6,"Ludwig Maximilian Univ Munich, Dept Commun Studies &amp;
   Media Res, Munich, Germany.",Ludwig Maximilian Univ Munich," Dept Commun Studies &amp;
   Media Res", Munich,1
93,JOURNALISM STUDIES,2017,25,1,"Journalism and the Islamic Worldview: Journalistic roles in
   Muslim-majority countries",6,6,"Cairo Univ, Mass Commun, Giza, Egypt.",Cairo Univ, Mass Commun, Giza,1
94,JOURNALISM STUDIES,2017,25,1,"Journalism and the Islamic Worldview: Journalistic roles in
   Muslim-majority countries",6,6,"Indonesian Islamic Univ, Dept Commun, Yogyakarta, Indonesia.",Indonesian Islamic Univ, Dept Commun, Yogyakarta,1
95,JOURNALISM STUDIES,2017,25,1,"Journalism and the Islamic Worldview: Journalistic roles in
   Muslim-majority countries",6,6,"Univ Chittagong, Dept Commun &amp; Journalism,
   Chittagong, Bangladesh.",Univ Chittagong, Dept Commun &amp; Journalism,"
   Chittagong",1
96,JOURNALISM STUDIES,2017,25,1,"Journalists' Development Journalism Role Perceptions: Select countries
   in Southeast Asia, South Asia, and sub-Saharan Africa",8,8,"Ohio Univ, Inst Int Journalism, EW Scripps Sch
   Journalism, Athens, OH 45701 USA.",Ohio Univ, Inst Int Journalism," EW Scripps Sch
   Journalism",1
97,JOURNALISM STUDIES,2017,25,1,"Journalists' Development Journalism Role Perceptions: Select countries
   in Southeast Asia, South Asia, and sub-Saharan Africa",8,8,"Univ Vienna, Dept Commun, Vienna, Austria.",Univ Vienna, Dept Commun, Vienna,1
98,JOURNALISM STUDIES,2017,25,1,"Journalists' Development Journalism Role Perceptions: Select countries
   in Southeast Asia, South Asia, and sub-Saharan Africa",8,8,"Univ Miami, Sch Commun, Coral Gables, FL 33124 USA.",Univ Miami, Sch Commun, Coral Gables,1
99,JOURNALISM STUDIES,2017,25,1,"Journalists' Development Journalism Role Perceptions: Select countries
   in Southeast Asia, South Asia, and sub-Saharan Africa",8,8,"NLA Univ Coll, Journalism &amp; Media Studies Dept,
   Bergen, Norway.",NLA Univ Coll, Journalism &amp; Media Studies Dept,"
   Bergen",1
100,JOURNALISM STUDIES,2017,25,1,"Journalists' Development Journalism Role Perceptions: Select countries
   in Southeast Asia, South Asia, and sub-Saharan Africa",8,8,"Univ Kebangsaan Malaysia, Inst Malaysia &amp; Int
   Studies IKMAS, Bangi, Malaysia.",Univ Kebangsaan Malaysia," Inst Malaysia &amp; Int
   Studies IKMAS", Bangi,1
101,JOURNALISM STUDIES,2017,25,1,"Journalists' Development Journalism Role Perceptions: Select countries
   in Southeast Asia, South Asia, and sub-Saharan Africa",8,8,"Indiana Univ Penn, Communicat Media Dept, Indiana, PA
   15705 USA.",Indiana Univ Penn, Communicat Media Dept, Indiana,1
102,JOURNALISM STUDIES,2017,25,1,"Journalists' Development Journalism Role Perceptions: Select countries
   in Southeast Asia, South Asia, and sub-Saharan Africa",8,8,"Univ Chittagong, Dept Commun &amp; Journalism,
   Chittagong, Bangladesh.",Univ Chittagong, Dept Commun &amp; Journalism,"
   Chittagong",1
103,JOURNALISM STUDIES,2017,25,1,"Journalists' Development Journalism Role Perceptions: Select countries
   in Southeast Asia, South Asia, and sub-Saharan Africa",8,8,"Ludwig Maximilians Univ Munchen, Dept Commun
   Studies &amp; Media Res, Munich, Germany.",Ludwig Maximilians Univ Munchen," Dept Commun
   Studies &amp; Media Res", Munich,1
104,JOURNALISM STUDIES,2017,25,1,"A Welfare State of Mind?: Nordic journalists' conception of their role
   and autonomy in international context",5,7,"Univ Tampere, Sch Commun Media &amp;
   Theatre, Tampere, Finland.",Univ Tampere," Sch Commun Media &amp;
   Theatre", Tampere,2
105,JOURNALISM STUDIES,2017,25,1,"A Welfare State of Mind?: Nordic journalists' conception of their role
   and autonomy in international context",5,7,"Univ Southern Denmark, Ctr
   Journalism, Odense, Denmark.",Univ Southern Denmark," Ctr
   Journalism", Odense,2
106,JOURNALISM STUDIES,2017,25,1,"A Welfare State of Mind?: Nordic journalists' conception of their role
   and autonomy in international context",5,7,"Univ Bergen, Dept Informat Sci &amp; Media Studies,
   Fac Social Sci, Bergen, Norway.",Univ Bergen, Dept Informat Sci &amp; Media Studies,"
   Fac Social Sci",1
107,JOURNALISM STUDIES,2017,25,1,"A Welfare State of Mind?: Nordic journalists' conception of their role
   and autonomy in international context",5,7,"Bifrost Univ, Dept Social Sci, Bifrost,
   Iceland.",Bifrost Univ, Dept Social Sci, Bifrost,1
108,JOURNALISM STUDIES,2017,25,1,"A Welfare State of Mind?: Nordic journalists' conception of their role
   and autonomy in international context",5,7,"Univ Gothenburg, Journalism Media &amp; Commun,
   Gothenburg, Sweden.",Univ Gothenburg, Journalism Media &amp; Commun,"
   Gothenburg",1
109,JOURNALISM STUDIES,2017,25,1,"New Roles for Media in the Western Balkans: A study of transitional
   journalism",3,3,"Univ Agder, Dept Nord &amp; Media Studies, Kristiansand,
   Norway.",Univ Agder, Dept Nord &amp; Media Studies, Kristiansand,1
110,JOURNALISM STUDIES,2017,25,1,"New Roles for Media in the Western Balkans: A study of transitional
   journalism",3,3,"Ludwig Maximilians Univ Munchen, Dept Commun Studies &amp;
   Media Res, Munich, Germany.",Ludwig Maximilians Univ Munchen," Dept Commun Studies &amp;
   Media Res", Munich,1
111,JOURNALISM STUDIES,2017,25,1,"New Roles for Media in the Western Balkans: A study of transitional
   journalism",3,3,"Univ Tirana, Dept Journalism &amp; Commun, Tirana, Albania.",Univ Tirana, Dept Journalism &amp; Commun, Tirana,1
112,JOURNALISM STUDIES,2017,25,1,"In Media We Trust: Journalists and institutional trust perceptions in
   post-authoritarian and post-totalitarian countries",9,10,"Charles Univ Prague, Fac Social Sci,
   Prague, Czech Republic.",Charles Univ Prague, Fac Social Sci,"
   Prague",2
113,JOURNALISM STUDIES,2017,25,1,"In Media We Trust: Journalists and institutional trust perceptions in
   post-authoritarian and post-totalitarian countries",9,10,"Univ Stellenbosch, Dept Journalism, Stellenbosch,
   South Africa.",Univ Stellenbosch, Dept Journalism, Stellenbosch,1
114,JOURNALISM STUDIES,2017,25,1,"In Media We Trust: Journalists and institutional trust perceptions in
   post-authoritarian and post-totalitarian countries",9,10,"Univ Rey Juan Carlos, Dept Commun &amp; Sociol, Madrid,
   Spain.",Univ Rey Juan Carlos, Dept Commun &amp; Sociol, Madrid,1
115,JOURNALISM STUDIES,2017,25,1,"In Media We Trust: Journalists and institutional trust perceptions in
   post-authoritarian and post-totalitarian countries",9,10,"EW Scripps Sch Journalism, Inst Int Journalism,
   Athens, OH USA.",EW Scripps Sch Journalism, Inst Int Journalism,"
   Athens",1
116,JOURNALISM STUDIES,2017,25,1,"In Media We Trust: Journalists and institutional trust perceptions in
   post-authoritarian and post-totalitarian countries",9,10,"Univ La Matanza, Dept Human &amp; Social Sci, La Matanza,
   Argentina.",Univ La Matanza, Dept Human &amp; Social Sci, La Matanza,1
117,JOURNALISM STUDIES,2017,25,1,"In Media We Trust: Journalists and institutional trust perceptions in
   post-authoritarian and post-totalitarian countries",9,10,"Turiba Univ, Fac Communicat, Riga, Latvia.",Turiba Univ, Fac Communicat, Riga,1
118,JOURNALISM STUDIES,2017,25,1,"In Media We Trust: Journalists and institutional trust perceptions in
   post-authoritarian and post-totalitarian countries",9,10,"Univ Chittagong, Dept Commun &amp; Journalism, Chittagong,
   Bangladesh.",Univ Chittagong, Dept Commun &amp; Journalism, Chittagong,1
119,JOURNALISM STUDIES,2017,25,1,"In Media We Trust: Journalists and institutional trust perceptions in
   post-authoritarian and post-totalitarian countries",9,10,"Univ Estado Rio De Janeiro, Fac Social Commun,
   Dept Journalism, Rio De Janeiro, Brazil.",Univ Estado Rio De Janeiro, Fac Social Commun,"
   Dept Journalism",1
120,JOURNALISM STUDIES,2017,25,1,"In Media We Trust: Journalists and institutional trust perceptions in
   post-authoritarian and post-totalitarian countries",9,10,"Indonesian Islamic Univ, Dept Commun, Yogyakarta, Indonesia.",Indonesian Islamic Univ, Dept Commun, Yogyakarta,1
121,JOURNALISM STUDIES,2017,25,1,"Expanding Influences Research to Insecure Democracies: How violence,
   public insecurity, economic inequality and uneven democratic performance
   shape journalists' perceived work environments",8,8,"Univ Miami, Dept Journalism &amp; Media Management, Coral
   Gables, FL 33124 USA.",Univ Miami, Dept Journalism &amp; Media Management," Coral
   Gables",1
122,JOURNALISM STUDIES,2017,25,1,"Expanding Influences Research to Insecure Democracies: How violence,
   public insecurity, economic inequality and uneven democratic performance
   shape journalists' perceived work environments",8,8,"Pontificia Univ Catolica Valparaiso, Sch Journalism,
   Valparaiso, Chile.",Pontificia Univ Catolica Valparaiso, Sch Journalism,"
   Valparaiso",1
123,JOURNALISM STUDIES,2017,25,1,"Expanding Influences Research to Insecure Democracies: How violence,
   public insecurity, economic inequality and uneven democratic performance
   shape journalists' perceived work environments",8,8,"Univ Norte, Dept Mass Commun &amp; Journalism, Atlantico,
   Colombia.",Univ Norte, Dept Mass Commun &amp; Journalism, Atlantico,1
124,JOURNALISM STUDIES,2017,25,1,"Expanding Influences Research to Insecure Democracies: How violence,
   public insecurity, economic inequality and uneven democratic performance
   shape journalists' perceived work environments",8,8,"Univ Centroamericana, Dept Commun &amp; Culture, San
   Salvador, El Salvador.",Univ Centroamericana, Dept Commun &amp; Culture," San
   Salvador",1
125,JOURNALISM STUDIES,2017,25,1,"Expanding Influences Research to Insecure Democracies: How violence,
   public insecurity, economic inequality and uneven democratic performance
   shape journalists' perceived work environments",8,8,"Stellenbosch Univ, Dept Journalism, Stellenbosch,
   South Africa.",Stellenbosch Univ, Dept Journalism, Stellenbosch,1
126,JOURNALISM STUDIES,2017,25,1,"Expanding Influences Research to Insecure Democracies: How violence,
   public insecurity, economic inequality and uneven democratic performance
   shape journalists' perceived work environments",8,8,"Univ Tecnol Bolivar, Fac Social Sci &amp; Human, Cartagena,
   Colombia.",Univ Tecnol Bolivar, Fac Social Sci &amp; Human, Cartagena,1
127,JOURNALISM STUDIES,2017,25,1,"Expanding Influences Research to Insecure Democracies: How violence,
   public insecurity, economic inequality and uneven democratic performance
   shape journalists' perceived work environments",8,8,"Univ Miami, Sch Commun, Coral Gables, FL 33124 USA.",Univ Miami, Sch Commun, Coral Gables,1
128,JOURNALISM STUDIES,2017,25,1,"Expanding Influences Research to Insecure Democracies: How violence,
   public insecurity, economic inequality and uneven democratic performance
   shape journalists' perceived work environments",8,8,"Univ Iberoamer, Dept Commun, Mexico City, DF,
   Mexico.",Univ Iberoamer, Dept Commun, Mexico City,1
129,JOURNALISM STUDIES,2017,25,1,"News Cultures or ""Epistemic Cultures""?: Theoretical considerations and
   empirical data from 62 countries",2,2,"Ben Gurion Univ Negev, Edmond J Safra Ctr Ethics, Tel
   Aviv Univ &amp; Commun Studies, Beer Sheva, Israel.",Ben Gurion Univ Negev, Edmond J Safra Ctr Ethics," Tel
   Aviv Univ &amp; Commun Studies",1
130,JOURNALISM STUDIES,2017,25,1,"News Cultures or ""Epistemic Cultures""?: Theoretical considerations and
   empirical data from 62 countries",2,2,"Ben Gurion Univ Negev, Commun Studies, Beer Sheva, Israel.",Ben Gurion Univ Negev, Commun Studies, Beer Sheva,1
131,JOURNALISM STUDIES,2018,25,1,"A Gatekeeper among Gatekeepers: News agency influence in print and
   online newspapers in the Netherlands",2,4,"Vrije Univ
   Amsterdam, Dept Commun Sci, Amsterdam, Netherlands.","Vrije Univ
   Amsterdam", Dept Commun Sci, Amsterdam,3
132,JOURNALISM STUDIES,2018,25,1,"A Gatekeeper among Gatekeepers: News agency influence in print and
   online newspapers in the Netherlands",2,4,"Erasmus Univ, Dept Media &amp; Commun, Rotterdam, Netherlands.",Erasmus Univ, Dept Media &amp; Commun, Rotterdam,1
133,JOURNALISM STUDIES,2018,25,1,"The Impact of Melodramatic News Coverage on Information Recall and
   Comprehension",1,2,"Pontificia Univ Catolica Chile,
   Sch Commun, Santiago, Chile.",Pontificia Univ Catolica Chile,"
   Sch Commun", Santiago,2
134,JOURNALISM STUDIES,2018,25,1,"""Tabloidization"" or Dual-Convergence: Quoted speech in tabloid and
   ""quality"" British newspapers 1970-2010",1,1,"Univ Oxford, Dept English Language &amp; Literature,
   Oxford, England.",Univ Oxford, Dept English Language &amp; Literature,"
   Oxford",1
135,JOURNALISM STUDIES,2018,25,1,"Constructing ""British Values"" within a Radicalisation Narrative: The
   reporting of the Trojan Horse affair",1,1,"Keele Univ, Dept Humanities, Keele, Staffs, England.",Keele Univ, Dept Humanities, Keele,1
136,JOURNALISM STUDIES,2018,25,1,"One Disaster, Three Institutional Responses: Legitimation crisis and
   competing discourses in China",3,3,"Sichuan Univ, Coll Literature &amp; Journalism, Chengdu,
   Sichuan, Peoples R China.",Sichuan Univ, Coll Literature &amp; Journalism, Chengdu,1
137,JOURNALISM STUDIES,2018,25,1,"One Disaster, Three Institutional Responses: Legitimation crisis and
   competing discourses in China",3,3,"City Univ Hong Kong, Dept Media &amp; Commun, Hong Kong,
   Hong Kong, Peoples R China.",City Univ Hong Kong, Dept Media &amp; Commun, Hong Kong,1
138,JOURNALISM STUDIES,2018,25,1,"One Disaster, Three Institutional Responses: Legitimation crisis and
   competing discourses in China",3,3,"Natl Chengchi Univ, Coll Commun, Taipei, Taiwan.",Natl Chengchi Univ, Coll Commun, Taipei,1
139,JOURNALISM STUDIES,2018,25,1,Chinese Newspapers and Investigative Reporting in the New Media Age,2,2,"Univ Illinois, Inst Commun Res, Champaign, IL 61820 USA.",Univ Illinois, Inst Commun Res, Champaign,1
140,JOURNALISM STUDIES,2018,25,1,Chinese Newspapers and Investigative Reporting in the New Media Age,2,2,"Hong Kong Baptist Univ, Ctr Media &amp; Commun Res, Hong
   Kong, Hong Kong, Peoples R China.",Hong Kong Baptist Univ, Ctr Media &amp; Commun Res," Hong
   Kong",1
141,JOURNALISM STUDIES,2018,25,1,Mastering the Mug Shot: Visual journalism and embodied gatekeeping,1,4,"Univ Texas Austin, Journalism, Austin, TX 78712 USA.",Univ Texas Austin, Journalism, Austin,4
142,JOURNALISM STUDIES,2018,25,1,"What is a Journalist?: The view from employers as revealed by their job
   vacancy advertisements",1,2,"Univ Melbourne, Sch Social &amp; Polit Sci,
   Melbourne, Vic, Australia.",Univ Melbourne, Sch Social &amp; Polit Sci,"
   Melbourne",2
143,JOURNALISM STUDIES,2018,25,1,"Newspapers, Impartiality and Television News: Intermedia agenda-setting
   during the 2015 UK General Election campaign",2,5,"Univ Cardiff, Sch Journalism Media &amp; Cultural Studies, Cardiff, S Glam,
   Wales.",Univ Cardiff, Sch Journalism Media &amp; Cultural Studies, Cardiff,4
144,JOURNALISM STUDIES,2018,25,1,"Newspapers, Impartiality and Television News: Intermedia agenda-setting
   during the 2015 UK General Election campaign",2,5,"Univ Cardiff, Sch Business, Cardiff, S Glam, Wales.",Univ Cardiff, Sch Business, Cardiff,1
145,JOURNALISM STUDIES,2018,25,1,"The Dash for Gas: Examining third-level agenda-building and fracking in
   the United Kingdom",4,7,"Univ Florida, Coll Journalism &amp; Commun, Gainesville, FL 32611 USA.",Univ Florida, Coll Journalism &amp; Commun, Gainesville,4
146,JOURNALISM STUDIES,2018,25,1,"The Dash for Gas: Examining third-level agenda-building and fracking in
   the United Kingdom",4,7,"Univ Wisconsin, Sch Journalism &amp; Mass Commun,
   Madison, WI 53706 USA.",Univ Wisconsin, Sch Journalism &amp; Mass Commun,"
   Madison",1
147,JOURNALISM STUDIES,2018,25,1,"The Dash for Gas: Examining third-level agenda-building and fracking in
   the United Kingdom",4,7,"Univ Hawaii, Sch Commun, Honolulu, HI 96822 USA.",Univ Hawaii, Sch Commun, Honolulu,1
148,JOURNALISM STUDIES,2018,25,1,"The Dash for Gas: Examining third-level agenda-building and fracking in
   the United Kingdom",4,7,"Syracuse Univ, SI Newhouse Sch Publ Commun, Syracuse, NY
   13244 USA.",Syracuse Univ, SI Newhouse Sch Publ Commun, Syracuse,1
149,JOURNALISM STUDIES,2018,25,1,"When Citizens and Journalists Interact on Twitter: Expectations of
   journalists' performance on social media and perceptions of media bias",2,4,"Univ
   Vienna, Dept Commun, Vienna, Austria.","Univ
   Vienna", Dept Commun, Vienna,3
150,JOURNALISM STUDIES,2018,25,1,"When Citizens and Journalists Interact on Twitter: Expectations of
   journalists' performance on social media and perceptions of media bias",2,4,"Univ Diego Portales, Fac Comunicac &amp; Letras,
   Santiago, Chile.",Univ Diego Portales, Fac Comunicac &amp; Letras,"
   Santiago",1
151,JOURNALISM STUDIES,2018,25,1,"Outsourced Credibility?: A quasi-experimental study of corrections at
   newspapers pre- and post-outsourcing of copy editing",1,2,"Northwestern Univ Qatar, Ar
   Rayyan, Qatar.",Northwestern Univ Qatar," Ar
   Rayyan", Qatar.,2
152,JOURNALISM STUDIES,2018,25,1,"Ladies of the Times: Elite women's voices at the turn of the twentieth
   century",1,1,"Univ Leeds, Sch Media &amp; Commun, Leeds, W Yorkshire,
   England.",Univ Leeds, Sch Media &amp; Commun, Leeds,1
153,JOURNALISM STUDIES,2018,25,1,Opinion Balance in Vox Pop Television News,2,3,"Univ Antwerp, Dept Commun
   Studies, Antwerp, Belgium.",Univ Antwerp," Dept Commun
   Studies", Antwerp,2
154,JOURNALISM STUDIES,2018,25,1,Opinion Balance in Vox Pop Television News,2,3,"Univ Antwerp, Dept Polit Sci, Antwerp, Belgium.",Univ Antwerp, Dept Polit Sci, Antwerp,1
155,JOURNALISM STUDIES,2018,25,1,"The Politics of Interfield Antagonisms: Journalism, the visual arts and
   the et al. controversy",2,2,"Florida State Coll, Dept Humanities, Jacksonville, FL
   USA.",Florida State Coll, Dept Humanities, Jacksonville,1
156,JOURNALISM STUDIES,2018,25,1,"The Politics of Interfield Antagonisms: Journalism, the visual arts and
   the et al. controversy",2,2,"Massey Univ, Sch Commun Journalism &amp; Mkt, Palmerston
   North, New Zealand.",Massey Univ, Sch Commun Journalism &amp; Mkt," Palmerston
   North",1
157,JOURNALISM STUDIES,2018,25,1,Contesting Communities: The problem of journalism and social order,3,3,"Florida Int Univ, Sch Journalism &amp; Mass
   Commun, Miami, FL 33199 USA.",Florida Int Univ," Sch Journalism &amp; Mass
   Commun", Miami,1
158,JOURNALISM STUDIES,2018,25,1,Contesting Communities: The problem of journalism and social order,3,3,"Univ Lancaster, Crit Digital Media Practice,
   Lancaster, England.",Univ Lancaster, Crit Digital Media Practice,"
   Lancaster",1
159,JOURNALISM STUDIES,2018,25,1,Contesting Communities: The problem of journalism and social order,3,3,"Deakin Univ, Sch Commun &amp; Creat Arts, Geelong, Vic,
   Australia.",Deakin Univ, Sch Commun &amp; Creat Arts, Geelong,1
160,JOURNALISM STUDIES,2018,25,1,"Journalism and the ""Social Sphere"": Reclaiming a foundational concept
   for beyond politics and the public sphere",2,2,"Deakin Univ, Sch Commun &amp; Creat Arts, Geelong, Vic,
   Australia.",Deakin Univ, Sch Commun &amp; Creat Arts, Geelong,1
161,JOURNALISM STUDIES,2018,25,1,"Journalism and the ""Social Sphere"": Reclaiming a foundational concept
   for beyond politics and the public sphere",2,2,"Florida Int Univ, Sch Journalism &amp; Mass
   Commun, Miami, FL 33199 USA.",Florida Int Univ," Sch Journalism &amp; Mass
   Commun", Miami,1
162,JOURNALISM STUDIES,2018,25,1,"From Control to Chaos, and Back Again: Journalism and the politics of
   populist authoritarianism",1,1,"Queensland Univ Technol, Creat Ind Fac, Brisbane, Qld,
   Australia.",Queensland Univ Technol, Creat Ind Fac, Brisbane,1
163,JOURNALISM STUDIES,2018,25,1,"Populism, Journalism, and the Limits of Reflexivity: The case of Donald
   J. Trump",1,2,"Univ Colorado, Coll Media Commun
   &amp; Informat, Boulder, CO 80309 USA.",Univ Colorado," Coll Media Commun
   &amp; Informat", Boulder,2
164,JOURNALISM STUDIES,2018,25,1,"Migration Maps with the News: Guidelines for ethical visualization of
   mobile populations",2,2,"Univ Texas Austin, Dept Geog &amp; Environm, Austin, TX
   78712 USA.",Univ Texas Austin, Dept Geog &amp; Environm, Austin,1
165,JOURNALISM STUDIES,2018,25,1,"Migration Maps with the News: Guidelines for ethical visualization of
   mobile populations",2,2,"Karlstad Univ, Dept Geog Media &amp; Commun, Karlstad,
   Sweden.",Karlstad Univ, Dept Geog Media &amp; Commun, Karlstad,1
166,JOURNALISM STUDIES,2018,25,1,"Veritable Flak Mill: A case study of Project Veritas and a call for
   truth",1,1,"St Louis Univ, Dept Commun, Madrid, Spain.",St Louis Univ, Dept Commun, Madrid,1
167,JOURNALISM STUDIES,2018,25,1,"Re-Thinking Trust in the News: A material approach through ""Objects of
   Journalism""",1,1,"George Washington Univ, Sch Media &amp; Publ Affairs,
   Washington, DC 20052 USA.",George Washington Univ, Sch Media &amp; Publ Affairs,"
   Washington",1
168,JOURNALISM STUDIES,2018,25,1,"Community Repair through Truce and Contestation: Danish legacy print
   media and the Copenhagen shootings",1,2,"Aarhus Univ, Dept Media &amp; Journalism
   Studies, Aarhus, Denmark.",Aarhus Univ," Dept Media &amp; Journalism
   Studies", Aarhus,2
169,JOURNALISM STUDIES,2018,25,1,"Diverging Projections of Reality: Amplified frame competition via
   distinct modes of journalistic production",1,1,"George Washington Univ, Sch Media &amp; Publ
   Affairs, Washington, DC 20052 USA.",George Washington Univ," Sch Media &amp; Publ
   Affairs", Washington,1
170,JOURNALISM STUDIES,2018,25,1,"MAKING SENSE OF INNOVATION Process, product, and storytelling innovation
   in public service broadcasting organizations",1,Manually,No Address,No UNAME_1,No UNAME_2,No UNAME_3,Manually
171,JOURNALISM STUDIES,2018,25,1,"DEVELOPING AN INDEX OF MEDIA INNOVATION IN A NATIONAL MARKET The case of
   Spain",1,4,"Univ Miguel Hernandez, Dept Ciencias
   Sociales &amp; Humanas, Elche, Spain.",Univ Miguel Hernandez," Dept Ciencias
   Sociales &amp; Humanas", Elche,4
172,JOURNALISM STUDIES,2018,25,1,"""I SHARED THE NEWS TODAY, OH BOY"" News provision and interaction on
   Facebook",1,1,"Westerdals Oslo Sch Arts Commun &amp; Technol, Fac
   Management, Oslo, Norway.",Westerdals Oslo Sch Arts Commun &amp; Technol," Fac
   Management", Oslo,1
173,JOURNALISM STUDIES,2018,25,1,"EFFECTS OF CIVILITY AND REASONING IN USER COMMENTS ON PERCEIVED
   JOURNALISTIC QUALITY",1,3,"Univ Hohenheim,
   Dept Commun Sci, Stuttgart, Germany.",Univ Hohenheim,"
   Dept Commun Sci", Stuttgart,3
174,JOURNALISM STUDIES,2018,25,1,"OBSERVING THE DYNAMICS OF THE ONLINE NEWS ECOSYSTEM News diffusion
   processes among German news sites",1,3,"Univ Munster, Dept
   Commun, Munster, Germany.",Univ Munster," Dept
   Commun", Munster,3
175,JOURNALISM STUDIES,2018,25,1,"BUSINESS ELITE COMPETITION OR A COMMON CONCERN? Journalistic
   representations of industrial crises in Sweden",1,1,"Gothenburg Univ, Dept Journalism Media &amp; Commun,
   Gothenburg, Sweden.",Gothenburg Univ, Dept Journalism Media &amp; Commun,"
   Gothenburg",1
176,JOURNALISM STUDIES,2018,25,1,"SHAPE SHIFTING IN THE CONFLICT ZONE The strategic performance of gender
   in war reporting",2,2,"Univ Wisconsin, Sch Journalism &amp; Mass Commun, Madison,
   WI 53706 USA.",Univ Wisconsin, Sch Journalism &amp; Mass Commun, Madison,1
177,JOURNALISM STUDIES,2018,25,1,"SHAPE SHIFTING IN THE CONFLICT ZONE The strategic performance of gender
   in war reporting",2,2,"Lebanese Amer Univ, Dept Commun Arts, Beirut, Lebanon.",Lebanese Amer Univ, Dept Commun Arts, Beirut,1
178,JOURNALISM STUDIES,2018,25,1,"VIEWPOINT, TESTIMONY, ACTION How journalists reposition source frames
   within news frames",1,2,"Hebrew Univ Jerusalem,
   Dept Commun &amp; Journalism, Jerusalem, Israel.",Hebrew Univ Jerusalem,"
   Dept Commun &amp; Journalism", Jerusalem,2
179,JOURNALISM STUDIES,2018,25,1,"Boundaries Not Drawn: Mapping the institutional roots of the global
   fact-checking movement",1,1,"Univ Wisconsin Madison, Sch Journalism &amp; Mass Commun,
   Madison, WI 53706 USA.",Univ Wisconsin Madison, Sch Journalism &amp; Mass Commun,"
   Madison",1
180,JOURNALISM STUDIES,2018,25,1,News Consumer Perceptions of New Journalistic Sourcing Techniques,1,2,"Univ Amsterdam, Amsterdam Sch
   Commun Res ASCoR, Polit Commun, Amsterdam, Netherlands.",Univ Amsterdam," Amsterdam Sch
   Commun Res ASCoR", Polit Commun,2
181,JOURNALISM STUDIES,2018,25,1,"Commenting on the News: Explaining the degree and quality of user
   comments on news websites",1,1,"Villanova Univ, Dept Commun, Villanova, PA 19085
   USA.",Villanova Univ, Dept Commun, Villanova,1
182,JOURNALISM STUDIES,2018,25,1,"Green Passion Afloat: The discourse on Colombia's Magdalena River in
   letters to the editor",4,5,"Univ Norte, Sch Social Commun,
   Barranquilla, Colombia.",Univ Norte, Sch Social Commun,"
   Barranquilla",2
183,JOURNALISM STUDIES,2018,25,1,"Green Passion Afloat: The discourse on Colombia's Magdalena River in
   letters to the editor",4,5,"Univ Calif, San Diego, CA USA.",Univ Calif, San Diego, CA USA.,1
184,JOURNALISM STUDIES,2018,25,1,"Green Passion Afloat: The discourse on Colombia's Magdalena River in
   letters to the editor",4,5,"Cardiff Univ, Sch Journalism Media &amp; Cultural Studies,
   Cardiff, S Glam, Wales.",Cardiff Univ, Sch Journalism Media &amp; Cultural Studies,"
   Cardiff",1
185,JOURNALISM STUDIES,2018,25,1,"Green Passion Afloat: The discourse on Colombia's Magdalena River in
   letters to the editor",4,5,"Loughborough Univ Technol, Inst Media &amp; Creat Ind,
   Loughborough, Leics, England.",Loughborough Univ Technol, Inst Media &amp; Creat Ind,"
   Loughborough",1
186,JOURNALISM STUDIES,2018,25,1,"Privatization of Governance, Delegated Censorship, and Hegemony in the
   Digital Era: The case of Turkey",1,1,"Amer Univ, Dept Commun Studies, Washington, DC
   20016 USA.",Amer Univ, Dept Commun Studies, Washington,1
187,JOURNALISM STUDIES,2018,25,1,"Press response to women politicians: A comparative study of suffragettes
   and contemporary Scottish Parliament leaders",1,1,"Robert Gordon Univ, Dept Commun Mkt &amp; Media, Aberdeen,
   Scotland.",Robert Gordon Univ, Dept Commun Mkt &amp; Media, Aberdeen,1
188,JOURNALISM STUDIES,2018,25,1,"Not Partisans, But Participants: The quantity and quality of
   journalistic interventionism in Finnish journalists' professional ethos",2,2,"Univ Tampere, Inst Adv Social Res, Tampere, Finland.",Univ Tampere, Inst Adv Social Res, Tampere,1
189,JOURNALISM STUDIES,2018,25,1,"Not Partisans, But Participants: The quantity and quality of
   journalistic interventionism in Finnish journalists' professional ethos",2,2,"Univ Tampere, Sch Commun Media &amp; Theatre, Tampere,
   Finland.",Univ Tampere, Sch Commun Media &amp; Theatre, Tampere,1
190,JOURNALISM STUDIES,2018,25,1,"The Effects of Phonetic Reduction on Actual and Perceived Comprehension
   by News Audiences",2,3,"Univ Southern Denmark,
   Dept Polit Sci &amp; Publ Management, Ctr Journalism, Odense, Denmark.",Univ Southern Denmark,"
   Dept Polit Sci &amp; Publ Management", Ctr Journalism,2
191,JOURNALISM STUDIES,2018,25,1,"The Effects of Phonetic Reduction on Actual and Perceived Comprehension
   by News Audiences",2,3,"Danmarks Medie &amp; Journalisthojskole, Odense, Denmark.",Danmarks Medie &amp; Journalisthojskole, Odense, Denmark.,1
192,JOURNALISM STUDIES,2018,25,1,Journalists' Normative Constructions of Political Viewpoint Diversity,2,2,"Univ Missouri, Sch Journalism, Columbia, MO 65211 USA.",Univ Missouri, Sch Journalism, Columbia,1
193,JOURNALISM STUDIES,2018,25,1,Journalists' Normative Constructions of Political Viewpoint Diversity,2,2,"Colorado State Univ, Dept Journalism &amp; Media
   Commun, Ft Collins, CO 80523 USA.",Colorado State Univ," Dept Journalism &amp; Media
   Commun", Ft Collins,1
194,JOURNALISM STUDIES,2018,25,1,Party Advertising in Newspapers: A source of media bias?,2,3,"Univ Vienna, Dept Commun,
   Vienna, Austria.",Univ Vienna, Dept Commun,"
   Vienna",2
195,JOURNALISM STUDIES,2018,25,1,Party Advertising in Newspapers: A source of media bias?,2,3,"Univ Vienna, Dept Govt, Vienna, Austria.",Univ Vienna, Dept Govt, Vienna,1
196,JOURNALISM STUDIES,2018,25,1,"Freelance Photojournalists and Photo Editors: Learning and adapting in a
   (mostly faceless) virtual world",1,1,"Univ Missouri, Sch Journalism, Columbia, MO 65211 USA.",Univ Missouri, Sch Journalism, Columbia,1
197,JOURNALISM STUDIES,2018,25,1,"Women, Men and News: It's life, Jim, but not as we know it",4,4,"Newcastle Univ, Sch Arts &amp; Cultures, Newcastle Upon Tyne,
   Tyne &amp; Wear, England.",Newcastle Univ, Sch Arts &amp; Cultures, Newcastle Upon Tyne,1
198,JOURNALISM STUDIES,2018,25,1,"Women, Men and News: It's life, Jim, but not as we know it",4,4,"Univ Stirling, Commun Media &amp; Culture, Stirling, Scotland.",Univ Stirling, Commun Media &amp; Culture, Stirling,1
199,JOURNALISM STUDIES,2018,25,1,"Women, Men and News: It's life, Jim, but not as we know it",4,4,"Cardiff Univ, Sch Journalism Media &amp; Cultural Studies,
   Cardiff, S Glam, Wales.",Cardiff Univ, Sch Journalism Media &amp; Cultural Studies,"
   Cardiff",1
200,JOURNALISM STUDIES,2018,25,1,"Women, Men and News: It's life, Jim, but not as we know it",4,4,"Dublin City Univ, Sch Commun, Dublin, Ireland.",Dublin City Univ, Sch Commun, Dublin,1
201,JOURNALISM STUDIES,2018,25,1,"A Tale of Two Deaths: Shifting journalism ethics in the midst of
   controversy",1,1,"Univ Witwatersrand, Dept Journalism, Johannesburg, South
   Africa.",Univ Witwatersrand, Dept Journalism, Johannesburg,1
202,JOURNALISM STUDIES,2018,25,1,"""Wherever I Go, There You Are"": The mobility/mooring paradigm in travel
   journalism",1,1,"Nanyang Technol Univ, Wee Kim Wee Sch Commun &amp; Informat,
   Singapore, Singapore.",Nanyang Technol Univ, Wee Kim Wee Sch Commun &amp; Informat,"
   Singapore",1
203,JOURNALISM STUDIES,2018,25,1,"Convergence Culture in European Newsrooms: Comparing editorial
   strategies for cross-media news production in six countries",6,10,"Univ Augsburg, Dept Media Knowledge
   &amp; Commun Imwk, Augsburg, Germany.",Univ Augsburg," Dept Media Knowledge
   &amp; Commun Imwk", Augsburg,2
204,JOURNALISM STUDIES,2018,25,1,"Convergence Culture in European Newsrooms: Comparing editorial
   strategies for cross-media news production in six countries",6,10,"Univ Fed Armed Forces, Dept Journalism, Munich,
   Germany.",Univ Fed Armed Forces, Dept Journalism, Munich,1
205,JOURNALISM STUDIES,2018,25,1,"Convergence Culture in European Newsrooms: Comparing editorial
   strategies for cross-media news production in six countries",6,10,"Paris Lodron Univ Salzburg, Journalism Div, Salzburg, Austria.",Paris Lodron Univ Salzburg, Journalism Div, Salzburg,4
206,JOURNALISM STUDIES,2018,25,1,"Convergence Culture in European Newsrooms: Comparing editorial
   strategies for cross-media news production in six countries",6,10,"Univ Groningen, Ctr Media &amp; Journalism Studies,
   Groningen, Netherlands.",Univ Groningen, Ctr Media &amp; Journalism Studies,"
   Groningen",1
207,JOURNALISM STUDIES,2018,25,1,"Convergence Culture in European Newsrooms: Comparing editorial
   strategies for cross-media news production in six countries",6,10,"Catholic Univ Portugal, Dept Commun Studies, Lisbon,
   Portugal.",Catholic Univ Portugal, Dept Commun Studies, Lisbon,1
208,JOURNALISM STUDIES,2018,25,1,"Convergence Culture in European Newsrooms: Comparing editorial
   strategies for cross-media news production in six countries",6,10,"Univ Navarra, Sch Commun, Navarra, Spain.",Univ Navarra, Sch Commun, Navarra,1
209,JOURNALISM STUDIES,2018,25,1,"Learning by Doing: Perspectives on social media regulations in Norwegian
   news organizations",2,2,"Univ Oslo, Dept Media &amp; Commun, Oslo, Norway.",Univ Oslo, Dept Media &amp; Commun, Oslo,1
210,JOURNALISM STUDIES,2018,25,1,"Learning by Doing: Perspectives on social media regulations in Norwegian
   news organizations",2,2,"Westerdals Oslo Sch Arts Commun &amp; Technol, Fac
   Management, Oslo, Norway.",Westerdals Oslo Sch Arts Commun &amp; Technol," Fac
   Management", Oslo,1
211,JOURNALISM STUDIES,2018,25,1,"PLAYERS AND CONTESTATION MECHANISMS IN THE JOURNALISM FIELD: A
   historical analysis of journalism awards, 1960s to 2000s",1,2,"Univ Missouri, Sch Journalism, Columbia, MO
   65211 USA.",Univ Missouri, Sch Journalism, Columbia,2
212,JOURNALISM STUDIES,2018,25,1,"IS AMERICA ""POST-RACIST""?: HOW AC 360 and The O'Reilly Factor
   discursively constructed the Charleston church shooting",3,4,"Queens Univ Charlotte, Dept Polit Sci &amp; Sociol,
   Charlotte, NC 28207 USA.",Queens Univ Charlotte, Dept Polit Sci &amp; Sociol,"
   Charlotte",1
213,JOURNALISM STUDIES,2018,25,1,"IS AMERICA ""POST-RACIST""?: HOW AC 360 and The O'Reilly Factor
   discursively constructed the Charleston church shooting",3,4,"Doha Inst Grad Studies,
   Media &amp; Cultural Studies Program, Doha, Qatar.",Doha Inst Grad Studies,"
   Media &amp; Cultural Studies Program", Doha,2
214,JOURNALISM STUDIES,2018,25,1,"IS AMERICA ""POST-RACIST""?: HOW AC 360 and The O'Reilly Factor
   discursively constructed the Charleston church shooting",3,4,"Univ North Alabama, Dept Commun, Florence, SC
   35632 USA.",Univ North Alabama, Dept Commun, Florence,1
215,JOURNALISM STUDIES,2018,25,1,IMAGINING THE CITY: How local journalism depicts social cohesion,1,3,"Univ Zurich, Inst Mass
   Commun &amp; Media Res, Zurich, Switzerland.",Univ Zurich," Inst Mass
   Commun &amp; Media Res", Zurich,3
216,JOURNALISM STUDIES,2018,25,1,"(UN)COVERING THE ECONOMIC CRISIS?: Over-time and inter-media differences
   in salience and framing",1,2,"Univ Amsterdam, Amsterdam Sch Commun
   Res, Amsterdam, Netherlands.",Univ Amsterdam," Amsterdam Sch Commun
   Res", Amsterdam,2
217,JOURNALISM STUDIES,2018,25,1,"JOURNALISM HITS A WALL: Rhetorical construction of newspapers' editorial
   and advertising relationship",2,3,"Starcom Advertising Agcy, New York, NY USA.",Starcom Advertising Agcy, New York, NY USA.,1
218,JOURNALISM STUDIES,2018,25,1,"JOURNALISM HITS A WALL: Rhetorical construction of newspapers' editorial
   and advertising relationship",2,3,"Univ Missouri, Sch Journalism, Columbia,
   MO 65211 USA.",Univ Missouri, Sch Journalism, Columbia,2
219,JOURNALISM STUDIES,2018,25,1,"ONCE A JOURNALIST, ALWAYS A JOURNALIST?: Industry restructure, job loss
   and professional identity",2,2,"La Trobe Univ, Dept Commun &amp; Media, Bundoora, Vic,
   Australia.",La Trobe Univ, Dept Commun &amp; Media, Bundoora,1
220,JOURNALISM STUDIES,2018,25,1,"ONCE A JOURNALIST, ALWAYS A JOURNALIST?: Industry restructure, job loss
   and professional identity",2,2,"Univ Sydney, Dept Media &amp; Commun, Sydney, NSW,
   Australia.",Univ Sydney, Dept Media &amp; Commun, Sydney,1
221,JOURNALISM STUDIES,2018,25,1,HABITS AND GENERATIONAL MEDIA USE,1,2,"Univ Gothenburg, Dept Journalism
   Media &amp; Commun, Gothenburg, Sweden.",Univ Gothenburg," Dept Journalism
   Media &amp; Commun", Gothenburg,2
222,JOURNALISM STUDIES,2018,25,1,"JOURNALISM IN THE CROSSFIRE: Media coverage of the war in Ukraine in
   2014",4,6,"Sodertorn Univ, Dept Social Sci, Huddinge
   Municipality, Sweden.",Sodertorn Univ, Dept Social Sci," Huddinge
   Municipality",2
223,JOURNALISM STUDIES,2018,25,1,"JOURNALISM IN THE CROSSFIRE: Media coverage of the war in Ukraine in
   2014",4,6,"Univ Warsaw, Inst Journalism, Warsaw, Poland.",Univ Warsaw, Inst Journalism, Warsaw,1
224,JOURNALISM STUDIES,2018,25,1,"JOURNALISM IN THE CROSSFIRE: Media coverage of the war in Ukraine in
   2014",4,6,"Natl Res Univ, Higher Sch Econ, Moscow, Russia.",Natl Res Univ, Higher Sch Econ, Moscow,1
225,JOURNALISM STUDIES,2018,25,1,"JOURNALISM IN THE CROSSFIRE: Media coverage of the war in Ukraine in
   2014",4,6,"Kyiv Mohyla Acad, Sch Journalism, Kiev,
   Ukraine.",Kyiv Mohyla Acad, Sch Journalism, Kiev,2
226,JOURNALISM STUDIES,2018,25,1,"The Right Kind of ""Islam"": News media representations of US-Saudi
   relations during the Cold War",1,1,"Rutgers State Univ, Dept Journalism &amp; Media Studies, New
   Brunswick, NJ 08901 USA.",Rutgers State Univ, Dept Journalism &amp; Media Studies," New
   Brunswick",1
227,JOURNALISM STUDIES,2018,25,1,"Private Pictures and Public Secrets: Responding to transgressive
   soldier-produced imagery in United Kingdom news",1,1,"Univ Leeds, Sch Media &amp; Commun, Leeds, W Yorkshire,
   England.",Univ Leeds, Sch Media &amp; Commun, Leeds,1
228,JOURNALISM STUDIES,2018,25,1,"On Metrics-Driven Homepages: Assessing the relationship between
   popularity and prominence",1,1,"Univ Massachusetts, Journalism Dept, Amherst, MA 01003
   USA.",Univ Massachusetts, Journalism Dept, Amherst,1
229,JOURNALISM STUDIES,2018,25,1,"How Western Journalists Actually Write About Africa: Re-assessing the
   myth of representations of Africa",1,1,"Stanford Univ, Ctr African Studies, Stanford, CA
   94305 USA.",Stanford Univ, Ctr African Studies, Stanford,1
230,JOURNALISM STUDIES,2018,25,1,"The ""Buen Vivir"" and ""Twenty-First Century Socialism"": Discursive
   legitimation and UK broadsheet newspaper reporting of ""post-neoliberal""
   politics in Ecuador, Venezuela and Bolivia",1,1,"Keele Univ, Fac Humanities &amp; Social Sci, Polit Philosophy
   Int Relat &amp; Environm SPIRE, Keele, Staffs, England.",Keele Univ, Fac Humanities &amp; Social Sci," Polit Philosophy
   Int Relat &amp; Environm SPIRE",1
231,JOURNALISM STUDIES,2018,25,1,"To Share or Not to Share: The influence of news values and topics on
   popular social media content in the United States, Brazil, and Argentina",5,5,"Univ Texas Austin, DMRP Res Grp, Sch
   Journalism, Austin, TX 78712 USA.",Univ Texas Austin, DMRP Res Grp," Sch
   Journalism",1
232,JOURNALISM STUDIES,2018,25,1,"To Share or Not to Share: The influence of news values and topics on
   popular social media content in the United States, Brazil, and Argentina",5,5,"Univ La Sabana, Sch Commun, Cundinamarca,
   Colombia.",Univ La Sabana, Sch Commun, Cundinamarca,1
233,JOURNALISM STUDIES,2018,25,1,"To Share or Not to Share: The influence of news values and topics on
   popular social media content in the United States, Brazil, and Argentina",5,5,"Univ Navarra, Sch Commun, Ctr Internet Studies &amp;
   Digital Life, Navarra, Spain.",Univ Navarra, Sch Commun," Ctr Internet Studies &amp;
   Digital Life",1
234,JOURNALISM STUDIES,2018,25,1,"To Share or Not to Share: The influence of news values and topics on
   popular social media content in the United States, Brazil, and Argentina",5,5,"Indiana Univ, Media Sch, Bloomington, IN 47405 USA.",Indiana Univ, Media Sch, Bloomington,1
235,JOURNALISM STUDIES,2018,25,1,"To Share or Not to Share: The influence of news values and topics on
   popular social media content in the United States, Brazil, and Argentina",5,5,"Florida State Univ, Coll Commun &amp; Informat,
   Tallahassee, FL 32306 USA.",Florida State Univ, Coll Commun &amp; Informat,"
   Tallahassee",1
236,JOURNALISM STUDIES,2018,25,1,"Changing Media Coverage of Violence Against Women: Changing sourcing
   practices?",2,2,"Univ Melbourne, Ctr Adv Journalism, Melbourne, Vic
   3010, Australia.",Univ Melbourne, Ctr Adv Journalism, Melbourne,1
237,JOURNALISM STUDIES,2018,25,1,"Changing Media Coverage of Violence Against Women: Changing sourcing
   practices?",2,2,"Univ Melbourne, Melbourne Law Sch, Melbourne, Vic 3010,
   Australia.",Univ Melbourne, Melbourne Law Sch, Melbourne,1
238,JOURNALISM STUDIES,2018,25,1,"Chinese Media Engagement in South Africa: What is its impact on local
   journalism?",2,2,"City Univ Hong Kong, Dept Media &amp; Commun, Hong
   Kong, Hong Kong, Peoples R China.",City Univ Hong Kong, Dept Media &amp; Commun," Hong
   Kong",1
239,JOURNALISM STUDIES,2018,25,1,"Chinese Media Engagement in South Africa: What is its impact on local
   journalism?",2,2,"Univ Cape Town, Ctr Film &amp; Media Studies, Cape Town,
   South Africa.",Univ Cape Town, Ctr Film &amp; Media Studies, Cape Town,1
240,JOURNALISM STUDIES,2018,25,1,"When Does an Infographic Say More Than a Thousand Words?: Audience
   evaluations of news visualizations",3,5,"Univ Appl Sci Utrecht,
   Fac Journalism, Utrecht, Netherlands.",Univ Appl Sci Utrecht,"
   Fac Journalism", Utrecht,3
241,JOURNALISM STUDIES,2018,25,1,"When Does an Infographic Say More Than a Thousand Words?: Audience
   evaluations of news visualizations",3,5,"Univ Amsterdam, Amsterdam Sch Commun Res ASCoR,
   Amsterdam, Netherlands.",Univ Amsterdam, Amsterdam Sch Commun Res ASCoR,"
   Amsterdam",1
242,JOURNALISM STUDIES,2018,25,1,"When Does an Infographic Say More Than a Thousand Words?: Audience
   evaluations of news visualizations",3,5,"Univ Vienna, Dept Commun, Vienna, Austria.",Univ Vienna, Dept Commun, Vienna,1
243,JOURNALISM STUDIES,2018,25,1,"Politicians, Photographers, and a Pope: How state-controlled and
   independent media covered Francis's 2015 Cuba visit",3,3,"Univ Missori, Sch Journalism, Columbia, MO 65211 USA.",Univ Missori, Sch Journalism, Columbia,1
244,JOURNALISM STUDIES,2018,25,1,"Politicians, Photographers, and a Pope: How state-controlled and
   independent media covered Francis's 2015 Cuba visit",3,3,"Appalachian State Univ, Dept Commun, Boone, NC
   28608 USA.",Appalachian State Univ, Dept Commun, Boone,1
245,JOURNALISM STUDIES,2018,25,1,"Politicians, Photographers, and a Pope: How state-controlled and
   independent media covered Francis's 2015 Cuba visit",3,3,"Univ Missouri, Sch Journalism, Columbia, MO 65211 USA.",Univ Missouri, Sch Journalism, Columbia,1
246,JOURNALISM STUDIES,2018,25,1,"News Media Logic on the Move?: In search of commercial media logic in
   German news",1,1,"Ludwig Maximilians Univ Munchen, Dept Commun Studies &amp;
   Media Res, Munich, Germany.",Ludwig Maximilians Univ Munchen," Dept Commun Studies &amp;
   Media Res", Munich,1
247,JOURNALISM STUDIES,2018,25,1,"About Pseudo Quarrels and Trustworthiness: A multi-method study of
   health journalism, sourcing practices and Twitter",1,2,"Univ Ghent, Ctr Journalism
   Studies, Dept Commun Studies, Ghent, Belgium.",Univ Ghent," Ctr Journalism
   Studies", Dept Commun Studies,2
248,JOURNALISM STUDIES,2018,25,1,"Journalism and Professionalism in Ethnic Media: The case of
   Turkish-language newspapers in the United Kingdom",1,1,"Univ Lincoln, Sch English &amp; Journalism, Lincoln, England.",Univ Lincoln, Sch English &amp; Journalism, Lincoln,1
249,JOURNALISM STUDIES,2018,25,1,"Lost in Translation: Journalistic discourse on news ""fixers""",1,1,"Univ Wisconsin, Sch Journalism &amp; Mass Commun, Madison,
   WI 53706 USA.",Univ Wisconsin, Sch Journalism &amp; Mass Commun, Madison,1
250,JOURNALISM STUDIES,2018,25,1,News Values Go on Holiday: The ideological values of travel journalism,1,1,"Univ Kent, Ctr Journalism, Canterbury, Kent, England.",Univ Kent, Ctr Journalism, Canterbury,1
251,JOURNALISM STUDIES,2018,25,1,"Technology in the Newsroom: Adoption of the telephone and the radio car
   from c. 1920 to 1960",1,1,"Northwest Univ, Commun Studies, Kirkland, WA 98033 USA.",Northwest Univ, Commun Studies, Kirkland,1
252,JOURNALISM STUDIES,2018,25,1,"To Post or not to Post?: Anonymous user comments in the Israeli
   journalistic sphere",2,2,"Open Univ Israel, Sociol Polit Sci &amp; Commun, Raanana,
   Israel.",Open Univ Israel, Sociol Polit Sci &amp; Commun, Raanana,1
253,JOURNALISM STUDIES,2018,25,1,"To Post or not to Post?: Anonymous user comments in the Israeli
   journalistic sphere",2,2,"Acad Coll Tel Aviv Yaffo, Dept Informat Syst, Tel Aviv,
   Israel.",Acad Coll Tel Aviv Yaffo, Dept Informat Syst, Tel Aviv,1
254,JOURNALISM STUDIES,2018,25,1,"Newspaper Consumption in the Mobile Age: Re-assessing multi-platform
   performance and market share using ""time-spent""",2,2,"Ludwig Maximilians Univ Munchen, Dept Commun Studies &amp;
   Media Res, Munich, Germany.",Ludwig Maximilians Univ Munchen," Dept Commun Studies &amp;
   Media Res", Munich,1
255,JOURNALISM STUDIES,2018,25,1,"Newspaper Consumption in the Mobile Age: Re-assessing multi-platform
   performance and market share using ""time-spent""",2,2,"City Univ London, Dept Journalism, London, England.",City Univ London, Dept Journalism, London,1
256,JOURNALISM STUDIES,2018,25,1,Reading News as Narrative: A genre approach to journalism studies,2,2,"Temple Univ, Media &amp; Commun, Philadelphia, PA 19122
   USA.",Temple Univ, Media &amp; Commun, Philadelphia,1
257,JOURNALISM STUDIES,2018,25,1,Reading News as Narrative: A genre approach to journalism studies,2,2,"Temple Univ, Dept Journalism, Philadelphia, PA 19122 USA.",Temple Univ, Dept Journalism, Philadelphia,1
258,JOURNALISM STUDIES,2018,25,1,"""We Don't Cover Suicide...(Except When We Do Cover Suicide)"": A case
   study in the production of news",1,3,"Univ
   Washington, Dept Commun, Seattle, WA 98195 USA.","Univ
   Washington", Dept Commun, Seattle,3
259,JOURNALISM STUDIES,2018,25,1,News Media Uses During War: The case of the Syrian conflict,1,2,"Lebanese Amer Univ, Dept Commun Arts,
   Beirut, Lebanon.",Lebanese Amer Univ, Dept Commun Arts,"
   Beirut",2
260,JOURNALISM STUDIES,2018,25,1,"Struggling for the Upper Hand: News sources and crisis communication in
   a digital media environment",1,2,"Univ Gothenburg, Dept Journalism Media &amp;
   Commun, Gothenburg, Sweden.",Univ Gothenburg," Dept Journalism Media &amp;
   Commun", Gothenburg,2
261,JOURNALISM STUDIES,2018,25,1,On Political Epunditry,1,1,"Edinburgh Napier Univ, Sch Arts &amp; Creat Ind,
   Edinburgh, Midlothian, Scotland.",Edinburgh Napier Univ, Sch Arts &amp; Creat Ind,"
   Edinburgh",1
262,JOURNALISM STUDIES,2018,25,1,"Wishful Thinking in Specialized Journalism: Trade publication
   construction of female audiences in the digital age",1,1,"Quinnipiac Univ, Dept Media Studies, Hamden, CT
   06518 USA.",Quinnipiac Univ, Dept Media Studies, Hamden,1
263,JOURNALISM STUDIES,2018,25,1,The Bigger Picture: Gender and the visual rhetoric of conflict,1,1,"Swansea Univ, Media &amp; Commun, Swansea, W Glam, Wales.",Swansea Univ, Media &amp; Commun, Swansea,1
264,JOURNALISM STUDIES,2018,25,1,"Hiding in Plain Sight: Gender, sexism and press coverage of the Jimmy
   Savile case",1,1,"Univ Stirling, Dept Commun Media &amp; Culture, Stirling,
   Scotland.",Univ Stirling, Dept Commun Media &amp; Culture, Stirling,1
265,JOURNALISM STUDIES,2018,25,1,"Race and Anti-LGBT Legislation: An analysis of ""religion freedom""
   coverage in Mississippi and national newspapers",3,3,"Univ Cent Arkansas, Sch Commun, Conway, AR 72035 USA.",Univ Cent Arkansas, Sch Commun, Conway,1
266,JOURNALISM STUDIES,2018,25,1,"Race and Anti-LGBT Legislation: An analysis of ""religion freedom""
   coverage in Mississippi and national newspapers",3,3,"Univ West Georgia, Dept Mass Commun, Carrollton, GA
   USA.",Univ West Georgia, Dept Mass Commun, Carrollton,1
267,JOURNALISM STUDIES,2018,25,1,"Race and Anti-LGBT Legislation: An analysis of ""religion freedom""
   coverage in Mississippi and national newspapers",3,3,"Mississippi State Univ, Dept Commun, Mississippi State,
   MS 39762 USA.",Mississippi State Univ, Dept Commun, Mississippi State,1
268,JOURNALISM STUDIES,2018,25,1,"Identity Constructions Through Media Discourses: Malala Yousafzai in
   Pakistani English newspapers",1,2,"Univ Leicester, Sch Educ, Leicester, Leics,
   England.",Univ Leicester, Sch Educ, Leicester,2
269,JOURNALISM STUDIES,2018,25,1,Perilous: Australian news photographers and trauma,1,1,"Monash Univ, Sch Media Film &amp; Journalism, Clayton, Vic,
   Australia.",Monash Univ, Sch Media Film &amp; Journalism, Clayton,1
270,JOURNALISM STUDIES,2018,25,1,"Worth a Thousand Words: Tasers, new media events, and narrative struggle",2,2,"Ryerson Univ, Dept Sociol, Toronto, ON, Canada.",Ryerson Univ, Dept Sociol, Toronto,1
271,JOURNALISM STUDIES,2018,25,1,"Worth a Thousand Words: Tasers, new media events, and narrative struggle",2,2,"Univ Prince Edward Isl, Dept Sociol &amp; Anthropol,
   Charlottetown, PE, Canada.",Univ Prince Edward Isl, Dept Sociol &amp; Anthropol,"
   Charlottetown",1
272,JOURNALISM STUDIES,2018,25,1,"Survivors Report Back: Young people reflect on their media experiences
   after a terrorist attack",2,5,"Norwegian Ctr Violence &amp; Traumat Stress Studies, Oslo, Norway.",Norwegian Ctr Violence &amp; Traumat Stress Studies, Oslo, Norway.,4
273,JOURNALISM STUDIES,2018,25,1,"Survivors Report Back: Young people reflect on their media experiences
   after a terrorist attack",2,5,"Univ Oslo, Inst Clin Med, Fac Med, Oslo, Norway.",Univ Oslo, Inst Clin Med, Fac Med,1
274,JOURNALISM STUDIES,2018,25,1,"Understanding News Sharing Across Social Media: Detailing distribution
   on Facebook and Twitter",2,2,"Oslo &amp; Akershus Univ Coll Appl Sci, Dept Journalism &amp;
   Media Studies, Oslo, Norway.",Oslo &amp; Akershus Univ Coll Appl Sci," Dept Journalism &amp;
   Media Studies", Oslo,1
275,JOURNALISM STUDIES,2018,25,1,"Understanding News Sharing Across Social Media: Detailing distribution
   on Facebook and Twitter",2,2,"Westerdals Oslo Sch Arts Commun &amp; Technol, Fac
   Management, Oslo, Norway.",Westerdals Oslo Sch Arts Commun &amp; Technol," Fac
   Management", Oslo,1
276,JOURNALISM STUDIES,2018,25,1,"Towards A Typology of Conflict Frames: Substantiveness and
   interventionism in political conflict news",1,3,"Univ Amsterdam,
   Sch Commun Res, Amsterdam, Netherlands.",Univ Amsterdam,"
   Sch Commun Res", Amsterdam,3
277,JOURNALISM STUDIES,2018,25,1,"Truth, Nothing but the Performative Truth: Yoruba radio review of
   English newspapers",1,1,"Univ Ibadan, Inst African Studies, Ibadan, Nigeria.",Univ Ibadan, Inst African Studies, Ibadan,1
278,JOURNALISM STUDIES,2018,25,1,"Temporary Labor Convergence: Newsworkers mobilize massive community
   support to organize the newspaper chain, 1963-1966",1,1,"Univ Penn, Annenberg Sch Commun, Philadelphia, PA 19104
   USA.",Univ Penn, Annenberg Sch Commun, Philadelphia,1
279,JOURNALISM STUDIES,2018,25,1,"Uncovering Rape Culture: Patriarchal values guide Indian media's
   rape-related reporting",1,1,"Univ Texas Austin, Sch Journalism, Austin, TX 78712 USA.",Univ Texas Austin, Sch Journalism, Austin,1
280,JOURNALISM STUDIES,2018,25,1,"Making Mental Health News: Australian journalists' views on news values,
   sources and reporting challenges",1,1,"Univ Canberra, News &amp; Media Res Ctr, Canberra, ACT,
   Australia.",Univ Canberra, News &amp; Media Res Ctr, Canberra,1
281,JOURNALISM STUDIES,2018,25,1,Analysis of Linguistic Complexity in Professional and Citizen Media,1,2,"Univ Vienna, Dept Commun,
   Vienna, Austria.",Univ Vienna, Dept Commun,"
   Vienna",2
282,JOURNALISM STUDIES,2018,25,1,"Foreign Correspondents: A case study of China in the digital and
   globalization age",2,2,"Univ Nottingham Ningbo, Sch Int Commun, Ningbo,
   Zhejiang, Peoples R China.",Univ Nottingham Ningbo, Sch Int Commun, Ningbo,1
283,JOURNALISM STUDIES,2018,25,1,"Foreign Correspondents: A case study of China in the digital and
   globalization age",2,2,"Univ Nottingham, Sch Polit &amp; Int Relat, Nottingham,
   England.",Univ Nottingham, Sch Polit &amp; Int Relat, Nottingham,1
284,JOURNALISM STUDIES,2018,25,1,"Diversity in Online News: On the importance of ownership types and media
   system types",2,2,"Univ Zurich, Inst Mass Commun &amp; Media Res, Zurich,
   Switzerland.",Univ Zurich, Inst Mass Commun &amp; Media Res, Zurich,1
285,JOURNALISM STUDIES,2018,25,1,"Diversity in Online News: On the importance of ownership types and media
   system types",2,2,"Univ Zurich, Int &amp; Comparat Media Res, Zurich,
   Switzerland.",Univ Zurich, Int &amp; Comparat Media Res, Zurich,1
286,JOURNALISM STUDIES,2018,25,1,"Solving Journalism's Post-Truth Crisis With Feminist Standpoint
   Epistemology",1,1,"Univ Maryland, Philip Merrill Coll Journalism, College
   Pk, MD 20742 USA.",Univ Maryland, Philip Merrill Coll Journalism," College
   Pk",1
287,JOURNALISM STUDIES,2018,25,1,"Truth is What Happens to News: On journalism, fake news, and post-truth",1,1,"George Washington Univ, Washington, DC 20052 USA.",George Washington Univ, Washington, DC 20052 USA.,1
288,JOURNALISM STUDIES,2018,25,1,The Information Politics of Journalism in a Post-Truth Age,1,1,"Univ Minnesota, Hubbard Sch Journalism &amp; Mass Commun,
   Minneapolis, MN 55455 USA.",Univ Minnesota, Hubbard Sch Journalism &amp; Mass Commun,"
   Minneapolis",1
289,JOURNALISM STUDIES,2018,25,1,"A Matter of Trust: Plagiarism, fake sources and paradigm repair in the
   Danish news media",1,3,"Roskilde Univ, Dept Commun &amp; Arts, Roskilde, Denmark.",Roskilde Univ, Dept Commun &amp; Arts, Roskilde,3
290,JOURNALISM STUDIES,2018,25,1,"Understanding Collaborative Investigative Journalism in a ""Post-Truth""
   Age",2,2,"La Trobe Univ, Sch Humanities &amp; Social Sci, Dept Commun
   &amp; Media, Coll Arts, Plenty Rd &amp; Kingsbury Dr, Bundoora, Vic 3068,
   Australia.",La Trobe Univ, Sch Humanities &amp; Social Sci," Dept Commun
   &amp; Media",1
291,JOURNALISM STUDIES,2018,25,1,"Understanding Collaborative Investigative Journalism in a ""Post-Truth""
   Age",2,2,"RMIT Univ, CPOW, Melbourne, Vic, Australia.",RMIT Univ, CPOW, Melbourne,1
292,JOURNALISM STUDIES,2018,25,1,Negotiating Uncertain Claims: Journalism as an inferential community,2,2,"Univ Groningen, Ctr Media &amp; Journalism Studies,
   Groningen, Netherlands.",Univ Groningen, Ctr Media &amp; Journalism Studies,"
   Groningen",1
293,JOURNALISM STUDIES,2018,25,1,Negotiating Uncertain Claims: Journalism as an inferential community,2,2,"Aarhus Univ, Dept Media &amp; Journalism Studies, Aarhus,
   Denmark.",Aarhus Univ, Dept Media &amp; Journalism Studies, Aarhus,1
294,JOURNALISM STUDIES,2018,25,1,"Transparency to the Rescue?: Evaluating citizens' views on transparency
   tools in journalism",1,2,"Karlstad Univ, Karlstad, Sweden.",Karlstad Univ, Karlstad, Sweden.,2
295,JOURNALISM STUDIES,2018,25,1,"Provoking the Citizen: Re-examining the role of TV satire in the Trump
   era",1,1,"Univ Nottingham Ningbo, Sch Int Commun, Ningbo,
   Zhejiang, Peoples R China.",Univ Nottingham Ningbo, Sch Int Commun, Ningbo,1
296,JOURNALISM STUDIES,2018,25,1,Media Repertoires and News Trust During the Early Trump Administration,1,4,"Michigan State Univ, Sch Journalism, E Lansing, MI 48824 USA.",Michigan State Univ, Sch Journalism, E Lansing,4
297,JOURNALISM STUDIES,2018,25,1,"The Self-Censorship Dilemma: Media coverage of terrorists in the
   post-factual era",1,1,"Univ Copenhagen, Dept Media Cognit &amp; Commun,
   Copenhagen, Denmark.",Univ Copenhagen, Dept Media Cognit &amp; Commun,"
   Copenhagen",1
298,JOURNALISM STUDIES,2018,25,1,Shooting Kids: Children in Syrian War reporting by RT and Al Jazeera,1,1,"Hague Univ Appl Sci, Sch Int Commun Management,
   Fac Management &amp; Org, The Hague, Netherlands.",Hague Univ Appl Sci, Sch Int Commun Management,"
   Fac Management &amp; Org",1
299,JOURNALISM STUDIES,2018,25,1,"""Post-Truth"" Politics, Journalistic Corruption and the Process of
   Self-Othering: The case of Bulgaria",1,1,"Univ Liverpool, Dept Commun &amp; Media,
   Liverpool, Merseyside, England.",Univ Liverpool, Dept Commun &amp; Media,"
   Liverpool",1
300,JOURNALISM STUDIES,2018,25,1,"Finding a Place in the Journalistic Field: The pursuit of recognition
   and legitimacy at BuzzFeed and Vice",1,1,"Univ Leeds, Sch Media &amp; Commun, Leeds LS2 9JT, W
   Yorkshire, England.",Univ Leeds, Sch Media &amp; Commun, Leeds LS2 9JT,1
301,JOURNALISM STUDIES,2018,25,1,"The discursive construction of journalistic authority in a post-truth
   age",1,2,"Univ Missouri, Sch Journalism, Journalism
   Studies, Columbia, MO 65211 USA.",Univ Missouri, Sch Journalism," Journalism
   Studies",2
302,JOURNALISM STUDIES,2018,25,1,"The Gender Crisis in Professional Photojournalism: Demise of the female
   gaze?",2,2,"Univ Stirling, Div Commun Media &amp; Culture, Stirling,
   Scotland.",Univ Stirling, Div Commun Media &amp; Culture, Stirling,1
303,JOURNALISM STUDIES,2018,25,1,"The Gender Crisis in Professional Photojournalism: Demise of the female
   gaze?",2,2,"Univ Stirling, Div Sociol Social Policy &amp; Criminol,
   Stirling, Scotland.",Univ Stirling, Div Sociol Social Policy &amp; Criminol,"
   Stirling",1
304,JOURNALISM STUDIES,2018,25,1,"Networking and Political Alignment as Strategies to Control the News:
   Interaction between journalists and politicians",2,2,"NTNU Trondheim, Dept Sociol &amp; Polit Sci, Trondheim,
   Norway.",NTNU Trondheim, Dept Sociol &amp; Polit Sci, Trondheim,1
305,JOURNALISM STUDIES,2018,25,1,"Networking and Political Alignment as Strategies to Control the News:
   Interaction between journalists and politicians",2,2,"Univ Leipzig, Inst Commun &amp; Media Studies, Leipzig,
   Germany.",Univ Leipzig, Inst Commun &amp; Media Studies, Leipzig,1
306,JOURNALISM STUDIES,2018,25,1,"Young People, Class and the News: Distinction, socialization and moral
   sentiments",2,2,"Karlstad Univ, Karlstad, Sweden.",Karlstad Univ, Karlstad, Sweden.,1
307,JOURNALISM STUDIES,2018,25,1,"Young People, Class and the News: Distinction, socialization and moral
   sentiments",2,2,"Stockholm Univ, Inst Latin Amer Studies, Stockholm,
   Sweden.",Stockholm Univ, Inst Latin Amer Studies, Stockholm,1
308,JOURNALISM STUDIES,2018,25,1,"Stopping Fake News: The work practices of peer-to-peer counter
   propaganda",3,5,"Univ Wisconsin, Sch Informat Studies,
   Milwaukee, WI 53201 USA.",Univ Wisconsin, Sch Informat Studies,"
   Milwaukee",2
309,JOURNALISM STUDIES,2018,25,1,"Stopping Fake News: The work practices of peer-to-peer counter
   propaganda",3,5,"Siegen Univ, Sch Informat &amp; Media, Siegen,
   Germany.",Siegen Univ, Sch Informat &amp; Media, Siegen,2
310,JOURNALISM STUDIES,2018,25,1,"Stopping Fake News: The work practices of peer-to-peer counter
   propaganda",3,5,"Univ Wisconsin, Hist Dept, Milwaukee, WI 53201 USA.",Univ Wisconsin, Hist Dept, Milwaukee,1
311,JOURNALISM STUDIES,2018,25,1,"Thinking and Writing About Global Poverty: A comparison of journalist
   frames and media frames",2,4,"Radboud Univ Nijmegen, Ctr Int Dev
   Issues, Nijmegen, Netherlands.",Radboud Univ Nijmegen," Ctr Int Dev
   Issues", Nijmegen,2
312,JOURNALISM STUDIES,2018,25,1,"Thinking and Writing About Global Poverty: A comparison of journalist
   frames and media frames",2,4,"Univ Leuven, Inst Media Studies,
   Leuven, Belgium.",Univ Leuven, Inst Media Studies,"
   Leuven",2
313,JOURNALISM STUDIES,2018,25,1,"Getting Youngsters Hooked on News: The effects of narrative news on
   information processing and appreciation in different age groups",1,3,"Radboud Univ
   Nijmegen, Behav Sci Inst, Nijmegen, Netherlands.","Radboud Univ
   Nijmegen", Behav Sci Inst, Nijmegen,3
314,JOURNALISM STUDIES,2018,25,1,"Reconstructing Rwanda: How Rwandan reporters use constructive journalism
   to promote peace",2,2,"Virginia Commonwealth Univ, Richard T Robertson Sch
   Media &amp; Culture, Richmond, VA 23284 USA.",Virginia Commonwealth Univ," Richard T Robertson Sch
   Media &amp; Culture", Richmond,1
315,JOURNALISM STUDIES,2018,25,1,"Reconstructing Rwanda: How Rwandan reporters use constructive journalism
   to promote peace",2,2,"Regis Univ, Dept Commun, Denver, CO USA.",Regis Univ, Dept Commun, Denver,1
316,JOURNALISM STUDIES,2018,25,1,"Fact or Fiction?: Investigating the quality of opinion poll coverage and
   its antecedents",1,2,"Univ Gothenburg, Dept
   Journalism Media &amp; Commun, Gothenburg, Sweden.",Univ Gothenburg," Dept
   Journalism Media &amp; Commun", Gothenburg,2
317,JOURNALISM STUDIES,2018,25,1,"Churnalism, Cultural (Inter)Mediation and Sourcing in Cultural
   Journalism",1,1,"Univ Copenhagen, Dept Media Commun &amp; Cognit,
   Sect Film Media &amp; Commun, Copenhagen, Denmark.",Univ Copenhagen, Dept Media Commun &amp; Cognit,"
   Sect Film Media &amp; Commun",1
318,JOURNALISM STUDIES,2018,25,1,"THE IMAGINED BACKWARD AND DOWNTRODDEN OTHER Contemporary American news
   coverage of the Roma/Gypsy",1,1,"Oakland Univ, Dept Commun &amp; Journalism, Rochester,
   MI 48309 USA.",Oakland Univ, Dept Commun &amp; Journalism, Rochester,1
319,JOURNALISM STUDIES,2018,25,1,"INVESTING IN ONLINE VIDEO NEWS A cross-national analysis of news
   organizations' enterprising approach to digital media",1,2,"Univ Oxford, Reuters
   Inst Study Journalism, Oxford, England.",Univ Oxford," Reuters
   Inst Study Journalism", Oxford,2
320,JOURNALISM STUDIES,2018,25,1,"THE NEWS USER ON SOCIAL MEDIA A comparative study of interacting with
   media organizations on Facebook and Instagram",1,1,"Westerdals Oslo Sch Arts Commun &amp; Technol, Fac
   Management, Oslo, Norway.",Westerdals Oslo Sch Arts Commun &amp; Technol," Fac
   Management", Oslo,1
321,JOURNALISM STUDIES,2018,25,1,"THE ELECTIVE AFFINITY BETWEEN ELITE JOURNALISTS AND MAINSTREAM
   ECONOMISTS IN BRAZIL",3,3,"Fed Univ Tocantins, Postgrad Program Commun
   &amp; Soc, Palmas, Tocantins, Brazil.",Fed Univ Tocantins," Postgrad Program Commun
   &amp; Soc", Palmas,1
322,JOURNALISM STUDIES,2018,25,1,"THE ELECTIVE AFFINITY BETWEEN ELITE JOURNALISTS AND MAINSTREAM
   ECONOMISTS IN BRAZIL",3,3,"Univ Alberto Hurtado, Dept Sociol, Santiago, Chile.",Univ Alberto Hurtado, Dept Sociol, Santiago,1
323,JOURNALISM STUDIES,2018,25,1,"THE ELECTIVE AFFINITY BETWEEN ELITE JOURNALISTS AND MAINSTREAM
   ECONOMISTS IN BRAZIL",3,3,"UCL, Dept Sci &amp; Technol Studies, London, England.",UCL, Dept Sci &amp; Technol Studies, London,1
324,JOURNALISM STUDIES,2018,25,1,"SUBSIDIZING THE NEWS? Organizational press releases' influence on news
   media's agenda and content",1,1,"Univ Amsterdam, Commun Sci, Amsterdam, Netherlands.",Univ Amsterdam, Commun Sci, Amsterdam,1
325,JOURNALISM STUDIES,2018,25,1,"AN EXPLORATION OF THE COMPLEXITY OF JOURNALISTIC INTERVIEWING
   COMPETENCIES",1,3,"Michigan State Univ, Sch
   Journalism, E Lansing, MI 48824 USA.",Michigan State Univ," Sch
   Journalism", E Lansing,3
326,JOURNALISM STUDIES,2018,25,1,"THE ""ROSIE BATTY EFFECT"" AND THE FRAMING OF FAMILY VIOLENCE IN
   AUSTRALIAN NEWS MEDIA",1,3,"Univ Tasmania, Sch
   Social Sci, Coll Arts &amp; Law, Hobart, Tas, Australia.",Univ Tasmania," Sch
   Social Sci", Coll Arts &amp; Law,3
327,JOURNALISM STUDIES,2018,25,1,"MEASURING AND EXPLAINING THE DIVERSITY OF VOICES AND VIEWPOINTS IN THE
   NEWS A comparative study on the determinants of content diversity of
   immigration news",4,8,"Univ Antwerp, Dept Polit Sci,
   Antwerp, Belgium.",Univ Antwerp, Dept Polit Sci,"
   Antwerp",2
328,JOURNALISM STUDIES,2018,25,1,"MEASURING AND EXPLAINING THE DIVERSITY OF VOICES AND VIEWPOINTS IN THE
   NEWS A comparative study on the determinants of content diversity of
   immigration news",4,8,"Ludwig Maximilians Univ Munchen,
   Inst Commun &amp; Media Studies, Munich, Germany.",Ludwig Maximilians Univ Munchen,"
   Inst Commun &amp; Media Studies", Munich,2
329,JOURNALISM STUDIES,2018,25,1,"MEASURING AND EXPLAINING THE DIVERSITY OF VOICES AND VIEWPOINTS IN THE
   NEWS A comparative study on the determinants of content diversity of
   immigration news",4,8,"Univ Perugia, Dept
   Polit Sci, Perugia, Italy.",Univ Perugia," Dept
   Polit Sci", Perugia,3
330,JOURNALISM STUDIES,2018,25,1,"MEASURING AND EXPLAINING THE DIVERSITY OF VOICES AND VIEWPOINTS IN THE
   NEWS A comparative study on the determinants of content diversity of
   immigration news",4,8,"Univ Salford, Directorate Psychol &amp; Publ Hlth, Salford,
   Lancs, England.",Univ Salford, Directorate Psychol &amp; Publ Hlth, Salford,1
331,JOURNALISM STUDIES,2018,25,1,"Gatekeeping Influences and Journalistic Capital Proposing a mechanism of
   influence",1,1,"Nanyang Technol Univ, Wee Kim Wee Sch Commun &amp;
   Informat, Singapore, Singapore.",Nanyang Technol Univ," Wee Kim Wee Sch Commun &amp;
   Informat", Singapore,1
332,JOURNALISM STUDIES,2018,25,1,"Do Channels Matter? Investigating media characteristics in the
   agenda-building process of an election campaign",2,2,"Free Univ Berlin, Inst Media &amp; Commun
   Studies, Berlin, Germany.",Free Univ Berlin," Inst Media &amp; Commun
   Studies", Berlin,1
333,JOURNALISM STUDIES,2018,25,1,"Do Channels Matter? Investigating media characteristics in the
   agenda-building process of an election campaign",2,2,"Univ Vienna, Dept Commun, Vienna, Austria.",Univ Vienna, Dept Commun, Vienna,1
334,JOURNALISM STUDIES,2018,25,1,"The Celebrified Journalist Journalistic self-promotion and branding in
   celebrity constructions on Twitter",1,1,"Jonkoping Univ, Sch Educ &amp; Commun, Jonkoping, Sweden.",Jonkoping Univ, Sch Educ &amp; Commun, Jonkoping,1
335,JOURNALISM STUDIES,2018,25,1,Transparency in German Newsrooms Diffusion of a new journalistic norm?,2,2,"Georgetown Univ, Dept Commun Culture &amp; Technol,
   Washington, DC 20057 USA.",Georgetown Univ, Dept Commun Culture &amp; Technol,"
   Washington",1
336,JOURNALISM STUDIES,2018,25,1,Transparency in German Newsrooms Diffusion of a new journalistic norm?,2,2,"Univ Maryland, Philip Merrill Coll Journalism, College
   Pk, MD 20742 USA.",Univ Maryland, Philip Merrill Coll Journalism," College
   Pk",1
337,JOURNALISM STUDIES,2018,25,1,"Are You Experienced? How years in field affects digital journalists'
   perceptions of a changing industry",1,1,"Univ Colorado, Dept Journalism, Boulder, CO 80309
   USA.",Univ Colorado, Dept Journalism, Boulder,1
338,JOURNALISM STUDIES,2018,25,1,"The Commercialization of Journalism Ethnic media, news production, and
   business strategies in the digital era",1,1,"Univ Toronto, Dept Arts Culture &amp; Media, Toronto, ON,
   Canada.",Univ Toronto, Dept Arts Culture &amp; Media, Toronto,1
339,JOURNALISM STUDIES,2018,25,1,"""He Just Snapped"" Gendered narratives of parents killing their children
   in the UK press",1,1,"Univ Westminster, Media Arts &amp; Design, London, England.",Univ Westminster, Media Arts &amp; Design, London,1
340,JOURNALISM STUDIES,2018,25,1,"Are Newsgames Better Journalism? Empathy, information and representation
   in games on refugees and migrants",2,2,"Free Univ Berlin, Inst Media &amp; Commun Studies,
   Berlin, Germany.",Free Univ Berlin, Inst Media &amp; Commun Studies,"
   Berlin",1
341,JOURNALISM STUDIES,2018,25,1,"Are Newsgames Better Journalism? Empathy, information and representation
   in games on refugees and migrants",2,2,"Univ Pittsburgh, Dept Commun, Pittsburgh, PA 15260
   USA.",Univ Pittsburgh, Dept Commun, Pittsburgh,1
