,Journal,Year,Journal_Rank,Q_Position,Title,Total_Units,Total_Authors,Unit_Address,Unit_Name_1,Unit_Name_2,Unit_Name_3,Author_Number
0,JOURNAL OF SOCIAL AND PERSONAL RELATIONSHIPS,2018,28,2,"Do not overlook lonely children: Additional evidence from two
   longitudinal studies",3,3,"Univ Tokyo, Tokyo, Japan.",Univ Tokyo, Tokyo, Japan.,1
1,JOURNAL OF SOCIAL AND PERSONAL RELATIONSHIPS,2018,28,2,"Do not overlook lonely children: Additional evidence from two
   longitudinal studies",3,3,"Kochi Univ Technol, Kochi, Japan.",Kochi Univ Technol, Kochi, Japan.,1
2,JOURNAL OF SOCIAL AND PERSONAL RELATIONSHIPS,2018,28,2,"Do not overlook lonely children: Additional evidence from two
   longitudinal studies",3,3,"Univ Tsukuba, Tsukuba, Ibaraki, Japan.",Univ Tsukuba, Tsukuba, Ibaraki,1
3,JOURNAL OF SOCIAL AND PERSONAL RELATIONSHIPS,2018,28,2,"Running on empty: Measuring psychological dependence in close
   relationships lacking satisfaction",2,3,"Singapore Management Univ, Singapore, Singapore.",Singapore Management Univ, Singapore, Singapore.,1
4,JOURNAL OF SOCIAL AND PERSONAL RELATIONSHIPS,2018,28,2,"Running on empty: Measuring psychological dependence in close
   relationships lacking satisfaction",2,3,"Purdue Univ, W Lafayette, IN
   47907 USA.",Purdue Univ, W Lafayette," IN
   47907 USA.",2
5,JOURNAL OF SOCIAL AND PERSONAL RELATIONSHIPS,2018,28,2,"Grandparental involvement and young adults' cognitive and social
   adjustment: The moderating role of filial piety in Hong Kong",3,5,"Educ Univ Hong Kong, Dept Psychol,
   10 Lo Ping Rd, Tai Po, Hong Kong, Peoples R China.",Educ Univ Hong Kong, Dept Psychol,"
   10 Lo Ping Rd",2
6,JOURNAL OF SOCIAL AND PERSONAL RELATIONSHIPS,2018,28,2,"Grandparental involvement and young adults' cognitive and social
   adjustment: The moderating role of filial piety in Hong Kong",3,5,"Educ Univ Hong Kong, Ctr
   Psychosocial Hlth, Tai Po, Hong Kong, Peoples R China.",Educ Univ Hong Kong," Ctr
   Psychosocial Hlth", Tai Po,2
7,JOURNAL OF SOCIAL AND PERSONAL RELATIONSHIPS,2018,28,2,"Grandparental involvement and young adults' cognitive and social
   adjustment: The moderating role of filial piety in Hong Kong",3,5,"Educ Univ Hong Kong, Dept Early Childhood Educ, Tai Po,
   Hong Kong, Peoples R China.",Educ Univ Hong Kong, Dept Early Childhood Educ, Tai Po,1
8,JOURNAL OF SOCIAL AND PERSONAL RELATIONSHIPS,2018,28,2,Touch reduces romantic jealousy in the anxiously attached,1,3,"Carnegie
   Mellon Univ, 5000 Forbes Ave, Pittsburgh, PA 15213 USA.","Carnegie
   Mellon Univ", 5000 Forbes Ave, Pittsburgh,3
9,JOURNAL OF SOCIAL AND PERSONAL RELATIONSHIPS,2018,28,2,"Great expectations: Examining unmet romantic expectations and dating
   relationship outcomes using an investment model framework",2,2,"Dalhousie Univ, Halifax, NS, Canada.",Dalhousie Univ, Halifax, NS,1
10,JOURNAL OF SOCIAL AND PERSONAL RELATIONSHIPS,2018,28,2,"Great expectations: Examining unmet romantic expectations and dating
   relationship outcomes using an investment model framework",2,2,"Univ New Brunswick, Fredericton, NB, Canada.",Univ New Brunswick, Fredericton, NB,1
11,JOURNAL OF SOCIAL AND PERSONAL RELATIONSHIPS,2018,28,2,"Infidelity's aftermath: Appraisals, mental health, and
   health-compromising behaviors following a partner's infidelity",1,2,"Univ Nevada, Reno, NV 89557 USA.",Univ Nevada, Reno, NV 89557 USA.,2
12,JOURNAL OF SOCIAL AND PERSONAL RELATIONSHIPS,2018,28,2,"Relationship satisfaction and the subjective distance of past relational
   events",2,3,"Univ Waterloo, Waterloo, ON, Canada.",Univ Waterloo, Waterloo, ON,1
13,JOURNAL OF SOCIAL AND PERSONAL RELATIONSHIPS,2018,28,2,"Relationship satisfaction and the subjective distance of past relational
   events",2,3,"Wilfrid Laurier Univ, Waterloo, ON,
   Canada.",Wilfrid Laurier Univ, Waterloo, ON,2
14,JOURNAL OF SOCIAL AND PERSONAL RELATIONSHIPS,2018,28,2,"How do parents facilitate or inhibit adolescent disclosure? The role of
   adolescents' psychological needs satisfaction",2,3,"Univ Zagreb, Zagreb, Croatia.",Univ Zagreb, Zagreb, Croatia.,2
15,JOURNAL OF SOCIAL AND PERSONAL RELATIONSHIPS,2018,28,2,"How do parents facilitate or inhibit adolescent disclosure? The role of
   adolescents' psychological needs satisfaction",2,3,"Orebro Univ, Orebro, Sweden.",Orebro Univ, Orebro, Sweden.,1
16,JOURNAL OF SOCIAL AND PERSONAL RELATIONSHIPS,2018,28,2,"Changes in older couples' compassionate love over a year: The roles of
   gender, health, and attachment avoidance",2,2,"Northwestern Univ, Family Inst, 618 Lib Pl, Evanston,
   IL 60201 USA.",Northwestern Univ, Family Inst, 618 Lib Pl,1
17,JOURNAL OF SOCIAL AND PERSONAL RELATIONSHIPS,2018,28,2,"Changes in older couples' compassionate love over a year: The roles of
   gender, health, and attachment avoidance",2,2,"Univ Tennessee, Knoxville, TN 37996 USA.",Univ Tennessee, Knoxville, TN 37996 USA.,1
18,JOURNAL OF SOCIAL AND PERSONAL RELATIONSHIPS,2018,28,2,"Gender differences in experiences of social support among men and women
   releasing from prison",2,4,"Washington
   Univ St Louis, St Louis, MO USA.","Washington
   Univ St Louis", St Louis, MO USA.,3
19,JOURNAL OF SOCIAL AND PERSONAL RELATIONSHIPS,2018,28,2,"Gender differences in experiences of social support among men and women
   releasing from prison",2,4,"Florida State Univ, Tallahassee, FL 32306 USA.",Florida State Univ, Tallahassee, FL 32306 USA.,1
20,JOURNAL OF SOCIAL AND PERSONAL RELATIONSHIPS,2018,28,2,"""Gay capital"" in gay student friendship networks: An intersectional
   analysis of class, masculinity, and decreased homophobia",1,1,"Univ Durham, Durham, England.",Univ Durham, Durham, England.,1
21,JOURNAL OF SOCIAL AND PERSONAL RELATIONSHIPS,2018,28,2,Swiping me off my feet: Explicating relationship initiation on Tinder,1,1,"Univ Wyoming, Laramie, WY 82071 USA.",Univ Wyoming, Laramie, WY 82071 USA.,1
22,JOURNAL OF SOCIAL AND PERSONAL RELATIONSHIPS,2018,28,2,"""I Love You, Not Your Friends"": Links between partners' early
   disapproval of friends and divorce across 16 years",7,8,"Adelphi Univ, Garden City, NY USA.",Adelphi Univ, Garden City, NY USA.,1
23,JOURNAL OF SOCIAL AND PERSONAL RELATIONSHIPS,2018,28,2,"""I Love You, Not Your Friends"": Links between partners' early
   disapproval of friends and divorce across 16 years",7,8,"Univ Tennessee, Knoxville, TN USA.",Univ Tennessee, Knoxville, TN USA.,1
24,JOURNAL OF SOCIAL AND PERSONAL RELATIONSHIPS,2018,28,2,"""I Love You, Not Your Friends"": Links between partners' early
   disapproval of friends and divorce across 16 years",7,8,"Univ Michigan, Ann Arbor, MI 48109
   USA.",Univ Michigan, Ann Arbor," MI 48109
   USA.",2
25,JOURNAL OF SOCIAL AND PERSONAL RELATIONSHIPS,2018,28,2,"""I Love You, Not Your Friends"": Links between partners' early
   disapproval of friends and divorce across 16 years",7,8,"Purdue Univ, W Lafayette, IN 47907 USA.",Purdue Univ, W Lafayette, IN 47907 USA.,1
26,JOURNAL OF SOCIAL AND PERSONAL RELATIONSHIPS,2018,28,2,"""I Love You, Not Your Friends"": Links between partners' early
   disapproval of friends and divorce across 16 years",7,8,"Arizona State Univ, Tempe, AZ 85287 USA.",Arizona State Univ, Tempe, AZ 85287 USA.,1
27,JOURNAL OF SOCIAL AND PERSONAL RELATIONSHIPS,2018,28,2,"""I Love You, Not Your Friends"": Links between partners' early
   disapproval of friends and divorce across 16 years",7,8,"Univ Connecticut, Storrs, CT USA.",Univ Connecticut, Storrs, CT USA.,1
28,JOURNAL OF SOCIAL AND PERSONAL RELATIONSHIPS,2018,28,2,"""I Love You, Not Your Friends"": Links between partners' early
   disapproval of friends and divorce across 16 years",7,8,"Oakland Univ, Rochester, MI 48063 USA.",Oakland Univ, Rochester, MI 48063 USA.,1
29,JOURNAL OF SOCIAL AND PERSONAL RELATIONSHIPS,2018,28,2,"Relationship partners of transgender individuals: A qualitative
   exploration",2,2,"West Virginia Univ, Morgantown, WV USA.",West Virginia Univ, Morgantown, WV USA.,1
30,JOURNAL OF SOCIAL AND PERSONAL RELATIONSHIPS,2018,28,2,"Relationship partners of transgender individuals: A qualitative
   exploration",2,2,"New Mexico State Univ, Las Cruces, NM 88003 USA.",New Mexico State Univ, Las Cruces, NM 88003 USA.,1
31,JOURNAL OF SOCIAL AND PERSONAL RELATIONSHIPS,2018,28,2,"When equity matters for marital stability: Comparing German and US
   couples",2,3,"Univ Pompeu Fabra, Barcelona,
   Spain.",Univ Pompeu Fabra, Barcelona,"
   Spain.",2
32,JOURNAL OF SOCIAL AND PERSONAL RELATIONSHIPS,2018,28,2,"When equity matters for marital stability: Comparing German and US
   couples",2,3,"Penn State Univ, University Pk, PA 16802 USA.",Penn State Univ, University Pk, PA 16802 USA.,1
33,JOURNAL OF SOCIAL AND PERSONAL RELATIONSHIPS,2018,28,2,"I can see that you're happy but you're not my friend: Relationship
   closeness and affect contagion",1,1,"Univ Lodz, Lodz, Poland.",Univ Lodz, Lodz, Poland.,1
34,JOURNAL OF SOCIAL AND PERSONAL RELATIONSHIPS,2018,28,2,"Loneliness in the older adult marriage: Associations with dyadic
   aversion, indifference, and ambivalence",2,2,"Michigan State Univ, E Lansing, MI 48824 USA.",Michigan State Univ, E Lansing, MI 48824 USA.,1
35,JOURNAL OF SOCIAL AND PERSONAL RELATIONSHIPS,2018,28,2,"Loneliness in the older adult marriage: Associations with dyadic
   aversion, indifference, and ambivalence",2,2,"Univ Chicago, NORC, Chicago, IL 60637 USA.",Univ Chicago, NORC, Chicago,1
36,JOURNAL OF SOCIAL AND PERSONAL RELATIONSHIPS,2018,28,2,"Feeling lonely when not socially isolated: Social isolation moderates
   the association between loneliness and daily social interaction",1,2,"Korea Univ, Dept Psychol, Seoul 02841, South
   Korea.",Korea Univ, Dept Psychol, Seoul 02841,2
37,JOURNAL OF SOCIAL AND PERSONAL RELATIONSHIPS,2018,28,2,"Responses to intimate partners' attempts to change health behavior: The
   role of readiness",2,4,"Santa Clara
   Univ, Santa Clara, CA 95053 USA.","Santa Clara
   Univ", Santa Clara, CA 95053 USA.,3
38,JOURNAL OF SOCIAL AND PERSONAL RELATIONSHIPS,2018,28,2,"Responses to intimate partners' attempts to change health behavior: The
   role of readiness",2,4,"Univ Calif San Francisco, San Francisco, CA 94143 USA.",Univ Calif San Francisco, San Francisco, CA 94143 USA.,1
39,JOURNAL OF SOCIAL AND PERSONAL RELATIONSHIPS,2018,28,2,"Cognitive processes underlying the self-other perspective in women's
   judgments of sexual victimization risk",4,4,"Univ Calif Irvine, Irvine, CA 92697 USA.",Univ Calif Irvine, Irvine, CA 92697 USA.,1
40,JOURNAL OF SOCIAL AND PERSONAL RELATIONSHIPS,2018,28,2,"Cognitive processes underlying the self-other perspective in women's
   judgments of sexual victimization risk",4,4,"Univ New Mexico, Albuquerque, NM 87131 USA.",Univ New Mexico, Albuquerque, NM 87131 USA.,1
41,JOURNAL OF SOCIAL AND PERSONAL RELATIONSHIPS,2018,28,2,"Cognitive processes underlying the self-other perspective in women's
   judgments of sexual victimization risk",4,4,"Univ Iowa, Iowa City, IA 52242 USA.",Univ Iowa, Iowa City, IA 52242 USA.,1
42,JOURNAL OF SOCIAL AND PERSONAL RELATIONSHIPS,2018,28,2,"Cognitive processes underlying the self-other perspective in women's
   judgments of sexual victimization risk",4,4,"Indiana Univ, Bloomington, IN 47405 USA.",Indiana Univ, Bloomington, IN 47405 USA.,1
43,JOURNAL OF SOCIAL AND PERSONAL RELATIONSHIPS,2018,28,2,"Social connectedness and depression: Is there added value in
   volunteering?",2,3,"Univ Limerick, Limerick, Ireland.",Univ Limerick, Limerick, Ireland.,1
44,JOURNAL OF SOCIAL AND PERSONAL RELATIONSHIPS,2018,28,2,"Social connectedness and depression: Is there added value in
   volunteering?",2,3,"Univ Limerick, Mary Immaculate Coll,
   Limerick, Ireland.",Univ Limerick, Mary Immaculate Coll,"
   Limerick",2
45,JOURNAL OF SOCIAL AND PERSONAL RELATIONSHIPS,2018,28,2,"Trajectories of perceived support from family, friends, and lovers in
   the transition to adulthood",1,5,"Univ Alberta, Edmonton, AB, Canada.",Univ Alberta, Edmonton, AB,5
