,Journal,Year,Journal_Rank,Q_Position,Title,Total_Units,Total_Authors,Unit_Address,Unit_Name_1,Unit_Name_2,Unit_Name_3,Author_Number
0,JOURNAL OF HEALTH COMMUNICATION,2018,30,2,"Young Black Men's Information Seeking following Celebrity Depression
   Disclosure: Implications for Mental Health Communication",1,1,"Univ Kentucky, Dept Commun, 274 Blazer Hall,
   Lexington, KY 40506 USA.",Univ Kentucky, Dept Commun, 274 Blazer Hall,1
1,JOURNAL OF HEALTH COMMUNICATION,2018,30,2,"Application of a Health Literacy Framework to Explore Patients'
   Knowledge of the Link between HPV and Cancer",6,10,"Univ S Florida, Coll Publ Hlth, Dept Community &amp;
   Family Hlth, 13201 Bruce B Downs Blvd, Tampa, FL 33620 USA.",Univ S Florida, Coll Publ Hlth," Dept Community &amp;
   Family Hlth",5
2,JOURNAL OF HEALTH COMMUNICATION,2018,30,2,"Application of a Health Literacy Framework to Explore Patients'
   Knowledge of the Link between HPV and Cancer",6,10,"Univ North Texas, Hlth Sci Ctr, Sch Publ Hlth, Dept
   Hlth Behav &amp; Hlth Syst, Ft Worth, TX USA.",Univ North Texas, Hlth Sci Ctr, Sch Publ Hlth,1
3,JOURNAL OF HEALTH COMMUNICATION,2018,30,2,"Application of a Health Literacy Framework to Explore Patients'
   Knowledge of the Link between HPV and Cancer",6,10,"Univ S Florida, Dept Anthropol, Coll Arts &amp; Sci,
   Tampa, FL 33620 USA.",Univ S Florida, Dept Anthropol, Coll Arts &amp; Sci,1
4,JOURNAL OF HEALTH COMMUNICATION,2018,30,2,"Application of a Health Literacy Framework to Explore Patients'
   Knowledge of the Link between HPV and Cancer",6,10,"H Lee Moffitt Canc Ctr &amp; Res Inst, Dept Support
   Care Med, Behav Med Serv, Tampa, FL USA.",H Lee Moffitt Canc Ctr &amp; Res Inst," Dept Support
   Care Med", Behav Med Serv,1
5,JOURNAL OF HEALTH COMMUNICATION,2018,30,2,"Application of a Health Literacy Framework to Explore Patients'
   Knowledge of the Link between HPV and Cancer",6,10,"H Lee Moffitt Canc Ctr &amp; Res Inst, Dept Hlth
   Outcomes &amp; Behav, Populat Sci Div, Tampa, FL USA.",H Lee Moffitt Canc Ctr &amp; Res Inst," Dept Hlth
   Outcomes &amp; Behav", Populat Sci Div,1
6,JOURNAL OF HEALTH COMMUNICATION,2018,30,2,"Application of a Health Literacy Framework to Explore Patients'
   Knowledge of the Link between HPV and Cancer",6,10,"Univ S Florida, Coll Publ Hlth, Dept Community &amp;
   Family Hlth, Off Res &amp; Practice, Tampa, FL USA.",Univ S Florida, Coll Publ Hlth," Dept Community &amp;
   Family Hlth",1
7,JOURNAL OF HEALTH COMMUNICATION,2018,30,2,"Anti-Sugar-Sweetened Beverage Messages Elicit Reactance: Effects on
   Attitudes and Policy Preferences",2,3,"Penn State Univ, Dept Commun Arts
   &amp; Sci, University Pk, PA 16802 USA.",Penn State Univ," Dept Commun Arts
   &amp; Sci", University Pk,2
8,JOURNAL OF HEALTH COMMUNICATION,2018,30,2,"Anti-Sugar-Sweetened Beverage Messages Elicit Reactance: Effects on
   Attitudes and Policy Preferences",2,3,"Penn State Univ, Coll Commun, University Pk, PA 16802
   USA.",Penn State Univ, Coll Commun, University Pk,1
9,JOURNAL OF HEALTH COMMUNICATION,2018,30,2,"Adoption of E-Government Applications for Public Health Risk
   Communication: Government Trust and Social Media Competence as Primary
   Drivers",2,2,"Louisiana State Univ, Manship Sch Mass Commun, 211
   Journalism Bldg, Baton Rouge, LA 70803 USA.",Louisiana State Univ, Manship Sch Mass Commun," 211
   Journalism Bldg",1
10,JOURNAL OF HEALTH COMMUNICATION,2018,30,2,"Adoption of E-Government Applications for Public Health Risk
   Communication: Government Trust and Social Media Competence as Primary
   Drivers",2,2,"KDI Sch Publ Policy &amp; Management, Sejong, South
   Korea.",KDI Sch Publ Policy &amp; Management, Sejong," South
   Korea.",1
11,JOURNAL OF HEALTH COMMUNICATION,2018,30,2,Health Literacy and Use and Trust in Health Information,4,9,"SUNY
   Buffalo, Dept Community Hlth &amp; Hlth Behav, 3435 Main St Buffalo,
   Buffalo, NY 14214 USA.","SUNY
   Buffalo", Dept Community Hlth &amp; Hlth Behav, 3435 Main St Buffalo,4
12,JOURNAL OF HEALTH COMMUNICATION,2018,30,2,Health Literacy and Use and Trust in Health Information,4,9,"Mem Sloan Kettering
   Canc Ctr, Dept Psychiat &amp; Behav Sci, 1275 York Ave, New York, NY 10021
   USA.","Mem Sloan Kettering
   Canc Ctr", Dept Psychiat &amp; Behav Sci, 1275 York Ave,3
13,JOURNAL OF HEALTH COMMUNICATION,2018,30,2,Health Literacy and Use and Trust in Health Information,4,9,"Washington Univ, Sch Med, Dept Surg, Div Publ Hlth
   Sci, St Louis, MO 63110 USA.",Washington Univ, Sch Med, Dept Surg,1
14,JOURNAL OF HEALTH COMMUNICATION,2018,30,2,Health Literacy and Use and Trust in Health Information,4,9,"Univ Utah, Dept Commun, Salt Lake City, UT USA.",Univ Utah, Dept Commun, Salt Lake City,1
15,JOURNAL OF HEALTH COMMUNICATION,2018,30,2,"Message and Delivery Preferences for Online Tobacco Education among
   Adolescents and Young Adults",6,9,"Univ N Carolina, Sch Media &amp;
   Journalism, 384 Carroll Hall CB 3365, Chapel Hill, NC 27599 USA.",Univ N Carolina," Sch Media &amp;
   Journalism", 384 Carroll Hall CB 3365,2
16,JOURNAL OF HEALTH COMMUNICATION,2018,30,2,"Message and Delivery Preferences for Online Tobacco Education among
   Adolescents and Young Adults",6,9,"Univ N Carolina, Lineberger
   Comprehens Canc Ctr, Chapel Hill, NC 27515 USA.",Univ N Carolina," Lineberger
   Comprehens Canc Ctr", Chapel Hill,2
17,JOURNAL OF HEALTH COMMUNICATION,2018,30,2,"Message and Delivery Preferences for Online Tobacco Education among
   Adolescents and Young Adults",6,9,"Univ N Carolina, Sch Nursing, Chapel Hill, NC 27515
   USA.",Univ N Carolina, Sch Nursing, Chapel Hill,1
18,JOURNAL OF HEALTH COMMUNICATION,2018,30,2,"Message and Delivery Preferences for Online Tobacco Education among
   Adolescents and Young Adults",6,9,"Univ N Carolina, Gillings Sch Global Publ Hlth,
   Chapel Hill, NC 27515 USA.",Univ N Carolina, Gillings Sch Global Publ Hlth,"
   Chapel Hill",1
19,JOURNAL OF HEALTH COMMUNICATION,2018,30,2,"Message and Delivery Preferences for Online Tobacco Education among
   Adolescents and Young Adults",6,9,"RTI Int Res Triangle Pk, Ctr Hlth Policy &amp; Tobacco
   Res, Durham, NC USA.",RTI Int Res Triangle Pk," Ctr Hlth Policy &amp; Tobacco
   Res", Durham,1
20,JOURNAL OF HEALTH COMMUNICATION,2018,30,2,"Message and Delivery Preferences for Online Tobacco Education among
   Adolescents and Young Adults",6,9,"Wake Forest Sch Med, Dept
   Social Sci &amp; Hlth Policy, Winston Salem, NC USA.",Wake Forest Sch Med," Dept
   Social Sci &amp; Hlth Policy", Winston Salem,2
21,JOURNAL OF HEALTH COMMUNICATION,2018,30,2,"Applying the Health Belief Model to Medication Adherence: The Role of
   Online Health Communities and Peer Reviews",1,1,"Univ Colorado, Advertising Publ Relat &amp; Media Design,
   Boulder, CO 80309 USA.",Univ Colorado, Advertising Publ Relat &amp; Media Design,"
   Boulder",1
22,JOURNAL OF HEALTH COMMUNICATION,2018,30,2,"Combining Two Outcome Frames to Promote Support for Obesity-Related
   Policies",2,2,"Nanyang Technol Univ, Wee Kim Wee Sch Commun &amp;
   Informat, Singapore, Singapore.",Nanyang Technol Univ," Wee Kim Wee Sch Commun &amp;
   Informat", Singapore,1
23,JOURNAL OF HEALTH COMMUNICATION,2018,30,2,"Combining Two Outcome Frames to Promote Support for Obesity-Related
   Policies",2,2,"Univ Utah, Dept Commun, Salt Lake City, UT USA.",Univ Utah, Dept Commun, Salt Lake City,1
24,JOURNAL OF HEALTH COMMUNICATION,2018,30,2,"Understanding your body matters: Effects of an entertainment-education
   serial radio drama on fertility awareness in Rwanda",1,Manually,No Address,No UNAME_1,No UNAME_2,No UNAME_3,Manually
25,JOURNAL OF HEALTH COMMUNICATION,2018,30,2,"Development of a Participatory Health Communication Intervention: An
   Ecological Approach to Reducing Rural Information Inequality and Health
   Disparities",2,4,"Univ Calif
   Merced, Merced Cty Dept Publ Hlth, Merced, CA USA.","Univ Calif
   Merced", Merced Cty Dept Publ Hlth, Merced,3
26,JOURNAL OF HEALTH COMMUNICATION,2018,30,2,"Development of a Participatory Health Communication Intervention: An
   Ecological Approach to Reducing Rural Information Inequality and Health
   Disparities",2,4,"Univ Southern Calif, Los Angeles, CA 90089
   USA.",Univ Southern Calif, Los Angeles," CA 90089
   USA.",1
27,JOURNAL OF HEALTH COMMUNICATION,2018,30,2,"Calories in Context: Conceptual Metaphors and Consumers' Perception and
   Use of Calorie Information",2,2,"Georgia Southern Univ, Dept Commun Arts, POB 8091,
   Statesboro, GA 30460 USA.",Georgia Southern Univ, Dept Commun Arts, POB 8091,1
28,JOURNAL OF HEALTH COMMUNICATION,2018,30,2,"Calories in Context: Conceptual Metaphors and Consumers' Perception and
   Use of Calorie Information",2,2,"Univ Florida, Coll Journalism &amp; Commun,
   Gainesville, FL USA.",Univ Florida, Coll Journalism &amp; Commun,"
   Gainesville",1
29,JOURNAL OF HEALTH COMMUNICATION,2018,30,2,"Rumor Acceptance during Public Health Crises: Testing the Emotional
   Congruence Hypothesis",1,3,"Ohio State Univ,
   Sch Commun, Derby Hall 3016,154 North Oval Mall, Columbus, OH 43210 USA.",Ohio State Univ,"
   Sch Commun", Derby Hall 3016,3
30,JOURNAL OF HEALTH COMMUNICATION,2018,30,2,"Effects of Gain- and Loss-Framed Quit Messages on Smokers: Test of the
   Ability to Process the Health Message as a Moderator",1,6,"Univ Munich LMU, Dept Commun Sci &amp;
   Media Res, Oettingenstr 67, D-80538 Munich, Germany.",Univ Munich LMU," Dept Commun Sci &amp;
   Media Res", Oettingenstr 67,6
31,JOURNAL OF HEALTH COMMUNICATION,2018,30,2,"Communication Predictors of Patient and Companion Satisfaction with
   Alzheimer's Genetic Risk Disclosure",10,12,"Emory Univ, Behav Sci &amp; Hlth Educ, Rollins Sch Publ Hlth,
   1518 Clifton Rd NE,GCR 534, Atlanta, GA 30322 USA.",Emory Univ, Behav Sci &amp; Hlth Educ, Rollins Sch Publ Hlth,1
32,JOURNAL OF HEALTH COMMUNICATION,2018,30,2,"Communication Predictors of Patient and Companion Satisfaction with
   Alzheimer's Genetic Risk Disclosure",10,12,"Johns Hopkins Bloomberg Sch Publ Hlth, Dept Hlth Behav
   &amp; Soc, Baltimore, MD USA.",Johns Hopkins Bloomberg Sch Publ Hlth," Dept Hlth Behav
   &amp; Soc", Baltimore,1
33,JOURNAL OF HEALTH COMMUNICATION,2018,30,2,"Communication Predictors of Patient and Companion Satisfaction with
   Alzheimer's Genetic Risk Disclosure",10,12,"NHGRI, Social &amp; Behav Res Branch, NIH, Bethesda, MD
   20892 USA.",NHGRI, Social &amp; Behav Res Branch, NIH,1
34,JOURNAL OF HEALTH COMMUNICATION,2018,30,2,"Communication Predictors of Patient and Companion Satisfaction with
   Alzheimer's Genetic Risk Disclosure",10,12,"Johns Hopkins Bloomberg Sch Publ Hlth, Dept Hlth
   Policy &amp; Management, Baltimore, MD USA.",Johns Hopkins Bloomberg Sch Publ Hlth," Dept Hlth
   Policy &amp; Management", Baltimore,1
35,JOURNAL OF HEALTH COMMUNICATION,2018,30,2,"Communication Predictors of Patient and Companion Satisfaction with
   Alzheimer's Genetic Risk Disclosure",10,12,"Johns Hopkins Univ, Sch Nursing, Dept Community Publ
   Hlth, Ctr Innovat Care Aging, Baltimore, MD USA.",Johns Hopkins Univ, Sch Nursing," Dept Community Publ
   Hlth",1
36,JOURNAL OF HEALTH COMMUNICATION,2018,30,2,"Communication Predictors of Patient and Companion Satisfaction with
   Alzheimer's Genetic Risk Disclosure",10,12,"Univ Michigan, Sch Publ Hlth, Dept Hlth Behav &amp; Hlth
   Educ, Ann Arbor, MI 48109 USA.",Univ Michigan, Sch Publ Hlth," Dept Hlth Behav &amp; Hlth
   Educ",1
37,JOURNAL OF HEALTH COMMUNICATION,2018,30,2,"Communication Predictors of Patient and Companion Satisfaction with
   Alzheimer's Genetic Risk Disclosure",10,12,"Brigham &amp; Womens Hosp, Dept
   Med, Div Genet, 75 Francis St, Boston, MA 02115 USA.",Brigham &amp; Womens Hosp," Dept
   Med", Div Genet,2
38,JOURNAL OF HEALTH COMMUNICATION,2018,30,2,"Communication Predictors of Patient and Companion Satisfaction with
   Alzheimer's Genetic Risk Disclosure",10,12,"Harvard Med Sch, Dept Med,
   Boston, MA USA.",Harvard Med Sch, Dept Med,"
   Boston",2
39,JOURNAL OF HEALTH COMMUNICATION,2018,30,2,"Communication Predictors of Patient and Companion Satisfaction with
   Alzheimer's Genetic Risk Disclosure",10,12,"Broad Inst MIT &amp; Harvard, Cambridge, MA 02142 USA.",Broad Inst MIT &amp; Harvard, Cambridge, MA 02142 USA.,1
40,JOURNAL OF HEALTH COMMUNICATION,2018,30,2,"Communication Predictors of Patient and Companion Satisfaction with
   Alzheimer's Genetic Risk Disclosure",10,12,"Partners Personalized Med, Boston, MA USA.",Partners Personalized Med, Boston, MA USA.,1
41,JOURNAL OF HEALTH COMMUNICATION,2018,30,2,"A Mixed Method Study Investigating the Impact of Talking about Patients'
   Internet Use on Patient-Reported Outcomes",1,2,"Univ Amsterdam, Amsterdam Sch Commun
   Res, Amsterdam, Netherlands.",Univ Amsterdam," Amsterdam Sch Commun
   Res", Amsterdam,2
42,JOURNAL OF HEALTH COMMUNICATION,2018,30,2,"Impacts of Message Framing and Social Distance in Health Campaign for
   Promoting Regular Physical Exercise",2,3,"Univ Florida, Coll Journalism &amp; Commun, Dept
   Publ Relat, Gainesville, FL USA.",Univ Florida, Coll Journalism &amp; Commun," Dept
   Publ Relat",2
43,JOURNAL OF HEALTH COMMUNICATION,2018,30,2,"Impacts of Message Framing and Social Distance in Health Campaign for
   Promoting Regular Physical Exercise",2,3,"Texas Tech Univ, Coll Media &amp; Commun, Lubbock, TX 79409
   USA.",Texas Tech Univ, Coll Media &amp; Commun, Lubbock,1
44,JOURNAL OF HEALTH COMMUNICATION,2018,30,2,"Towards Health Equity: Deaf Adults' Engagement in Social e-Health
   Activities and e-Communication with Health Care Providers",2,2,"Univ Texas Austin, Dept Educ Psychol, Austin, TX 78712
   USA.",Univ Texas Austin, Dept Educ Psychol, Austin,1
45,JOURNAL OF HEALTH COMMUNICATION,2018,30,2,"Towards Health Equity: Deaf Adults' Engagement in Social e-Health
   Activities and e-Communication with Health Care Providers",2,2,"Gallaudet Univ, Dept Psychol, Washington, DC 20002
   USA.",Gallaudet Univ, Dept Psychol, Washington,1
46,JOURNAL OF HEALTH COMMUNICATION,2018,30,2,"CervixCheck: A Spiritually-Based Text Messaging Intervention to Promote
   Cervical Cancer Awareness and Pap Test Screening Intention among
   African-American Women",1,2,"Univ Maryland, Sch Publ Hlth, Dept Behav &amp;
   Community Hlth, 1101H Sch Publ Hlth Bldg 255, College Pk, MD 20742 USA.",Univ Maryland, Sch Publ Hlth," Dept Behav &amp;
   Community Hlth",2
47,JOURNAL OF HEALTH COMMUNICATION,2018,30,2,"Framing Federal School Nutrition Policy: The Healthy, Hunger-Free Kids
   Act in the Nation's News",1,5,"Portland State Univ, Oregon Hlth &amp; Sci Univ, Sch Publ
   Hlth, 506 SW Mill St,Ste 450, Portland, OR 97201 USA.",Portland State Univ, Oregon Hlth &amp; Sci Univ," Sch Publ
   Hlth",5
48,JOURNAL OF HEALTH COMMUNICATION,2018,30,2,"An Interrupted Time Series Evaluation of the Testing Makes Us Stronger
   HIV Campaign for Black Gay and Bisexual Men in the United States",3,6,"RTI Int, Ctr Commun Sci,
   Minneapolis, MN USA.",RTI Int, Ctr Commun Sci,"
   Minneapolis",2
49,JOURNAL OF HEALTH COMMUNICATION,2018,30,2,"An Interrupted Time Series Evaluation of the Testing Makes Us Stronger
   HIV Campaign for Black Gay and Bisexual Men in the United States",3,6,"RTI Int, Ctr Commun Sci, Minneapolis, NC USA.",RTI Int, Ctr Commun Sci, Minneapolis,1
50,JOURNAL OF HEALTH COMMUNICATION,2018,30,2,"An Interrupted Time Series Evaluation of the Testing Makes Us Stronger
   HIV Campaign for Black Gay and Bisexual Men in the United States",3,6,"Ctr Dis Control &amp;
   Prevent, Div HIV AIDS Prevent, Natl Ctr HIV AIDS Viral Hepatitis STD &amp;
   TB, Atlanta, GA USA.","Ctr Dis Control &amp;
   Prevent", Div HIV AIDS Prevent," Natl Ctr HIV AIDS Viral Hepatitis STD &amp;
   TB",3
51,JOURNAL OF HEALTH COMMUNICATION,2018,30,2,"Assessing the Impact of Conflicting Health Warning Information on
   Intentions to Use E-Cigarettes -An Application of the
   Heuristic-Systematic Model",4,5,"Univ Minnesota, Hubbard Sch
   Journalism &amp; Mass Commun, Minneapolis, MN 55455 USA.",Univ Minnesota," Hubbard Sch
   Journalism &amp; Mass Commun", Minneapolis,2
52,JOURNAL OF HEALTH COMMUNICATION,2018,30,2,"Assessing the Impact of Conflicting Health Warning Information on
   Intentions to Use E-Cigarettes -An Application of the
   Heuristic-Systematic Model",4,5,"Univ Minnesota, Masonic Canc Ctr, Minneapolis, MN USA.",Univ Minnesota, Masonic Canc Ctr, Minneapolis,1
53,JOURNAL OF HEALTH COMMUNICATION,2018,30,2,"Assessing the Impact of Conflicting Health Warning Information on
   Intentions to Use E-Cigarettes -An Application of the
   Heuristic-Systematic Model",4,5,"Univ Minnesota, Dept Psychiat, Minneapolis, MN
   55455 USA.",Univ Minnesota, Dept Psychiat, Minneapolis,1
54,JOURNAL OF HEALTH COMMUNICATION,2018,30,2,"Assessing the Impact of Conflicting Health Warning Information on
   Intentions to Use E-Cigarettes -An Application of the
   Heuristic-Systematic Model",4,5,"Univ Minnesota, Tobacco Res Programs, Minneapolis,
   MN USA.",Univ Minnesota, Tobacco Res Programs, Minneapolis,1
55,JOURNAL OF HEALTH COMMUNICATION,2018,30,2,"Randomized Trial Evaluating Targeted Photographic Health Communication
   Messages in Three Stigmatized Populations: Physically-Disabled, Senior,
   and Overweight/Obese Individuals",5,9,"Klein Buendel Inc, 1667 Cole Blvd,Suite 225, Golden,
   CO 80401 USA.",Klein Buendel Inc, 1667 Cole Blvd,Suite 225,5
56,JOURNAL OF HEALTH COMMUNICATION,2018,30,2,"Randomized Trial Evaluating Targeted Photographic Health Communication
   Messages in Three Stigmatized Populations: Physically-Disabled, Senior,
   and Overweight/Obese Individuals",5,9,"San Diego State Univ, Sch Commun, San Diego, CA
   92182 USA.",San Diego State Univ, Sch Commun, San Diego,1
57,JOURNAL OF HEALTH COMMUNICATION,2018,30,2,"Randomized Trial Evaluating Targeted Photographic Health Communication
   Messages in Three Stigmatized Populations: Physically-Disabled, Senior,
   and Overweight/Obese Individuals",5,9,"Ohio State Univ, Sch Commun, Columbus, OH 43210 USA.",Ohio State Univ, Sch Commun, Columbus,1
58,JOURNAL OF HEALTH COMMUNICATION,2018,30,2,"Randomized Trial Evaluating Targeted Photographic Health Communication
   Messages in Three Stigmatized Populations: Physically-Disabled, Senior,
   and Overweight/Obese Individuals",5,9,"Colorado State Univ, Dept Psychol, Ft Collins, CO
   80523 USA.",Colorado State Univ, Dept Psychol, Ft Collins,1
59,JOURNAL OF HEALTH COMMUNICATION,2018,30,2,"Randomized Trial Evaluating Targeted Photographic Health Communication
   Messages in Three Stigmatized Populations: Physically-Disabled, Senior,
   and Overweight/Obese Individuals",5,9,"Telligen, Greenwood Village, SC USA.",Telligen, Greenwood Village, SC USA.,1
60,JOURNAL OF HEALTH COMMUNICATION,2018,30,2,"An Experimental Examination of the Effectiveness of Framing Strategies
   to Reduce Mental Health Stigma",1,2,"Katholieke Univ Leuven, Inst Media
   Studies, Pk Str 45,Box 3603, B-3000 Leuven, Belgium.",Katholieke Univ Leuven," Inst Media
   Studies", Pk Str 45,2
61,JOURNAL OF HEALTH COMMUNICATION,2018,30,2,"Extending Efforts to Move Cigarette and e-Cigarette Beliefs: Message
   Exposure and Belief Structures",1,1,"Calif State Univ Northridge, Dept Commun Studies,
   Northridge, CA 91330 USA.",Calif State Univ Northridge, Dept Commun Studies,"
   Northridge",1
62,JOURNAL OF HEALTH COMMUNICATION,2018,30,2,"Factors beyond Lack of Knowledge That Predict ""I Don't Know"" Responses
   to Surveys That Assess HPV Knowledge",2,3,"NCI, Basic Biobehav &amp; Psychol Sci
   Branch, Behav Res Program, Rockville, MD 20850 USA.",NCI," Basic Biobehav &amp; Psychol Sci
   Branch", Behav Res Program,2
63,JOURNAL OF HEALTH COMMUNICATION,2018,30,2,"Factors beyond Lack of Knowledge That Predict ""I Don't Know"" Responses
   to Surveys That Assess HPV Knowledge",2,3,"NCI, Off Associate Director, Behav Res Program,
   Rockville, MD USA.",NCI, Off Associate Director, Behav Res Program,1
64,JOURNAL OF HEALTH COMMUNICATION,2018,30,2,"Exploring Communication Strategies for Promoting Hepatitis B Prevention
   among Young Asian American Adults",3,5,"Calif
   Polytech State Univ San Luis Obispo, Dept Kinesiol &amp; Publ Hlth, 1 Grand
   Ave, San Luis Obispo, CA 93407 USA.","Calif
   Polytech State Univ San Luis Obispo", Dept Kinesiol &amp; Publ Hlth," 1 Grand
   Ave",3
65,JOURNAL OF HEALTH COMMUNICATION,2018,30,2,"Exploring Communication Strategies for Promoting Hepatitis B Prevention
   among Young Asian American Adults",3,5,"Hepatitis B Fdn, Doylestown, PA USA.",Hepatitis B Fdn, Doylestown, PA USA.,1
66,JOURNAL OF HEALTH COMMUNICATION,2018,30,2,"Exploring Communication Strategies for Promoting Hepatitis B Prevention
   among Young Asian American Adults",3,5,"Univ Penn, Student Hlth Serv, Philadelphia, PA 19104
   USA.",Univ Penn, Student Hlth Serv, Philadelphia,1
67,JOURNAL OF HEALTH COMMUNICATION,2018,30,2,"Sex Differences in the Association of Perceived Ambiguity, Cancer
   Fatalism, and Health-Related Self-Efficacy with Fruit and Vegetable
   Consumption",1,2,"NCI, Behav Res Program, Div Canc
   Control &amp; Populat Sci, 9609 Med Ctr Dr,Room 3E218, Bethesda, MD 20892
   USA.",NCI, Behav Res Program," Div Canc
   Control &amp; Populat Sci",2
68,JOURNAL OF HEALTH COMMUNICATION,2018,30,2,"Scientific Quality of Health-Related Articles in Specialty Cannabis and
   General Newspapers in San Francisco",1,4,"Univ Calif San Francisco, Sch Med, Ctr Tobacco Control Res &amp;
   Educ, San Francisco, CA 94143 USA.",Univ Calif San Francisco, Sch Med," Ctr Tobacco Control Res &amp;
   Educ",4
69,JOURNAL OF HEALTH COMMUNICATION,2018,30,2,"The Invisible Danger of Transferring Toxins with Bunker Gear: A
   Theory-Based Intervention to Increase Postfire Decontamination to Reduce
   Cancer Risk in Firefighters",7,10,"Univ Miami, Dept Commun Studies,
   Coral Gables, FL 33124 USA.",Univ Miami, Dept Commun Studies,"
   Coral Gables",2
70,JOURNAL OF HEALTH COMMUNICATION,2018,30,2,"The Invisible Danger of Transferring Toxins with Bunker Gear: A
   Theory-Based Intervention to Increase Postfire Decontamination to Reduce
   Cancer Risk in Firefighters",7,10,"Univ Alabama Birmingham, Dept Commun Studies, Birmingham, AL
   USA.",Univ Alabama Birmingham, Dept Commun Studies, Birmingham,1
71,JOURNAL OF HEALTH COMMUNICATION,2018,30,2,"The Invisible Danger of Transferring Toxins with Bunker Gear: A
   Theory-Based Intervention to Increase Postfire Decontamination to Reduce
   Cancer Risk in Firefighters",7,10,"Florida State Univ, Sch Commun, Tallahassee,
   FL 32306 USA.",Florida State Univ, Sch Commun, Tallahassee,1
72,JOURNAL OF HEALTH COMMUNICATION,2018,30,2,"The Invisible Danger of Transferring Toxins with Bunker Gear: A
   Theory-Based Intervention to Increase Postfire Decontamination to Reduce
   Cancer Risk in Firefighters",7,10,"Univ Miami, Dept Cinema &amp; Interact Media, Coral Gables,
   FL 33124 USA.",Univ Miami, Dept Cinema &amp; Interact Media, Coral Gables,1
73,JOURNAL OF HEALTH COMMUNICATION,2018,30,2,"The Invisible Danger of Transferring Toxins with Bunker Gear: A
   Theory-Based Intervention to Increase Postfire Decontamination to Reduce
   Cancer Risk in Firefighters",7,10,"Palm Beach Cty Fire
   Rescue, Palm Beach County, FL USA.","Palm Beach Cty Fire
   Rescue", Palm Beach County, FL USA.,3
74,JOURNAL OF HEALTH COMMUNICATION,2018,30,2,"The Invisible Danger of Transferring Toxins with Bunker Gear: A
   Theory-Based Intervention to Increase Postfire Decontamination to Reduce
   Cancer Risk in Firefighters",7,10,"Florida Firefighters Safety &amp; Hlth &amp; Safety Colla,
   Lake Worth, FL USA.",Florida Firefighters Safety &amp; Hlth &amp; Safety Colla,"
   Lake Worth", FL USA.,1
75,JOURNAL OF HEALTH COMMUNICATION,2018,30,2,"The Invisible Danger of Transferring Toxins with Bunker Gear: A
   Theory-Based Intervention to Increase Postfire Decontamination to Reduce
   Cancer Risk in Firefighters",7,10,"Univ Miami, Miller Sch Med, Sylvester Comprehens Canc
   Ctr, Miami, FL 33136 USA.",Univ Miami, Miller Sch Med," Sylvester Comprehens Canc
   Ctr",1
76,JOURNAL OF HEALTH COMMUNICATION,2018,30,2,"Different Culture or Different Mind? Perception and Acceptance of HPV
   Vaccine in China and in the U.S",3,5,"SUNY Buffalo, Dept Commun,
   359 Baldy Hall, Buffalo, NY 14260 USA.",SUNY Buffalo, Dept Commun,"
   359 Baldy Hall",3
77,JOURNAL OF HEALTH COMMUNICATION,2018,30,2,"Different Culture or Different Mind? Perception and Acceptance of HPV
   Vaccine in China and in the U.S",3,5,"Fudan Univ, Sch Journalism, Shanghai, Peoples R China.",Fudan Univ, Sch Journalism, Shanghai,1
78,JOURNAL OF HEALTH COMMUNICATION,2018,30,2,"Different Culture or Different Mind? Perception and Acceptance of HPV
   Vaccine in China and in the U.S",3,5,"Beijing Normal Univ, Sch Marxism, Beijing, Peoples R China.",Beijing Normal Univ, Sch Marxism, Beijing,1
79,JOURNAL OF HEALTH COMMUNICATION,2018,30,2,"Cultural Adaptation of the Be under Your Own Influence Media Campaign
   for Middle-School American Indian Youth",3,4,"Colorado State Univ, Tri Ethn Ctr
   Prevent Res, Dept Psychol, Ft Collins, CO 80523 USA.",Colorado State Univ," Tri Ethn Ctr
   Prevent Res", Dept Psychol,2
80,JOURNAL OF HEALTH COMMUNICATION,2018,30,2,"Cultural Adaptation of the Be under Your Own Influence Media Campaign
   for Middle-School American Indian Youth",3,4,"Colorado State Univ, Dept Mkt, Ft Collins, CO 80523
   USA.",Colorado State Univ, Dept Mkt, Ft Collins,1
81,JOURNAL OF HEALTH COMMUNICATION,2018,30,2,"Cultural Adaptation of the Be under Your Own Influence Media Campaign
   for Middle-School American Indian Youth",3,4,"Aurora Mental Hlth Ctr, Aurora Res Inst, Aurora, CO
   USA.",Aurora Mental Hlth Ctr, Aurora Res Inst, Aurora,1
82,JOURNAL OF HEALTH COMMUNICATION,2018,30,2,"To Retweet or Not to Retweet: Understanding What Features of
   Cardiovascular Tweets Influence Their Retransmission",3,6,"Texas Christian Univ, Bob Schieffer Coll Commun, Ft
   Worth, TX USA.",Texas Christian Univ, Bob Schieffer Coll Commun," Ft
   Worth",1
83,JOURNAL OF HEALTH COMMUNICATION,2018,30,2,"To Retweet or Not to Retweet: Understanding What Features of
   Cardiovascular Tweets Influence Their Retransmission",3,6,"Univ Penn, Perelman Sch Med, Philadelphia, PA 19104 USA.",Univ Penn, Perelman Sch Med, Philadelphia,4
84,JOURNAL OF HEALTH COMMUNICATION,2018,30,2,"To Retweet or Not to Retweet: Understanding What Features of
   Cardiovascular Tweets Influence Their Retransmission",3,6,"Univ Penn, Sch Engn &amp; Appl Sci, Philadelphia, PA 19104 USA.",Univ Penn, Sch Engn &amp; Appl Sci, Philadelphia,1
85,JOURNAL OF HEALTH COMMUNICATION,2018,30,2,"Extracurricular School-Based Social Change Communication Program
   Associated with Reduced HIV Infection Among Young Women in South Africa",2,4,"Genesis Analyt, ZA-2196
   Johannesburg, South Africa.",Genesis Analyt," ZA-2196
   Johannesburg", South Africa.,3
86,JOURNAL OF HEALTH COMMUNICATION,2018,30,2,"Extracurricular School-Based Social Change Communication Program
   Associated with Reduced HIV Infection Among Young Women in South Africa",2,4,"Soul City Inst Social Justice, Res, Johannesburg,
   South Africa.",Soul City Inst Social Justice, Res, Johannesburg,1
87,JOURNAL OF HEALTH COMMUNICATION,2018,30,2,"Using Media Literacy Education for Adolescent Sexual Health Promotion in
   Middle School: Randomized Control Trial of Media Aware",2,4,"Innovat Res &amp; Training, 5316 Highgate Dr,Suite 121, Durham, NC 27713 USA.",Innovat Res &amp; Training, 5316 Highgate Dr,Suite 121,3
88,JOURNAL OF HEALTH COMMUNICATION,2018,30,2,"Using Media Literacy Education for Adolescent Sexual Health Promotion in
   Middle School: Randomized Control Trial of Media Aware",2,4,"RTI Int, Res Triangle Pk, NC USA.",RTI Int, Res Triangle Pk, NC USA.,1
89,JOURNAL OF HEALTH COMMUNICATION,2018,30,2,"Older Adult Preferences of Mobile Application Functionality Supporting
   Medication Self-Management",4,9,"Northwestern Univ,
   Feinberg Sch Med, Div Gen Internal Med, 750 N Lake Shore Dr,10th Floor,
   Chicago, IL 60611 USA.",Northwestern Univ,"
   Feinberg Sch Med", Div Gen Internal Med,6
90,JOURNAL OF HEALTH COMMUNICATION,2018,30,2,"Older Adult Preferences of Mobile Application Functionality Supporting
   Medication Self-Management",4,9,"Univ Leeds, Leeds Inst Hlth Sci, Leeds, W Yorkshire,
   England.",Univ Leeds, Leeds Inst Hlth Sci, Leeds,1
91,JOURNAL OF HEALTH COMMUNICATION,2018,30,2,"Older Adult Preferences of Mobile Application Functionality Supporting
   Medication Self-Management",4,9,"UNC Eshelman Sch Pharm, Div Pharmaceut Outcomes &amp;
   Policy, Chapel Hill, NC USA.",UNC Eshelman Sch Pharm," Div Pharmaceut Outcomes &amp;
   Policy", Chapel Hill,1
92,JOURNAL OF HEALTH COMMUNICATION,2018,30,2,"Older Adult Preferences of Mobile Application Functionality Supporting
   Medication Self-Management",4,9,"United HealthCare Serv Inc, UnitedHlth Grp Hlth
   Literacy Innovat Program, Minneapolis, MN USA.",United HealthCare Serv Inc," UnitedHlth Grp Hlth
   Literacy Innovat Program", Minneapolis,1
93,JOURNAL OF HEALTH COMMUNICATION,2018,30,2,"Vocational Community College Students' Conversations about Binge
   Drinking",2,4,"Univ Montreal, Dept Psychiat, CHU St Justine Res Ctr,
   Montreal, PQ, Canada.",Univ Montreal, Dept Psychiat, CHU St Justine Res Ctr,1
94,JOURNAL OF HEALTH COMMUNICATION,2018,30,2,"Vocational Community College Students' Conversations about Binge
   Drinking",2,4,"Univ Amsterdam,
   Amsterdam Sch Commun Res ASCoR, Amsterdam, Netherlands.",Univ Amsterdam,"
   Amsterdam Sch Commun Res ASCoR", Amsterdam,3
