,Journal,Year,Journal_Rank,Q_Position,Title,Total_Units,Total_Authors,Unit_Address,Unit_Name_1,Unit_Name_2,Unit_Name_3,Author_Number
0,MOBILE MEDIA & COMMUNICATION,2013,32,2,"Mobile media and communication: A new field, or just a new journal?",1,1,"Univ Michigan, Telecommun, Dept Commun Studies, Ann
   Arbor, MI 48104 USA.",Univ Michigan, Telecommun, Dept Commun Studies,1
1,MOBILE MEDIA & COMMUNICATION,2013,32,2,Mobile communication and intermediality,1,1,"Univ Copenhagen, Dept Media Cognit &amp; Commun, Njalsgade
   80, DK-2300 Copenhagen S, Denmark.",Univ Copenhagen, Dept Media Cognit &amp; Commun," Njalsgade
   80",1
2,MOBILE MEDIA & COMMUNICATION,2013,32,2,Mobile social media: Future challenges and opportunities,1,1,"Cornell Univ, Dept Commun, Ithaca, NY 14853 USA.",Cornell Univ, Dept Commun, Ithaca,1
3,MOBILE MEDIA & COMMUNICATION,2013,32,2,What's mobile in mobile communication?,2,2,"Univ Copenhagen, Dept Media Cognit &amp; Commun,
   Njalsgade 80, DK-2300 Copenhagen S, Denmark.",Univ Copenhagen, Dept Media Cognit &amp; Commun,"
   Njalsgade 80",1
4,MOBILE MEDIA & COMMUNICATION,2013,32,2,What's mobile in mobile communication?,2,2,"Univ Copenhagen, Ctr Commun &amp; Comp, Copenhagen,
   Denmark.",Univ Copenhagen, Ctr Commun &amp; Comp, Copenhagen,1
5,MOBILE MEDIA & COMMUNICATION,2013,32,2,"Mobile media and communication in everyday life: Milestones and
   challenges",1,1,"Univ Arts Berlin, Commun Sociol, Berlin, Germany.",Univ Arts Berlin, Commun Sociol, Berlin,1
6,MOBILE MEDIA & COMMUNICATION,2013,32,2,So what? Why study mobile media and communication?,2,2,"Simon Fraser Univ, Commun, Vancouver, BC, Canada.",Simon Fraser Univ, Commun, Vancouver,1
7,MOBILE MEDIA & COMMUNICATION,2013,32,2,So what? Why study mobile media and communication?,2,2,"Ctr Digital Media, Vancouver, BC, Canada.",Ctr Digital Media, Vancouver, BC,1
8,MOBILE MEDIA & COMMUNICATION,2013,32,2,From domestication to mediated mobilism,1,1,"Univ Arts Berlin, Mierendorffstr 28-30, D-10589
   Berlin, Germany.",Univ Arts Berlin, Mierendorffstr 28-30," D-10589
   Berlin",1
9,MOBILE MEDIA & COMMUNICATION,2013,32,2,Mobile media: Coming of age with a big splash,1,1,"Univ South Carolina, Journalism, Sch Journalism &amp; Mass
   Commun, Columbia, SC 29208 USA.",Univ South Carolina, Journalism," Sch Journalism &amp; Mass
   Commun",1
10,MOBILE MEDIA & COMMUNICATION,2013,32,2,Implications of software-based mobile media for social research,1,1,"Ryerson Univ, Sch Profess Commun, Toronto, ON, Canada.",Ryerson Univ, Sch Profess Commun, Toronto,1
11,MOBILE MEDIA & COMMUNICATION,2013,32,2,"Opportunities and problems with automated data collection via
   smartphones",3,3,"Delft Univ Technol, ICT Sect, Fac Technol Policy &amp;
   Management, Delft, Netherlands.",Delft Univ Technol, ICT Sect," Fac Technol Policy &amp;
   Management",1
12,MOBILE MEDIA & COMMUNICATION,2013,32,2,"Opportunities and problems with automated data collection via
   smartphones",3,3,"Delft Univ Technol, Jaffalaan 5, NL-2628 BX Delft,
   Netherlands.",Delft Univ Technol, Jaffalaan 5, NL-2628 BX Delft,1
13,MOBILE MEDIA & COMMUNICATION,2013,32,2,"Opportunities and problems with automated data collection via
   smartphones",3,3,"Cent Bur Stat, The Hague, Netherlands.",Cent Bur Stat, The Hague, Netherlands.,1
14,MOBILE MEDIA & COMMUNICATION,2013,32,2,The promise and peril of mHealth in developing countries,1,1,"Nanyang Technol Univ, Wee Kim Wee Sch Commun &amp; Informat, 31
   Nanyang Link,WKWSCI Bldg, Singapore 637718, Singapore.",Nanyang Technol Univ, Wee Kim Wee Sch Commun &amp; Informat," 31
   Nanyang Link",1
15,MOBILE MEDIA & COMMUNICATION,2013,32,2,"Phoning it in: Theory in mobile media and communication in developing
   countries",1,1,"Univ Washington, Seattle, WA 98195 USA.",Univ Washington, Seattle, WA 98195 USA.,1
16,MOBILE MEDIA & COMMUNICATION,2013,32,2,Youth culture and mobiles,1,1,"Univ Sydney, Dept Media &amp; Commun, Sydney, NSW,
   Australia.",Univ Sydney, Dept Media &amp; Commun, Sydney,1
17,MOBILE MEDIA & COMMUNICATION,2013,32,2,Mobile media and children,1,1,"London Sch Econ &amp; Polit Sci, 3 Clifford Lodge,36
   Clifford Rd, New Barnet EN5 5PF, England.",London Sch Econ &amp; Polit Sci, 3 Clifford Lodge,"36
   Clifford Rd",1
18,MOBILE MEDIA & COMMUNICATION,2013,32,2,"On mobile communication and youth ""deviance"": Beyond moral, media and
   mobile panics",1,1,"Natl Univ Singapore, Dept Commun &amp; New Media, Singapore,
   Singapore.",Natl Univ Singapore, Dept Commun &amp; New Media, Singapore,1
19,MOBILE MEDIA & COMMUNICATION,2013,32,2,The mobile phone between fashion and design,1,1,"Univ Udine, Doctoral Programme Multimedia
   Commun, Udine, Italy.",Univ Udine," Doctoral Programme Multimedia
   Commun", Udine,1
20,MOBILE MEDIA & COMMUNICATION,2013,32,2,"The place of the emplaced mobile: A case study into gendered locative
   media practices",1,1,"RMIT Univ, Sch Media &amp; Commun, Games Programs,
   Melbourne, Vic, Australia.",RMIT Univ, Sch Media &amp; Commun, Games Programs,1
21,MOBILE MEDIA & COMMUNICATION,2013,32,2,"Location-aware mobile technologies: Historical, social and spatial
   approaches",3,3,"North Carolina State Univ, Dept Commun,
   Raleigh, NC 27695 USA.",North Carolina State Univ, Dept Commun,"
   Raleigh",1
22,MOBILE MEDIA & COMMUNICATION,2013,32,2,"Location-aware mobile technologies: Historical, social and spatial
   approaches",3,3,"North Carolina State Univ, Digital Games Res
   Ctr, Raleigh, NC 27695 USA.",North Carolina State Univ," Digital Games Res
   Ctr", Raleigh,1
23,MOBILE MEDIA & COMMUNICATION,2013,32,2,"Location-aware mobile technologies: Historical, social and spatial
   approaches",3,3,"North Carolina State Univ, CRDM Program,
   Raleigh, NC 27695 USA.",North Carolina State Univ, CRDM Program,"
   Raleigh",1
24,MOBILE MEDIA & COMMUNICATION,2013,32,2,"Merging mobile communication studies and urban research: Mobile locative
   media, ""onscreen encounters"" and the reshaping of the interaction order
   in public places",1,1,"Telecom Paristech, Dept Social Sci, 46 Rue
   Barrault, F-75013 Paris, France.",Telecom Paristech, Dept Social Sci," 46 Rue
   Barrault",1
25,MOBILE MEDIA & COMMUNICATION,2013,32,2,"Mobile gazing two-ways: Visual layering as an emerging mobile
   communication service",1,1,"Boston Univ, Emerging Media Studies, Coll Commun, 740
   Commonwealth Ave, Boston, MA 02215 USA.",Boston Univ, Emerging Media Studies, Coll Commun,1
26,MOBILE MEDIA & COMMUNICATION,2013,32,2,"Do mobile technologies reshape speaking, writing, or reading?",1,1,"Amer Univ, Ctr Teaching Res &amp; Learning, Washington, DC
   20016 USA.",Amer Univ, Ctr Teaching Res &amp; Learning, Washington,1
27,MOBILE MEDIA & COMMUNICATION,2013,32,2,The texture of our business,1,1,"Microsoft Res, JJ Thomson Ave, Cambridge CB3 0FB,
   England.",Microsoft Res, JJ Thomson Ave, Cambridge CB3 0FB,1
28,MOBILE MEDIA & COMMUNICATION,2013,32,2,The infrastructures of mobile media: Towards a future reseach agenda,1,1,"RMIT Univ, Sch Media &amp; Commun, Melbourne, Vic 3001,
   Australia.",RMIT Univ, Sch Media &amp; Commun, Melbourne,1
29,MOBILE MEDIA & COMMUNICATION,2013,32,2,"Your smart phones are hot pockets to us: Context collapse in a mobilized
   age",1,1,"Univ Penn, Annenberg Sch Commun, Commun, Philadelphia,
   PA 19104 USA.",Univ Penn, Annenberg Sch Commun, Commun,1
30,MOBILE MEDIA & COMMUNICATION,2013,32,2,Gregory Bateson gets a mobile phone,1,1,"Univ S Florida, Dept Commun, Tampa, FL 33620 USA.",Univ S Florida, Dept Commun, Tampa,1
31,MOBILE MEDIA & COMMUNICATION,2013,32,2,If Romeo and Juliet had mobile phones,2,2,"Univ Toronto, NetLab, Toronto, ON, Canada.",Univ Toronto, NetLab, Toronto,1
32,MOBILE MEDIA & COMMUNICATION,2013,32,2,If Romeo and Juliet had mobile phones,2,2,"Pew Internet &amp; Amer Life Project, Washington, DC USA.",Pew Internet &amp; Amer Life Project, Washington, DC USA.,1
33,MOBILE MEDIA & COMMUNICATION,2013,32,2,"Mobile phone usage as an indicator of solidarity: Israelis at war in
   2006 and 2009",3,3,"Ben Gurion Univ Negev, Commun, Beer Sheva, Israel.",Ben Gurion Univ Negev, Commun, Beer Sheva,1
34,MOBILE MEDIA & COMMUNICATION,2013,32,2,"Mobile phone usage as an indicator of solidarity: Israelis at war in
   2006 and 2009",3,3,"Yezreel Valley Coll, Dept Commun, Jezreel Valley,
   Israel.",Yezreel Valley Coll, Dept Commun, Jezreel Valley,1
35,MOBILE MEDIA & COMMUNICATION,2013,32,2,"Mobile phone usage as an indicator of solidarity: Israelis at war in
   2006 and 2009",3,3,"Tel Aviv Univ, Tel Aviv, Israel.",Tel Aviv Univ, Tel Aviv, Israel.,1
36,MOBILE MEDIA & COMMUNICATION,2013,32,2,Mobile donation in America,1,2,"Univ Texas Austin, Coll Commun, Dept
   Radio TV Film, 2504 WHITIS AVE STOP A0800, Austin, TX 78712 USA.",Univ Texas Austin, Coll Commun," Dept
   Radio TV Film",2
37,MOBILE MEDIA & COMMUNICATION,2013,32,2,"Measuring mobile phone use: Gender, age and real usage level in relation
   to the accuracy and validity of self-reported mobile phone use",2,3,"Tilburg Univ, Tilburg, Netherlands.",Tilburg Univ, Tilburg, Netherlands.,1
38,MOBILE MEDIA & COMMUNICATION,2013,32,2,"Measuring mobile phone use: Gender, age and real usage level in relation
   to the accuracy and validity of self-reported mobile phone use",2,3,"Univ Leuven, Leuven, Belgium.",Univ Leuven, Leuven, Belgium.,2
39,MOBILE MEDIA & COMMUNICATION,2013,32,2,"The Martini Effect and Social Networking Sites: Early adolescents,
   mobile social networking and connectedness to friends",2,2,"Univ York, York, N Yorkshire, England.",Univ York, York, N Yorkshire,1
40,MOBILE MEDIA & COMMUNICATION,2013,32,2,"The Martini Effect and Social Networking Sites: Early adolescents,
   mobile social networking and connectedness to friends",2,2,"Univ York, Social Psychol, York, N Yorkshire,
   England.",Univ York, Social Psychol, York,1
41,MOBILE MEDIA & COMMUNICATION,2013,32,2,"Turning life into a game: Foursquare, gamification, and personal
   mobility",1,1,"Univ North Texas, Denton, TX 76203 USA.",Univ North Texas, Denton, TX 76203 USA.,1
42,MOBILE MEDIA & COMMUNICATION,2013,32,2,"Smartphones, mobile social space, and new sociality in Korea",1,1,"Incheon Natl Univ, Dept Mass Commun, Incheon, South
   Korea.",Incheon Natl Univ, Dept Mass Commun, Incheon,1
43,MOBILE MEDIA & COMMUNICATION,2013,32,2,"Deliberate missed calls: A meaningful communication practice for
   seniors?",1,1,"Open Univ Catalonia, Internet
   Interdisciplinary Inst IN3, C Roc Boronat 117,7th Floor, E-08018
   Barcelona, Catalonia, Spain.",Open Univ Catalonia," Internet
   Interdisciplinary Inst IN3", C Roc Boronat 117,1
44,MOBILE MEDIA & COMMUNICATION,2013,32,2,"""It's like I trust it so much that I don't really check where it is I'm
   going before I leave"": Informational uses of smartphones among Danish
   youth",1,1,"IT Univ Copenhagen, Rued Langgaards Vej 7,
   DK-2300 Copenhagen S, Denmark.",IT Univ Copenhagen, Rued Langgaards Vej 7,"
   DK-2300 Copenhagen S",1
45,MOBILE MEDIA & COMMUNICATION,2013,32,2,Where are you? Location talk in mobile phone conversations,2,2,"State &amp; Univ Lib, State Media Arch, Viktor Albecksvej
   1, DK-8000 Aarhus C, Denmark.",State &amp; Univ Lib, State Media Arch," Viktor Albecksvej
   1",1
46,MOBILE MEDIA & COMMUNICATION,2013,32,2,Where are you? Location talk in mobile phone conversations,2,2,"Xerox Innovat Grp, Work Practice Technol,
   Webster, NY USA.",Xerox Innovat Grp, Work Practice Technol,"
   Webster",1
47,MOBILE MEDIA & COMMUNICATION,2013,32,2,"Social activities and mobile Internet diffusion: A search for the Holy
   Grail?",1,4,"ULHT, CICANT Res Ctr Appl Commun &amp; Culture, Campo Grande 376,
   P-1749024 Lisbon L, Portugal.",ULHT, CICANT Res Ctr Appl Commun &amp; Culture, Campo Grande 376,4
48,MOBILE MEDIA & COMMUNICATION,2013,32,2,"Bodystorming with Hawkins's block: Toward a new methodology for mobile
   media design",3,3,"Washington State Univ Vancouver, Vancouver, WA 98686
   USA.",Washington State Univ Vancouver, Vancouver," WA 98686
   USA.",1
49,MOBILE MEDIA & COMMUNICATION,2013,32,2,"Bodystorming with Hawkins's block: Toward a new methodology for mobile
   media design",3,3,"Texas Tech Univ, Lubbock, TX 79409 USA.",Texas Tech Univ, Lubbock, TX 79409 USA.,1
50,MOBILE MEDIA & COMMUNICATION,2013,32,2,"Bodystorming with Hawkins's block: Toward a new methodology for mobile
   media design",3,3,"Texas Tech Univ, Usabil Res Lab, Lubbock, TX 79409 USA.",Texas Tech Univ, Usabil Res Lab, Lubbock,1
51,MOBILE MEDIA & COMMUNICATION,2014,32,2,"Texting, tweeting, and talking: Effects of smartphone use on engagement
   in civic discourse in China",1,1,"Univ South Carolina, Journalism, Sch Journalism &amp; Mass
   Commun, Columbia, SC USA.",Univ South Carolina, Journalism," Sch Journalism &amp; Mass
   Commun",1
52,MOBILE MEDIA & COMMUNICATION,2014,32,2,"Predictors of mobile sexting among teens: Toward a new explanatory
   framework",3,3,"Univ Michigan, Commun Studies, Ann Arbor, MI 48109
   USA.",Univ Michigan, Commun Studies, Ann Arbor,1
53,MOBILE MEDIA & COMMUNICATION,2014,32,2,"Predictors of mobile sexting among teens: Toward a new explanatory
   framework",3,3,"Univ Michigan, Telecommun, Ann Arbor, MI 48109 USA.",Univ Michigan, Telecommun, Ann Arbor,1
54,MOBILE MEDIA & COMMUNICATION,2014,32,2,"Predictors of mobile sexting among teens: Toward a new explanatory
   framework",3,3,"Howard Univ, Sch Commun, Washington, DC 20059 USA.",Howard Univ, Sch Commun, Washington,1
55,MOBILE MEDIA & COMMUNICATION,2014,32,2,"New visualities and the digital wayfarer: Reconceptualizing camera phone
   photography and locative media",2,2,"RMIT Univ, Melbourne, Vic, Australia.",RMIT Univ, Melbourne, Vic,1
56,MOBILE MEDIA & COMMUNICATION,2014,32,2,"New visualities and the digital wayfarer: Reconceptualizing camera phone
   photography and locative media",2,2,"RMIT Univ, Design &amp; Media Ethnog, Melbourne, Vic,
   Australia.",RMIT Univ, Design &amp; Media Ethnog, Melbourne,1
57,MOBILE MEDIA & COMMUNICATION,2014,32,2,"A tethered generation: Exploring the role of mobile phones in the daily
   life of young people",2,2,"Emerson Coll, Media Studies, Sch Commun, Media
   Literacy &amp; Interact Media, Boston, MA 02116 USA.",Emerson Coll, Media Studies, Sch Commun,1
58,MOBILE MEDIA & COMMUNICATION,2014,32,2,"A tethered generation: Exploring the role of mobile phones in the daily
   life of young people",2,2,"Emerson Coll, New Global Engagement Lab, Boston, MA
   02116 USA.",Emerson Coll, New Global Engagement Lab, Boston,1
59,MOBILE MEDIA & COMMUNICATION,2014,32,2,"Migrant mothering and mobile phones: Negotiations of transnational
   identity",3,5,"Nanyang Technol Univ, Wee Kim Wee Sch Commun
   &amp; Informat, 31 Nanyang Link, Singapore 637718, Singapore.",Nanyang Technol Univ," Wee Kim Wee Sch Commun
   &amp; Informat", 31 Nanyang Link,2
60,MOBILE MEDIA & COMMUNICATION,2014,32,2,"Migrant mothering and mobile phones: Negotiations of transnational
   identity",3,5,"Nanyang Technol Univ, Singapore Internet Res Ctr,
   Singapore, Singapore.",Nanyang Technol Univ, Singapore Internet Res Ctr,"
   Singapore",1
61,MOBILE MEDIA & COMMUNICATION,2014,32,2,"Migrant mothering and mobile phones: Negotiations of transnational
   identity",3,5,"Nanyang Technol Univ,
   Singapore, Singapore.",Nanyang Technol Univ,"
   Singapore", Singapore.,2
62,MOBILE MEDIA & COMMUNICATION,2014,32,2,Mobile social gambling: Poker's next frontier,2,2,"Univ Sydney, Digital Cultures Program, Room
   S312,John Woolley Bldg A20, Sydney, NSW 2006, Australia.",Univ Sydney, Digital Cultures Program," Room
   S312",1
63,MOBILE MEDIA & COMMUNICATION,2014,32,2,Mobile social gambling: Poker's next frontier,2,2,"Univ Sydney, Media &amp; Commun, Sydney, NSW, Australia.",Univ Sydney, Media &amp; Commun, Sydney,1
64,MOBILE MEDIA & COMMUNICATION,2014,32,2,"The mobile phone in street protest: Texting, tweeting, tracking, and
   tracing",1,2,"IT Univ Copenhagen, Rued
   Langgaardsvej 7, DK-2300 Copenhagen S, Denmark.",IT Univ Copenhagen," Rued
   Langgaardsvej 7", DK-2300 Copenhagen S,2
65,MOBILE MEDIA & COMMUNICATION,2014,32,2,"Put down that phone and talk to me: Understanding the roles of mobile
   phone norm adherence and similarity in relationships",3,3,"Univ Kansas, Dept Commun Studies, Bailey Hall,1440
   Jayhawk Blvd,Room 102, Lawrence, KS 66045 USA.",Univ Kansas, Dept Commun Studies, Bailey Hall,1
66,MOBILE MEDIA & COMMUNICATION,2014,32,2,"Put down that phone and talk to me: Understanding the roles of mobile
   phone norm adherence and similarity in relationships",3,3,"Microsoft Res, Boston, MA USA.",Microsoft Res, Boston, MA USA.,1
67,MOBILE MEDIA & COMMUNICATION,2014,32,2,"Put down that phone and talk to me: Understanding the roles of mobile
   phone norm adherence and similarity in relationships",3,3,"Microsoft Res, Social Media Collect, Boston, MA USA.",Microsoft Res, Social Media Collect, Boston,1
68,MOBILE MEDIA & COMMUNICATION,2014,32,2,"There's a religious app for that! A framework for studying religious
   mobile applications",1,4,"Texas A&amp;M Univ, Commun, College Stn, TX USA.",Texas A&amp;M Univ, Commun, College Stn,4
69,MOBILE MEDIA & COMMUNICATION,2014,32,2,"Mobile media and political participation: Defining and developing an
   emerging field",1,1,"Depaul Univ, Coll Commun, 7412 N Odell Ave, Chicago,
   IL 60631 USA.",Depaul Univ, Coll Commun, 7412 N Odell Ave,1
70,MOBILE MEDIA & COMMUNICATION,2014,32,2,"Digital orientations: ""Ways of the hand"" and practical knowing in media
   uses and other manual activities",1,1,"Univ Sunderland, Ctr Res Media &amp; Cultural Studies, Media
   &amp; Commun, Sunderland, Tyne &amp; Wear, England.",Univ Sunderland, Ctr Res Media &amp; Cultural Studies," Media
   &amp; Commun",1
71,MOBILE MEDIA & COMMUNICATION,2014,32,2,The fourth screen: Mediatization and the smartphone,1,1,"Hampshire Coll, Sch Cognit Sci, Amherst, MA 01002 USA.",Hampshire Coll, Sch Cognit Sci, Amherst,1
72,MOBILE MEDIA & COMMUNICATION,2014,32,2,"Health benefits and barriers to cell phone use in low-income urban US
   neighborhoods: Indications of technology maintenance",1,1,"Indiana Univ, Dept Telecommun, 1229 E 7th St,
   Bloomington, IN 47401 USA.",Indiana Univ, Dept Telecommun, 1229 E 7th St,1
73,MOBILE MEDIA & COMMUNICATION,2014,32,2,"What is disturbing and why not to disturb. On mobile phones, gender, and
   privacy within heterosexual intimacy",1,2,"Univ Complutense Madrid, Sociol, Madrid,
   Spain.",Univ Complutense Madrid, Sociol, Madrid,2
74,MOBILE MEDIA & COMMUNICATION,2014,32,2,"Perceiving spaces through digital augmentation: An exploratory study of
   navigational augmented reality apps",2,2,"Erasmus Univ, Burgemeester Oudlaan 50,L3-074,
   NL-3062 PA Rotterdam, Netherlands.",Erasmus Univ, Burgemeester Oudlaan 50,L3-074,1
75,MOBILE MEDIA & COMMUNICATION,2014,32,2,"Perceiving spaces through digital augmentation: An exploratory study of
   navigational augmented reality apps",2,2,"Erasmus Univ, Dept Media &amp; Commun, Rotterdam,
   Netherlands.",Erasmus Univ, Dept Media &amp; Commun, Rotterdam,1
76,MOBILE MEDIA & COMMUNICATION,2014,32,2,"Mobile phones and participatory communication for poverty eradication on
   public service broadcasting: The case of Tanzania Broadcasting
   Corporation (TBC)",1,1,"St Augustine Univ Tanzania, Dept Journalism &amp; Mass
   Commun, POB 307, Mwanza, Tanzania.",St Augustine Univ Tanzania," Dept Journalism &amp; Mass
   Commun", POB 307,1
77,MOBILE MEDIA & COMMUNICATION,2014,32,2,"The acceptance of mobile government from a citizens' perspective:
   Identifying perceived risks and perceived benefits",1,1,"Univ Southern Denmark, Ctr Journalism, Odense, Denmark.",Univ Southern Denmark, Ctr Journalism, Odense,1
78,MOBILE MEDIA & COMMUNICATION,2014,32,2,"Maintaining social connectedness in a fast-changing world: Examining the
   effects of mobile phone uses on loneliness among teens in Tibet",3,3,"Calif State Univ Stanislaus, Dept Commun Studies, One Univ
   Circle,DBH P135, Turlock, CA 95382 USA.",Calif State Univ Stanislaus, Dept Commun Studies," One Univ
   Circle",1
79,MOBILE MEDIA & COMMUNICATION,2014,32,2,"Maintaining social connectedness in a fast-changing world: Examining the
   effects of mobile phone uses on loneliness among teens in Tibet",3,3,"Tsinghua Univ, Sch Publ Policy &amp; Management, Ctr Crisis
   Management Res, Beijing, Peoples R China.",Tsinghua Univ, Sch Publ Policy &amp; Management," Ctr Crisis
   Management Res",1
80,MOBILE MEDIA & COMMUNICATION,2014,32,2,"Maintaining social connectedness in a fast-changing world: Examining the
   effects of mobile phone uses on loneliness among teens in Tibet",3,3,"Univ South Carolina, Sch Journalism &amp; Mass Communicat,
   Journalism, Columbia, SC 29208 USA.",Univ South Carolina, Sch Journalism &amp; Mass Communicat,"
   Journalism",1
81,MOBILE MEDIA & COMMUNICATION,2014,32,2,"Safety in movement: Mobile workers, mobile media",3,3,"RMIT Univ, Design &amp; Media Ethnog, Melbourne, Vic,
   Australia.",RMIT Univ, Design &amp; Media Ethnog, Melbourne,1
82,MOBILE MEDIA & COMMUNICATION,2014,32,2,"Safety in movement: Mobile workers, mobile media",3,3,"Loughborough Univ Technol, Sch Civil &amp; Bldg Engn,
   Loughborough, Leics, England.",Loughborough Univ Technol, Sch Civil &amp; Bldg Engn,"
   Loughborough",1
83,MOBILE MEDIA & COMMUNICATION,2014,32,2,"Safety in movement: Mobile workers, mobile media",3,3,"Loughborough Univ Technol, Sch Civil &amp; Bldg Engn,
   Sociol Construct, Loughborough, Leics, England.",Loughborough Univ Technol, Sch Civil &amp; Bldg Engn,"
   Sociol Construct",1
84,MOBILE MEDIA & COMMUNICATION,2014,32,2,"Measuring usage concentration of smartphone applications: Selective
   repertoire in a marketplace of choices",3,3,"Korea Adv Inst Sci &amp; Technol, Grad Sch Informat &amp; Media
   Management, Daejeon, South Korea.",Korea Adv Inst Sci &amp; Technol," Grad Sch Informat &amp; Media
   Management", Daejeon,1
85,MOBILE MEDIA & COMMUNICATION,2014,32,2,"Measuring usage concentration of smartphone applications: Selective
   repertoire in a marketplace of choices",3,3,"Korea Press Fdn, 124 Sejong Daero, Seoul, South Korea.",Korea Press Fdn, 124 Sejong Daero, Seoul,1
86,MOBILE MEDIA & COMMUNICATION,2014,32,2,"Measuring usage concentration of smartphone applications: Selective
   repertoire in a marketplace of choices",3,3,"Univ Florida, Coll Journalism &amp; Commun,
   Gainesville, FL 32611 USA.",Univ Florida, Coll Journalism &amp; Commun,"
   Gainesville",1
87,MOBILE MEDIA & COMMUNICATION,2015,32,2,"Cabs, community, and control: Mobile communication among Chicago's taxi
   drivers",1,1,"Univ Illinois, Dept Commun, 1007 W Harrison
   St,1140 Behav Sci Bldg, Chicago, IL 60607 USA.",Univ Illinois, Dept Commun," 1007 W Harrison
   St",1
88,MOBILE MEDIA & COMMUNICATION,2015,32,2,"On the liveness of mobile phone mediation: Youth expectations of
   remittances and narratives of discontent in the Cameroonian
   transnational family",1,1,"Univ Freiburg, Freiburg, Germany.",Univ Freiburg, Freiburg, Germany.,1
89,MOBILE MEDIA & COMMUNICATION,2015,32,2,Tasking the everyday: Where mobile and online communication take time,1,1,"Univ Toronto, Dept Arts Culture &amp; Media UTSC, Fac
   Informat, Journalism,ISch, Toronto, ON, Canada.",Univ Toronto, Dept Arts Culture &amp; Media UTSC," Fac
   Informat",1
90,MOBILE MEDIA & COMMUNICATION,2015,32,2,"Accessing the news in an age of mobile media: Tracing displacing and
   complementary effects of mobile news on newspapers and online news",3,3,"Univ Gothenburg, Gothenburg, Sweden.",Univ Gothenburg, Gothenburg, Sweden.,1
91,MOBILE MEDIA & COMMUNICATION,2015,32,2,"Accessing the news in an age of mobile media: Tracing displacing and
   complementary effects of mobile news on newspapers and online news",3,3,"Univ Gothenburg, Dept Journalism Media &amp; Commun,
   Box 710, S-40530 Gothenburg, Sweden.",Univ Gothenburg, Dept Journalism Media &amp; Commun,"
   Box 710",1
92,MOBILE MEDIA & COMMUNICATION,2015,32,2,"Accessing the news in an age of mobile media: Tracing displacing and
   complementary effects of mobile news on newspapers and online news",3,3,"Univ Gothenburg, Qual Govt Inst, Dept Polit Sci,
   Gothenburg, Sweden.",Univ Gothenburg, Qual Govt Inst, Dept Polit Sci,1
93,MOBILE MEDIA & COMMUNICATION,2015,32,2,"Using attitude functions, self-efficacy, and norms to predict attitudes
   and intentions to use mobile devices to access social media during
   sporting event attendance",1,1,"Rochester Inst Technol, Commun, Rochester, NY 14623 USA.",Rochester Inst Technol, Commun, Rochester,1
94,MOBILE MEDIA & COMMUNICATION,2015,32,2,"Communicating behind the scenes: A primer on radio frequency
   identification (RFID)",1,1,"Univ North Texas, Denton, TX 76203 USA.",Univ North Texas, Denton, TX 76203 USA.,1
95,MOBILE MEDIA & COMMUNICATION,2015,32,2,"Towards an understanding of intention to use mobile videos: Impression
   management, perceived facilitation, and social norms",2,3,"Nanyang Technol Univ, Wee Kim Wee Sch
   Commun &amp; Informat, Blk 33B,Nanyang Ave, Singapore 639805, Singapore.",Nanyang Technol Univ," Wee Kim Wee Sch
   Commun &amp; Informat", Blk 33B,2
96,MOBILE MEDIA & COMMUNICATION,2015,32,2,"Towards an understanding of intention to use mobile videos: Impression
   management, perceived facilitation, and social norms",2,3,"Singapore Polytech, Singapore, Singapore.",Singapore Polytech, Singapore, Singapore.,1
97,MOBILE MEDIA & COMMUNICATION,2015,32,2,"Choosing the right app: An exploratory perspective on heuristic decision
   processes for smartphone app selection",3,3,"Free Univ Berlin, Inst Media &amp; Commun Studies, Garystr
   55, D-14195 Berlin, Germany.",Free Univ Berlin, Inst Media &amp; Commun Studies," Garystr
   55",1
98,MOBILE MEDIA & COMMUNICATION,2015,32,2,"Choosing the right app: An exploratory perspective on heuristic decision
   processes for smartphone app selection",3,3,"Univ Erfurt, Commun, Erfurt, Germany.",Univ Erfurt, Commun, Erfurt,1
99,MOBILE MEDIA & COMMUNICATION,2015,32,2,"Choosing the right app: An exploratory perspective on heuristic decision
   processes for smartphone app selection",3,3,"West Virginia Univ, Commun, Morgantown, WV 26506
   USA.",West Virginia Univ, Commun, Morgantown,1
100,MOBILE MEDIA & COMMUNICATION,2015,32,2,News use of mobile media: A contingency model,5,6,"Univ Missouri, Grad Studies &amp; Res, Sch Journalism,
   Reynolds Journalism Inst, Columbia, MO 65211 USA.",Univ Missouri, Grad Studies &amp; Res, Sch Journalism,1
101,MOBILE MEDIA & COMMUNICATION,2015,32,2,News use of mobile media: A contingency model,5,6,"Univ Missouri, Res, Sch Journalism, Reynolds
   Journalism Inst, Columbia, MO 65211 USA.",Univ Missouri, Res, Sch Journalism,1
102,MOBILE MEDIA & COMMUNICATION,2015,32,2,News use of mobile media: A contingency model,5,6,"Univ Missouri, Missouri Sch
   Journalism, Columbia, MO 65211 USA.",Univ Missouri," Missouri Sch
   Journalism", Columbia,2
103,MOBILE MEDIA & COMMUNICATION,2015,32,2,News use of mobile media: A contingency model,5,6,"Univ Oregon, Advertising, Eugene, OR 97403 USA.",Univ Oregon, Advertising, Eugene,1
104,MOBILE MEDIA & COMMUNICATION,2015,32,2,News use of mobile media: A contingency model,5,6,"Univ Missouri, Reynolds Journalism Inst, Columbia, MO
   65211 USA.",Univ Missouri, Reynolds Journalism Inst, Columbia,1
105,MOBILE MEDIA & COMMUNICATION,2015,32,2,"Examining the influences of news use patterns, motivations, and age
   cohort on mobile news use: The case of Hong Kong",1,1,"Chinese Univ Hong Kong, Sch Journalism &amp; Commun, Hong
   Kong, Hong Kong, Peoples R China.",Chinese Univ Hong Kong, Sch Journalism &amp; Commun," Hong
   Kong",1
106,MOBILE MEDIA & COMMUNICATION,2015,32,2,"What's APPening to news? A mixed-method audience-centred study on mobile
   news consumption",2,4,"Univ Ghent,
   iMinds MICT, Ghent, Belgium.",Univ Ghent,"
   iMinds MICT", Ghent,3
107,MOBILE MEDIA & COMMUNICATION,2015,32,2,"What's APPening to news? A mixed-method audience-centred study on mobile
   news consumption",2,4,"Katholieke Univ Leuven, Media Sociol &amp; Res Designs
   Commun Sci, Leuven, Belgium.",Katholieke Univ Leuven," Media Sociol &amp; Res Designs
   Commun Sci", Leuven,1
108,MOBILE MEDIA & COMMUNICATION,2015,32,2,"Mobile UDC: Online media content distribution among Finnish mobile
   Internet users",2,2,"Univ Helsinki, CRC, Dept Social Res, Helsinki, Finland.",Univ Helsinki, CRC, Dept Social Res,1
109,MOBILE MEDIA & COMMUNICATION,2015,32,2,"Mobile UDC: Online media content distribution among Finnish mobile
   Internet users",2,2,"Univ Helsinki, Media &amp; Commun Studies, Dept Social
   Res, Helsinki, Finland.",Univ Helsinki, Media &amp; Commun Studies," Dept Social
   Res",1
110,MOBILE MEDIA & COMMUNICATION,2015,32,2,"Mobile news use and participation in elections: A bridge for the
   democratic divide?",1,1,"DePaul Univ, Coll Commun, 7412 N Odell Ave, Chicago,
   IL 60631 USA.",DePaul Univ, Coll Commun, 7412 N Odell Ave,1
111,MOBILE MEDIA & COMMUNICATION,2015,32,2,"How elders evaluate apps: A contribution to the study of smartphones and
   to the analysis of the usefulness and accessibility of ICTS for older
   adults",5,5,"Univ Abat Oliba CEU, Social Sci Fac,
   Barcelona, Spain.",Univ Abat Oliba CEU, Social Sci Fac,"
   Barcelona",1
112,MOBILE MEDIA & COMMUNICATION,2015,32,2,"How elders evaluate apps: A contribution to the study of smartphones and
   to the analysis of the usefulness and accessibility of ICTS for older
   adults",5,5,"Univ Abat Oliba CEU, Cable Studies Ctr
   CECABLE, Barcelona, Spain.",Univ Abat Oliba CEU," Cable Studies Ctr
   CECABLE", Barcelona,1
113,MOBILE MEDIA & COMMUNICATION,2015,32,2,"How elders evaluate apps: A contribution to the study of smartphones and
   to the analysis of the usefulness and accessibility of ICTS for older
   adults",5,5,"Univ Abat Oliba CEU, Barcelona, Spain.",Univ Abat Oliba CEU, Barcelona, Spain.,1
114,MOBILE MEDIA & COMMUNICATION,2015,32,2,"How elders evaluate apps: A contribution to the study of smartphones and
   to the analysis of the usefulness and accessibility of ICTS for older
   adults",5,5,"Univ Abat Oliba CEU, Studies Criminol,
   Barcelona, Spain.",Univ Abat Oliba CEU, Studies Criminol,"
   Barcelona",1
115,MOBILE MEDIA & COMMUNICATION,2015,32,2,"How elders evaluate apps: A contribution to the study of smartphones and
   to the analysis of the usefulness and accessibility of ICTS for older
   adults",5,5,"Open Univ Catalonia UOC, Barcelona, Spain.",Open Univ Catalonia UOC, Barcelona, Spain.,1
116,MOBILE MEDIA & COMMUNICATION,2015,32,2,"Mobile value-added services and the economic empowerment of women: The
   case of Usaha Wanita in Indonesia",2,3,"Michigan State Univ, E Lansing, MI 48824 USA.",Michigan State Univ, E Lansing, MI 48824 USA.,2
117,MOBILE MEDIA & COMMUNICATION,2015,32,2,"Mobile value-added services and the economic empowerment of women: The
   case of Usaha Wanita in Indonesia",2,3,"Nanyang Technol Univ, Singapore Internet Res Ctr,
   Singapore, Singapore.",Nanyang Technol Univ, Singapore Internet Res Ctr,"
   Singapore",1
118,MOBILE MEDIA & COMMUNICATION,2015,32,2,The phantom in my pocket: Determinants of phantom phone sensations,4,5,"Univ Duisburg Essen, Dept Comp Sci &amp; Appl Cognit Sci,
   Duisburg, Germany.",Univ Duisburg Essen, Dept Comp Sci &amp; Appl Cognit Sci,"
   Duisburg",1
119,MOBILE MEDIA & COMMUNICATION,2015,32,2,The phantom in my pocket: Determinants of phantom phone sensations,4,5,"Univ Duisburg Essen, Chair Social Psychol Media &amp;
   Commun, Duisburg, Germany.",Univ Duisburg Essen," Chair Social Psychol Media &amp;
   Commun", Duisburg,1
120,MOBILE MEDIA & COMMUNICATION,2015,32,2,The phantom in my pocket: Determinants of phantom phone sensations,4,5,"Univ Duisburg Essen, Duisburg, Germany.",Univ Duisburg Essen, Duisburg, Germany.,2
121,MOBILE MEDIA & COMMUNICATION,2015,32,2,The phantom in my pocket: Determinants of phantom phone sensations,4,5,"Univ Duisburg Essen, Social Psychol Media &amp; Commun,
   Forsthausweg 2, D-47057 Duisburg, Germany.",Univ Duisburg Essen, Social Psychol Media &amp; Commun,"
   Forsthausweg 2",1
122,MOBILE MEDIA & COMMUNICATION,2015,32,2,"The amplification effect of mobile phones on female-owned
   microenterprises",3,3,"Nanyang Technol Univ, Singapore Internet Res Ctr,
   Singapore, Singapore.",Nanyang Technol Univ, Singapore Internet Res Ctr,"
   Singapore",1
123,MOBILE MEDIA & COMMUNICATION,2015,32,2,"The amplification effect of mobile phones on female-owned
   microenterprises",3,3,"Indian Inst Technol Delhi, Dept Management
   Studies, Delhi, India.",Indian Inst Technol Delhi," Dept Management
   Studies", Delhi,1
124,MOBILE MEDIA & COMMUNICATION,2015,32,2,"The amplification effect of mobile phones on female-owned
   microenterprises",3,3,"Michigan State Univ, E Lansing, MI 48824 USA.",Michigan State Univ, E Lansing, MI 48824 USA.,1
125,MOBILE MEDIA & COMMUNICATION,2015,32,2,Smartphone log data in a qualitative perspective,1,2,"Univ Copenhagen, Dept Media Cognit
   &amp; Commun, Room 14-03-09,Karen Blixens Vej 4, DK-2300 Copenhagen, Denmark.",Univ Copenhagen," Dept Media Cognit
   &amp; Commun", Room 14-03-09,2
126,MOBILE MEDIA & COMMUNICATION,2015,32,2,"Record and remember: Memory and meaning-making practices through mobile
   media",1,1,"Cornell Univ, Commun, Ithaca, NY 14853 USA.",Cornell Univ, Commun, Ithaca,1
127,MOBILE MEDIA & COMMUNICATION,2015,32,2,"Experiencing interactive voice response (IVR) as a participatory medium:
   The case of CGNet Swara in India",2,2,"Xerox Res Ctr, Human Interact Grp, Bangalore,
   Karnataka, India.",Xerox Res Ctr, Human Interact Grp, Bangalore,1
128,MOBILE MEDIA & COMMUNICATION,2015,32,2,"Experiencing interactive voice response (IVR) as a participatory medium:
   The case of CGNet Swara in India",2,2,"Caribou Digital, Res, Seattle, WA USA.",Caribou Digital, Res, Seattle,1
129,MOBILE MEDIA & COMMUNICATION,2015,32,2,"Automaticity, mindfulness, and self-control as predictors of dangerous
   texting behavior",5,6,"Univ Alabama, Tuscaloosa, AL 35487 USA.",Univ Alabama, Tuscaloosa, AL 35487 USA.,1
130,MOBILE MEDIA & COMMUNICATION,2015,32,2,"Automaticity, mindfulness, and self-control as predictors of dangerous
   texting behavior",5,6,"Univ Michigan, Commun Studies,
   Ann Arbor, MI 48109 USA.",Univ Michigan, Commun Studies,"
   Ann Arbor",2
131,MOBILE MEDIA & COMMUNICATION,2015,32,2,"Automaticity, mindfulness, and self-control as predictors of dangerous
   texting behavior",5,6,"Univ Michigan, Dept Commun Studies, Inst Social Res,
   Ann Arbor, MI 48109 USA.",Univ Michigan, Dept Commun Studies, Inst Social Res,1
132,MOBILE MEDIA & COMMUNICATION,2015,32,2,"Automaticity, mindfulness, and self-control as predictors of dangerous
   texting behavior",5,6,"Univ Michigan, Res Ctr Grp Dynam, Inst Social Res, Ann
   Arbor, MI 48109 USA.",Univ Michigan, Res Ctr Grp Dynam, Inst Social Res,1
133,MOBILE MEDIA & COMMUNICATION,2015,32,2,"Automaticity, mindfulness, and self-control as predictors of dangerous
   texting behavior",5,6,"Univ Michigan, Telecommun, Ann Arbor, MI 48109 USA.",Univ Michigan, Telecommun, Ann Arbor,1
134,MOBILE MEDIA & COMMUNICATION,2015,32,2,"Divide and diffuse: Comparing digital divide and diffusion of
   innovations perspectives on mobile phone adoption",2,2,"Univ Calif Santa Barbara, Carsey Wolf Ctr, Santa
   Barbara, CA 93106 USA.",Univ Calif Santa Barbara, Carsey Wolf Ctr," Santa
   Barbara",1
135,MOBILE MEDIA & COMMUNICATION,2015,32,2,"Divide and diffuse: Comparing digital divide and diffusion of
   innovations perspectives on mobile phone adoption",2,2,"Univ Washington, Dept Commun, Seattle, WA 98195 USA.",Univ Washington, Dept Commun, Seattle,1
136,MOBILE MEDIA & COMMUNICATION,2016,32,2,"The influence of individual noise sensitivity on mobile phone attitudes
   and behavior",6,6,"Auburn Univ, Sch Commun &amp; Journalism, Commun,
   Auburn, AL 36849 USA.",Auburn Univ, Sch Commun &amp; Journalism, Commun,1
137,MOBILE MEDIA & COMMUNICATION,2016,32,2,"The influence of individual noise sensitivity on mobile phone attitudes
   and behavior",6,6,"Young Harris Coll, Commun Studies, Young Harris, GA
   USA.",Young Harris Coll, Commun Studies, Young Harris,1
138,MOBILE MEDIA & COMMUNICATION,2016,32,2,"The influence of individual noise sensitivity on mobile phone attitudes
   and behavior",6,6,"Psycholog Inst, Mainz, Germany.",Psycholog Inst, Mainz, Germany.,1
139,MOBILE MEDIA & COMMUNICATION,2016,32,2,"The influence of individual noise sensitivity on mobile phone attitudes
   and behavior",6,6,"Johannes Gutenberg Univ Mainz, Educ Psychol, Mainz,
   Germany.",Johannes Gutenberg Univ Mainz, Educ Psychol, Mainz,1
140,MOBILE MEDIA & COMMUNICATION,2016,32,2,"The influence of individual noise sensitivity on mobile phone attitudes
   and behavior",6,6,"Univ Tampere, Speech Commun, Tampere, Finland.",Univ Tampere, Speech Commun, Tampere,1
141,MOBILE MEDIA & COMMUNICATION,2016,32,2,"The influence of individual noise sensitivity on mobile phone attitudes
   and behavior",6,6,"Univ Tampere, Sch Commun Media &amp; Theatre,
   Tampere, Finland.",Univ Tampere, Sch Commun Media &amp; Theatre,"
   Tampere",1
142,MOBILE MEDIA & COMMUNICATION,2016,32,2,"Beyond ""connected presence"": Multimedia mobile instant messaging in
   close relationship management",1,1,"Chinese Univ Hong Kong, Sch Journalism &amp; Commun, Hong Kong,
   Hong Kong, Peoples R China.",Chinese Univ Hong Kong, Sch Journalism &amp; Commun, Hong Kong,1
143,MOBILE MEDIA & COMMUNICATION,2016,32,2,"The future of digital archive collections: Augmenting public service
   media geo-locative archives",1,1,"Univ Sydney, Online Media &amp; Social Media
   Commun, Sydney, NSW, Australia.",Univ Sydney," Online Media &amp; Social Media
   Commun", Sydney,1
144,MOBILE MEDIA & COMMUNICATION,2016,32,2,"App-centric mobile media and commoditization: Implications for the
   future of the open Web",2,2,"Victoria Univ Wellington, Media Studies, Wellington,
   New Zealand.",Victoria Univ Wellington, Media Studies, Wellington,1
145,MOBILE MEDIA & COMMUNICATION,2016,32,2,"App-centric mobile media and commoditization: Implications for the
   future of the open Web",2,2,"Univ Windsor, Dept Commun Media &amp; Film,
   Windsor, ON, Canada.",Univ Windsor, Dept Commun Media &amp; Film,"
   Windsor",1
146,MOBILE MEDIA & COMMUNICATION,2016,32,2,"Brands and Instagram: Point, tap, swipe, glance",1,2,"Univ Queensland, Sch Commun &amp; Arts,
   St Lucia, Qld 4072, Australia.",Univ Queensland, Sch Commun &amp; Arts,"
   St Lucia",2
147,MOBILE MEDIA & COMMUNICATION,2016,32,2,Mobile youth culture: A conceptual development,1,1,"Univ Ghent, MICT, IMinds, Res Grp, Ghent,
   Belgium.",Univ Ghent, MICT, IMinds,1
148,MOBILE MEDIA & COMMUNICATION,2016,32,2,"Text to sex: The impact of cell phones on hooking up and sexuality on
   campus",1,1,"Washington &amp; Lee Univ, Cultural Anthropol,
   Lexington, VA 24450 USA.",Washington &amp; Lee Univ, Cultural Anthropol,"
   Lexington",1
149,MOBILE MEDIA & COMMUNICATION,2016,32,2,"Managing uncertainty in mobile dating applications: Goals, concerns of
   use, and information seeking in Grindr",1,2,"Wayne State Univ, Dept
   Commun, 569 Manoogian Hall, Detroit, MI 48201 USA.",Wayne State Univ," Dept
   Commun", 569 Manoogian Hall,2
150,MOBILE MEDIA & COMMUNICATION,2016,32,2,The hierarchy of mobile phone incorporation among older users,2,2,"Ben Gurion Univ Negev, Dept Commun Studies, Beer Sheva,
   Israel.",Ben Gurion Univ Negev, Dept Commun Studies, Beer Sheva,1
151,MOBILE MEDIA & COMMUNICATION,2016,32,2,The hierarchy of mobile phone incorporation among older users,2,2,"Ben Gurion Univ Negev, Ctr Multidisciplinary Res Aging,
   POB 653, IL-84105 Beer Sheva, Israel.",Ben Gurion Univ Negev, Ctr Multidisciplinary Res Aging,"
   POB 653",1
152,MOBILE MEDIA & COMMUNICATION,2016,32,2,"Mobile art: Rethinking intersections between art, user created content
   (UCC), and the quotidian",1,1,"RMIT Univ, Sch Media &amp; Commun, GPO Box 2467,
   Melbourne, Vic 3000, Australia.",RMIT Univ, Sch Media &amp; Commun, GPO Box 2467,1
153,MOBILE MEDIA & COMMUNICATION,2016,32,2,"Unintended consequences of a strategically ambiguous organizational
   policy selectively restricting mobile device use at work",3,3,"Univ Texas Austin, Org Commun &amp; Technol, Austin, TX
   78712 USA.",Univ Texas Austin, Org Commun &amp; Technol, Austin,1
154,MOBILE MEDIA & COMMUNICATION,2016,32,2,"Unintended consequences of a strategically ambiguous organizational
   policy selectively restricting mobile device use at work",3,3,"Univ Texas Austin, Moody Coll Commun, Partnerships
   Ctr Hlth Commun, Austin, TX 78712 USA.",Univ Texas Austin, Moody Coll Commun," Partnerships
   Ctr Hlth Commun",1
155,MOBILE MEDIA & COMMUNICATION,2016,32,2,"Unintended consequences of a strategically ambiguous organizational
   policy selectively restricting mobile device use at work",3,3,"Ohio Univ, Athens, OH 45701 USA.",Ohio Univ, Athens, OH 45701 USA.,1
156,MOBILE MEDIA & COMMUNICATION,2016,32,2,"Situated empowerment: Mobile phones practices among market women in
   Kampala",2,2,"Uppsala Univ, Media &amp; Commun Studies, Uppsala, Sweden.",Uppsala Univ, Media &amp; Commun Studies, Uppsala,1
157,MOBILE MEDIA & COMMUNICATION,2016,32,2,"Situated empowerment: Mobile phones practices among market women in
   Kampala",2,2,"Karlstad Univ, Ctr Gender Res, HumanIT Res
   Ctr, Informat &amp; Commun Technol Dev ICT4D, Karlstad, Sweden.",Karlstad Univ, Ctr Gender Res," HumanIT Res
   Ctr",1
158,MOBILE MEDIA & COMMUNICATION,2016,32,2,"Working through paradoxes: Transnational migrants' urban learning
   tactics using locative technology",2,2,"Rutgers State Univ, Sch Commun &amp; Informat, 4 Huntington
   St, New Brunswick, NJ 08901 USA.",Rutgers State Univ, Sch Commun &amp; Informat," 4 Huntington
   St",1
159,MOBILE MEDIA & COMMUNICATION,2016,32,2,"Working through paradoxes: Transnational migrants' urban learning
   tactics using locative technology",2,2,"Univ Penn, Annenberg Sch Commun, Philadelphia, PA 19104
   USA.",Univ Penn, Annenberg Sch Commun, Philadelphia,1
160,MOBILE MEDIA & COMMUNICATION,2016,32,2,Tactile digital ethnography: Researching mobile media through the hand,3,4,"RMIT Univ, Melbourne, Vic, Australia.",RMIT Univ, Melbourne, Vic,2
161,MOBILE MEDIA & COMMUNICATION,2016,32,2,Tactile digital ethnography: Researching mobile media through the hand,3,4,"RMIT Univ, Sch Media &amp; Commun, Res &amp; Innovat,
   Melbourne, Vic, Australia.",RMIT Univ, Sch Media &amp; Commun, Res &amp; Innovat,1
162,MOBILE MEDIA & COMMUNICATION,2016,32,2,Tactile digital ethnography: Researching mobile media through the hand,3,4,"RMIT Univ, Coll Design &amp; Social Context, Melbourne,
   Vic, Australia.",RMIT Univ, Coll Design &amp; Social Context, Melbourne,1
163,MOBILE MEDIA & COMMUNICATION,2016,32,2,"The convergence of mobile and social media: Affordances and constraints
   of mobile networked communication for health workers in low- and
   middle-income countries",2,2,"Univ Appl Sci &amp; Arts NW Switzerland FHNW, Basel,
   Switzerland.",Univ Appl Sci &amp; Arts NW Switzerland FHNW, Basel,"
   Switzerland.",1
164,MOBILE MEDIA & COMMUNICATION,2016,32,2,"The convergence of mobile and social media: Affordances and constraints
   of mobile networked communication for health workers in low- and
   middle-income countries",2,2,"IntraHealth Int, Hlth Syst Innovat, Washington, DC USA.",IntraHealth Int, Hlth Syst Innovat, Washington,1
165,MOBILE MEDIA & COMMUNICATION,2016,32,2,"From garamut to mobile phone: Communication change in rural Papua New
   Guinea",2,2,"Australian Natl Univ, Sch Int Polit &amp; Strateg
   Studies, 257 Watkins Rd, Wangi Wangi, NSW 2267, Australia.",Australian Natl Univ," Sch Int Polit &amp; Strateg
   Studies", 257 Watkins Rd,1
166,MOBILE MEDIA & COMMUNICATION,2016,32,2,"From garamut to mobile phone: Communication change in rural Papua New
   Guinea",2,2,"Queensland Univ Technol, Creat Ind Fac, Brisbane,
   Qld, Australia.",Queensland Univ Technol, Creat Ind Fac, Brisbane,1
167,MOBILE MEDIA & COMMUNICATION,2016,32,2,"The regulatory jewel of the South Pacific: Samoa's decade of
   telecommunications reform",2,2,"Univ Technol Sydney, Commun, Ultimo, Australia.",Univ Technol Sydney, Commun, Ultimo,1
168,MOBILE MEDIA & COMMUNICATION,2016,32,2,"The regulatory jewel of the South Pacific: Samoa's decade of
   telecommunications reform",2,2,"Natl Univ Samoa, Comp &amp; Comp Educ, Apia, Samoa.",Natl Univ Samoa, Comp &amp; Comp Educ, Apia,1
169,MOBILE MEDIA & COMMUNICATION,2016,32,2,"Perpetual contact as a communicative affordance: Opportunities,
   constraints, and emotions",2,2,"Univ Cattolica Sacro Cuore, Milan, Italy.",Univ Cattolica Sacro Cuore, Milan, Italy.,1
170,MOBILE MEDIA & COMMUNICATION,2016,32,2,"Perpetual contact as a communicative affordance: Opportunities,
   constraints, and emotions",2,2,"London Sch Econ &amp; Polit Sci, London, England.",London Sch Econ &amp; Polit Sci, London, England.,1
171,MOBILE MEDIA & COMMUNICATION,2016,32,2,"Domestication of smartphones and mobile applications: A quantitative
   mixed-method study",4,5,"Delft Univ Technol, Fac Technol Policy &amp; Management,
   ICT Platforms &amp; Ecosystems, Delft, Netherlands.",Delft Univ Technol, Fac Technol Policy &amp; Management,"
   ICT Platforms &amp; Ecosystems",1
172,MOBILE MEDIA & COMMUNICATION,2016,32,2,"Domestication of smartphones and mobile applications: A quantitative
   mixed-method study",4,5,"Delft Univ Technol, Fac Technol Policy &amp; Management,
   Informat &amp; Commun Technol, Delft, Netherlands.",Delft Univ Technol, Fac Technol Policy &amp; Management,"
   Informat &amp; Commun Technol",1
173,MOBILE MEDIA & COMMUNICATION,2016,32,2,"Domestication of smartphones and mobile applications: A quantitative
   mixed-method study",4,5,"Abo Akad Univ, Business Adm, Turku,
   Finland.",Abo Akad Univ, Business Adm, Turku,2
174,MOBILE MEDIA & COMMUNICATION,2016,32,2,"Domestication of smartphones and mobile applications: A quantitative
   mixed-method study",4,5,"Abo Akad Univ, Inst Adv Management Syst Res, Turku,
   Finland.",Abo Akad Univ, Inst Adv Management Syst Res, Turku,1
175,MOBILE MEDIA & COMMUNICATION,2016,32,2,"""Always on and always on them"": Portable radios and the creation of the
   mobile media experience",1,1,"Northwestern Univ, Sch Profess Studies, Acad
   Programs, Evanston, IL 60208 USA.",Northwestern Univ, Sch Profess Studies," Acad
   Programs",1
176,MOBILE MEDIA & COMMUNICATION,2016,32,2,"The ""life and death"" of great Finnish fashion phones: A periodization of
   changing styles in Nokia phone design between 1992 and 2013",2,2,"Univ Stockholm, Mobile Life Ctr, Dept Comp &amp; Syst Sci,
   Human Comp Interact, Stockholm, Sweden.",Univ Stockholm, Mobile Life Ctr, Dept Comp &amp; Syst Sci,1
177,MOBILE MEDIA & COMMUNICATION,2016,32,2,"The ""life and death"" of great Finnish fashion phones: A periodization of
   changing styles in Nokia phone design between 1992 and 2013",2,2,"Univ Stockholm, Mobile Life Ctr, Dept Comp &amp; Syst Sci,
   Stockholm, Sweden.",Univ Stockholm, Mobile Life Ctr, Dept Comp &amp; Syst Sci,1
178,MOBILE MEDIA & COMMUNICATION,2016,32,2,"Immigrants and mobile phone uses: Spanish-speaking young adults recently
   arrived in London",2,2,"Univ Oberta Catalunya, Internet
   Interdisciplinary Inst, Informat &amp; Knowledge Soc, Barcelona, Spain.",Univ Oberta Catalunya," Internet
   Interdisciplinary Inst", Informat &amp; Knowledge Soc,1
179,MOBILE MEDIA & COMMUNICATION,2016,32,2,"Immigrants and mobile phone uses: Spanish-speaking young adults recently
   arrived in London",2,2,"Univ Oberta Catalunya, Humanities Dept, Barcelona,
   Spain.",Univ Oberta Catalunya, Humanities Dept, Barcelona,1
180,MOBILE MEDIA & COMMUNICATION,2017,32,2,"Involvement shield or social catalyst: Thoughts on sociospatial practice
   of Pokemon GO",1,1,"Cornell Univ, Commun, Ithaca, NY USA.",Cornell Univ, Commun, Ithaca,1
181,MOBILE MEDIA & COMMUNICATION,2017,32,2,"Pokemon GO as an HRG: Mobility, sociability, and surveillance in hybrid
   spaces",2,2,"North Carolina State Univ, CRDM, Raleigh, NC
   27695 USA.",North Carolina State Univ, CRDM, Raleigh,1
182,MOBILE MEDIA & COMMUNICATION,2017,32,2,"Pokemon GO as an HRG: Mobility, sociability, and surveillance in hybrid
   spaces",2,2,"North Carolina State Univ, Digital Games Res
   Ctr, Raleigh, NC 27695 USA.",North Carolina State Univ," Digital Games Res
   Ctr", Raleigh,1
183,MOBILE MEDIA & COMMUNICATION,2017,32,2,"From Mogi to Pokemon GO: Continuities and change in location-aware
   collection games",1,1,"Univ Paris Saclay, Telecom Paristech, CNRS, SES I3,
   Paris, France.",Univ Paris Saclay, Telecom Paristech, CNRS,1
184,MOBILE MEDIA & COMMUNICATION,2017,32,2,Reality has always been augmented: Play and the promises of Pokemon GO,1,1,"IT Univ Copenhagen, Copenhagen, Denmark.",IT Univ Copenhagen, Copenhagen, Denmark.,1
185,MOBILE MEDIA & COMMUNICATION,2017,32,2,Afraid to roam: The unlevel playing field of Pokemon GO,1,1,"Connected Camps, 3913 Spad Pl, Culver City, CA
   90232 USA.",Connected Camps, 3913 Spad Pl, Culver City,1
186,MOBILE MEDIA & COMMUNICATION,2017,32,2,"Pokemon GO, the novelty of nostalgia, and the ubiquity of the smartphone",1,1,"RMIT Univ, Melbourne, Vic, Australia.",RMIT Univ, Melbourne, Vic,1
187,MOBILE MEDIA & COMMUNICATION,2017,32,2,Pokemon's progressive revelation: Notes on 20 years of game design,1,1,"RMIT Univ, Melbourne, Vic, Australia.",RMIT Univ, Melbourne, Vic,1
188,MOBILE MEDIA & COMMUNICATION,2017,32,2,Pokemon GO: Entering the Ludic Society,1,1,"Univ Tampere, Informat Studies &amp; Interact Media
   Specializat Dig, Tampere, Finland.",Univ Tampere," Informat Studies &amp; Interact Media
   Specializat Dig", Tampere,1
189,MOBILE MEDIA & COMMUNICATION,2017,32,2,"The digital ""lure"": Small businesses and Pokemon GO",1,1,"Univ North Texas, Denton, TX 76203 USA.",Univ North Texas, Denton, TX 76203 USA.,1
190,MOBILE MEDIA & COMMUNICATION,2017,32,2,"Critical interpretation of the Pokemon GO phenomenon: The
   intensification of new capitalism and free labor",1,1,"Simon Fraser Univ, Sch Commun, Burnaby, BC, Canada.",Simon Fraser Univ, Sch Commun, Burnaby,1
191,MOBILE MEDIA & COMMUNICATION,2017,32,2,Pokemon GO as distributed imagination,1,1,"Univ Southampton, Winchester Sch Art, Digital Culture &amp;
   Design, Southampton, Hants, England.",Univ Southampton, Winchester Sch Art," Digital Culture &amp;
   Design",1
192,MOBILE MEDIA & COMMUNICATION,2017,32,2,"Restricting mobile phone access during homework increases attainment of
   study goals",3,3,"Lafayette Coll, Easton, PA 18042 USA.",Lafayette Coll, Easton, PA 18042 USA.,1
193,MOBILE MEDIA & COMMUNICATION,2017,32,2,"Restricting mobile phone access during homework increases attainment of
   study goals",3,3,"Lafayette Coll, Dept Psychol, Oechsle Hall,350
   Hamilton St, Easton, PA 18042 USA.",Lafayette Coll, Dept Psychol, Oechsle Hall,1
194,MOBILE MEDIA & COMMUNICATION,2017,32,2,"Restricting mobile phone access during homework increases attainment of
   study goals",3,3,"Amer Test Kitchen, Publ Televis Show, Brookline, MA
   USA.",Amer Test Kitchen, Publ Televis Show, Brookline,1
195,MOBILE MEDIA & COMMUNICATION,2017,32,2,Love at first swipe? Explaining Tinder self-presentation and motives,2,2,"Vrije Univ Amsterdam, Dept Commun Sci, Amsterdam,
   Netherlands.",Vrije Univ Amsterdam, Dept Commun Sci, Amsterdam,1
196,MOBILE MEDIA & COMMUNICATION,2017,32,2,Love at first swipe? Explaining Tinder self-presentation and motives,2,2,"BI Norwegian Business Sch, Dept Commun &amp; Culture,
   Oslo, Norway.",BI Norwegian Business Sch, Dept Commun &amp; Culture,"
   Oslo",1
197,MOBILE MEDIA & COMMUNICATION,2017,32,2,"Understanding and measuring mobile Facebook use: Who, why, and how?",5,6,"Univ Michigan, Commun Studies, 105 S
   State St,5370 North Quad, Ann Arbor, MI 48109 USA.",Univ Michigan, Commun Studies," 105 S
   State St",2
198,MOBILE MEDIA & COMMUNICATION,2017,32,2,"Understanding and measuring mobile Facebook use: Who, why, and how?",5,6,"Ohio State Univ, Sch Commun, Columbus, OH 43210 USA.",Ohio State Univ, Sch Commun, Columbus,1
199,MOBILE MEDIA & COMMUNICATION,2017,32,2,"Understanding and measuring mobile Facebook use: Who, why, and how?",5,6,"Univ Michigan, Ctr Polit Studies, Commun Studies, Ann
   Arbor, MI 48109 USA.",Univ Michigan, Ctr Polit Studies, Commun Studies,1
200,MOBILE MEDIA & COMMUNICATION,2017,32,2,"Understanding and measuring mobile Facebook use: Who, why, and how?",5,6,"Univ Michigan, Ctr Polit Studies, Ann Arbor, MI 48109 USA.",Univ Michigan, Ctr Polit Studies, Ann Arbor,1
201,MOBILE MEDIA & COMMUNICATION,2017,32,2,"Understanding and measuring mobile Facebook use: Who, why, and how?",5,6,"Univ Michigan, Telecommun, Ann Arbor, MI 48109 USA.",Univ Michigan, Telecommun, Ann Arbor,1
202,MOBILE MEDIA & COMMUNICATION,2017,32,2,"From ""connected presence"" to ""panoptic presence"": Reframing the
   parent-child relationship on mobile instant messaging uses in the
   Chinese translocal context",3,3,"Commun Univ China, Audience Res Ctr, Beijing, Peoples R China.",Commun Univ China, Audience Res Ctr, Beijing,1
203,MOBILE MEDIA & COMMUNICATION,2017,32,2,"From ""connected presence"" to ""panoptic presence"": Reframing the
   parent-child relationship on mobile instant messaging uses in the
   Chinese translocal context",3,3,"Chinese Univ Hong Kong, Sch Journalism &amp; Commun, Hong
   Kong, Hong Kong, Peoples R China.",Chinese Univ Hong Kong, Sch Journalism &amp; Commun," Hong
   Kong",1
204,MOBILE MEDIA & COMMUNICATION,2017,32,2,"From ""connected presence"" to ""panoptic presence"": Reframing the
   parent-child relationship on mobile instant messaging uses in the
   Chinese translocal context",3,3,"Commun Univ China, Commun, Beijing, Peoples R China.",Commun Univ China, Commun, Beijing,1
205,MOBILE MEDIA & COMMUNICATION,2017,32,2,Mobile Myanmar: The development of a mobile app culture in Yangon,1,1,"Telenor Grp, Baerum, Norway.",Telenor Grp, Baerum, Norway.,1
206,MOBILE MEDIA & COMMUNICATION,2017,32,2,"Mobile recovery? The impact of smartphone use on recovery experiences in
   waiting situations",3,3,"Univ Mannheim, Mannheim, Germany.",Univ Mannheim, Mannheim, Germany.,1
207,MOBILE MEDIA & COMMUNICATION,2017,32,2,"Mobile recovery? The impact of smartphone use on recovery experiences in
   waiting situations",3,3,"Hanover Univ Mus Drama &amp; Media, Hannover, Germany.",Hanover Univ Mus Drama &amp; Media, Hannover, Germany.,1
208,MOBILE MEDIA & COMMUNICATION,2017,32,2,"Mobile recovery? The impact of smartphone use on recovery experiences in
   waiting situations",3,3,"Univ Mannheim, Inst Media &amp; Commun Studies, Media &amp;
   Commun, Mannheim, Germany.",Univ Mannheim, Inst Media &amp; Commun Studies," Media &amp;
   Commun",1
209,MOBILE MEDIA & COMMUNICATION,2017,32,2,"Gender differences in gratifications from fitness app use and
   implications for health interventions",3,3,"Tech Univ Dresden, Appl Media Res, Dresden, Germany.",Tech Univ Dresden, Appl Media Res, Dresden,1
210,MOBILE MEDIA & COMMUNICATION,2017,32,2,"Gender differences in gratifications from fitness app use and
   implications for health interventions",3,3,"Hanover Univ Mus Drama &amp; Media, Hanover Ctr Hlth
   Commun, Hannover, Germany.",Hanover Univ Mus Drama &amp; Media," Hanover Ctr Hlth
   Commun", Hannover,1
211,MOBILE MEDIA & COMMUNICATION,2017,32,2,"Gender differences in gratifications from fitness app use and
   implications for health interventions",3,3,"Tech Univ Dresden, Dresden, Germany.",Tech Univ Dresden, Dresden, Germany.,1
212,MOBILE MEDIA & COMMUNICATION,2017,32,2,"A multipronged evidence-based approach to implement mHealth for
   underserved HIV-infected populations",2,2,"SUNY Albany, Commun, Albany, NY 12222 USA.",SUNY Albany, Commun, Albany,1
213,MOBILE MEDIA & COMMUNICATION,2017,32,2,"A multipronged evidence-based approach to implement mHealth for
   underserved HIV-infected populations",2,2,"Dimagi Inc, Cambridge, MA USA.",Dimagi Inc, Cambridge, MA USA.,1
214,MOBILE MEDIA & COMMUNICATION,2017,32,2,Self-tracking and mobile media: New digital materialities,2,2,"RMIT Univ, Sch Media &amp; Commun, Digital Ethnog Res Ctr,
   Melbourne, Vic, Australia.",RMIT Univ, Sch Media &amp; Commun, Digital Ethnog Res Ctr,1
215,MOBILE MEDIA & COMMUNICATION,2017,32,2,Self-tracking and mobile media: New digital materialities,2,2,"Halmstad Univ, Informat Technol Dept, Halmstad, Sweden.",Halmstad Univ, Informat Technol Dept, Halmstad,1
216,MOBILE MEDIA & COMMUNICATION,2017,32,2,"Smartphone Internet access and use: Extending the digital divide and
   usage gap",2,2,"Univ Arizona, Dept Commun, Tucson, AZ 85721 USA.",Univ Arizona, Dept Commun, Tucson,1
217,MOBILE MEDIA & COMMUNICATION,2017,32,2,"Smartphone Internet access and use: Extending the digital divide and
   usage gap",2,2,"Univ Arizona, Commun, Tucson, AZ 85721 USA.",Univ Arizona, Commun, Tucson,1
218,MOBILE MEDIA & COMMUNICATION,2017,32,2,"Attending to attention: How do people attract, manage, and negotiate
   attention using mobile devices?",3,4,"Northwestern Univ, Dept Commun Studies, 2240 Campus
   Dr, Evanston, IL 60208 USA.",Northwestern Univ, Dept Commun Studies," 2240 Campus
   Dr",1
219,MOBILE MEDIA & COMMUNICATION,2017,32,2,"Attending to attention: How do people attract, manage, and negotiate
   attention using mobile devices?",3,4,"Northwestern Univ, Dept Elect Engn &amp; Comp Sci,
   Evanston, IL 60208 USA.",Northwestern Univ, Dept Elect Engn &amp; Comp Sci,"
   Evanston",1
220,MOBILE MEDIA & COMMUNICATION,2017,32,2,"Attending to attention: How do people attract, manage, and negotiate
   attention using mobile devices?",3,4,"Northwestern Univ, Evanston, IL 60208 USA.",Northwestern Univ, Evanston, IL 60208 USA.,2
221,MOBILE MEDIA & COMMUNICATION,2018,32,2,"""Mr Right Now"": Temporality of relationship formation on gay mobile
   dating apps",2,2,"Hong Kong Baptist Univ, Dept Commun Studies, Org
   Commun, Kowloon Tong, Hong Kong, Peoples R China.",Hong Kong Baptist Univ, Dept Commun Studies," Org
   Commun",1
222,MOBILE MEDIA & COMMUNICATION,2018,32,2,"""Mr Right Now"": Temporality of relationship formation on gay mobile
   dating apps",2,2,"Chinese Univ Hong Kong, Dept Anthropol, Shatin, Hong
   Kong, Peoples R China.",Chinese Univ Hong Kong, Dept Anthropol, Shatin,1
223,MOBILE MEDIA & COMMUNICATION,2018,32,2,"Music streams, smartphones, and the self",1,1,"Telenor Res, Snaroyveien 30, N-1331 Forneu, Norway.",Telenor Res, Snaroyveien 30, N-1331 Forneu,1
224,MOBILE MEDIA & COMMUNICATION,2018,32,2,"""We're not only here but we're there in spirit"": Asymmetrical mobile
   intimacy and the transnational Filipino family",1,1,"Monash Univ, Media &amp; Commun, Caulfield
   Campus, Melbourne, Vic, Australia.",Monash Univ, Media &amp; Commun," Caulfield
   Campus",1
225,MOBILE MEDIA & COMMUNICATION,2018,32,2,"Mobile sourcing: A case study of journalistic norms and usage of chat
   apps",2,3,"Univ Minnesota, Hubbard Sch
   Journalism &amp; Mass Commun, Journalism Studies, Minneapolis, MN USA.",Univ Minnesota," Hubbard Sch
   Journalism &amp; Mass Commun", Journalism Studies,2
226,MOBILE MEDIA & COMMUNICATION,2018,32,2,"Mobile sourcing: A case study of journalistic norms and usage of chat
   apps",2,3,"Yale Univ, New Haven, CT 06520 USA.",Yale Univ, New Haven, CT 06520 USA.,1
227,MOBILE MEDIA & COMMUNICATION,2018,32,2,Evolution of Korea's mobile technologies: A historical approach,1,1,"Simon Fraser Univ, Sch Commun, Vancouver, BC, Canada.",Simon Fraser Univ, Sch Commun, Vancouver,1
228,MOBILE MEDIA & COMMUNICATION,2018,32,2,"Smartphone apps as cosituated closets: A lesbian app, public/private
   spaces, mobile intimacy, and collapsing contexts",1,1,"Chinese Univ Hong Kong, Sch Journalism &amp;
   Commun, Room 8,Humanities Bldg, Shatin, Hong Kong, Peoples R China.",Chinese Univ Hong Kong," Sch Journalism &amp;
   Commun", Room 8,1
229,MOBILE MEDIA & COMMUNICATION,2018,32,2,"Use of mobile social apps for public communication in China:
   Gratifications as antecedents of reposting articles from WeChat public
   accounts",3,3,"Univ South Carolina, Sch Journalism &amp; Mass Commun,
   Journalism, Columbia, SC 29208 USA.",Univ South Carolina, Sch Journalism &amp; Mass Commun,"
   Journalism",1
230,MOBILE MEDIA & COMMUNICATION,2018,32,2,"Use of mobile social apps for public communication in China:
   Gratifications as antecedents of reposting articles from WeChat public
   accounts",3,3,"Commun Univ China, Sch Advertising, Beijing, Peoples R
   China.",Commun Univ China, Sch Advertising, Beijing,1
231,MOBILE MEDIA & COMMUNICATION,2018,32,2,"Use of mobile social apps for public communication in China:
   Gratifications as antecedents of reposting articles from WeChat public
   accounts",3,3,"Ithaca Coll, Roy H Pk Sch Commun, Ithaca, NY 14850 USA.",Ithaca Coll, Roy H Pk Sch Commun, Ithaca,1
232,MOBILE MEDIA & COMMUNICATION,2018,32,2,"Capturing mobility: The time-space diary as a method for assessing media
   use niches",4,4,"Loyola Univ Maryland, Dept Commun, 4501 N
   Charles St, Baltimore, MD 21210 USA.",Loyola Univ Maryland, Dept Commun," 4501 N
   Charles St",1
233,MOBILE MEDIA & COMMUNICATION,2018,32,2,"Capturing mobility: The time-space diary as a method for assessing media
   use niches",4,4,"Ohio State Univ, Sch Commun, Columbus, OH 43210 USA.",Ohio State Univ, Sch Commun, Columbus,1
234,MOBILE MEDIA & COMMUNICATION,2018,32,2,"Capturing mobility: The time-space diary as a method for assessing media
   use niches",4,4,"Univ S Florida, Zimmerman Sch Advertising &amp; Mass
   Commun, Grad Studies, Tampa, FL 33620 USA.",Univ S Florida," Zimmerman Sch Advertising &amp; Mass
   Commun", Grad Studies,1
235,MOBILE MEDIA & COMMUNICATION,2018,32,2,"Capturing mobility: The time-space diary as a method for assessing media
   use niches",4,4,"Rowan Univ, Dept Commun Studies, Stratford, NJ USA.",Rowan Univ, Dept Commun Studies, Stratford,1
236,MOBILE MEDIA & COMMUNICATION,2018,32,2,"Capturing community in mobility: Mobile methods for community
   informatics",2,4,"Penn State Univ,
   Coll Informat Sci &amp; Technol, Univ Pk,315 Informat Sci &amp; Technol Bldg,
   State Coll, PA 16802 USA.",Penn State Univ,"
   Coll Informat Sci &amp; Technol", Univ Pk,3
237,MOBILE MEDIA & COMMUNICATION,2018,32,2,"Capturing community in mobility: Mobile methods for community
   informatics",2,4,"Fu Jen Catholic Univ, Dept Advertising &amp; Publ
   Relat, Taipei, Taiwan.",Fu Jen Catholic Univ," Dept Advertising &amp; Publ
   Relat", Taipei,1
238,MOBILE MEDIA & COMMUNICATION,2018,32,2,"A methodological pilot for gathering data through text-messaging to
   study question-asking in everyday life",3,3,"Northwestern Univ, Commun Studies Dept, 2240 Campus Dr,
   Evanston, IL 60208 USA.",Northwestern Univ, Commun Studies Dept, 2240 Campus Dr,1
239,MOBILE MEDIA & COMMUNICATION,2018,32,2,"A methodological pilot for gathering data through text-messaging to
   study question-asking in everyday life",3,3,"Northwestern Univ, Dept Elect Engn &amp; Comp Sci,
   Evanston, IL USA.",Northwestern Univ, Dept Elect Engn &amp; Comp Sci,"
   Evanston",1
240,MOBILE MEDIA & COMMUNICATION,2018,32,2,"A methodological pilot for gathering data through text-messaging to
   study question-asking in everyday life",3,3,"Univ Zurich, Dept Commun &amp; Media Res, Chair Internet
   Use &amp; Soc, Zurich, Switzerland.",Univ Zurich, Dept Commun &amp; Media Res," Chair Internet
   Use &amp; Soc",1
241,MOBILE MEDIA & COMMUNICATION,2018,32,2,"How to measure sessions of mobile phone use? Quantification, evaluation,
   and applications",5,7,"City Univ Hong Kong, Computat Social Sci, Kowloon,
   Hong Kong, Peoples R China.",City Univ Hong Kong, Computat Social Sci, Kowloon,1
242,MOBILE MEDIA & COMMUNICATION,2018,32,2,"How to measure sessions of mobile phone use? Quantification, evaluation,
   and applications",5,7,"City Univ Hong Kong,
   Dept Media &amp; Commun, Web Min Lab, 18 Tat Hong Ave, Kowloon, Hong Kong,
   Peoples R China.",City Univ Hong Kong,"
   Dept Media &amp; Commun", Web Min Lab,3
243,MOBILE MEDIA & COMMUNICATION,2018,32,2,"How to measure sessions of mobile phone use? Quantification, evaluation,
   and applications",5,7,"City Univ Hong Kong, Dept Media &amp; Commun, Kowloon, Hong
   Kong, Peoples R China.",City Univ Hong Kong, Dept Media &amp; Commun, Kowloon,1
244,MOBILE MEDIA & COMMUNICATION,2018,32,2,"How to measure sessions of mobile phone use? Quantification, evaluation,
   and applications",5,7,"Michigan State Univ, Dept Commun, E Lansing, MI 48824
   USA.",Michigan State Univ, Dept Commun, E Lansing,1
245,MOBILE MEDIA & COMMUNICATION,2018,32,2,"How to measure sessions of mobile phone use? Quantification, evaluation,
   and applications",5,7,"Southeast Univ, Sch Comp Sci &amp; Engn, Nanjing, Jiangsu,
   Peoples R China.",Southeast Univ, Sch Comp Sci &amp; Engn, Nanjing,1
246,MOBILE MEDIA & COMMUNICATION,2018,32,2,"The smartphone as a snapshot of its use: Mobile media elicitation in
   qualitative interviews",1,1,"Inst Comparat Media &amp; Commun Studies, Postgasse 7-4-1,
   A-1010 Vienna, Austria.",Inst Comparat Media &amp; Commun Studies, Postgasse 7-4-1,"
   A-1010 Vienna",1
247,MOBILE MEDIA & COMMUNICATION,2018,32,2,"Mobile Voices: Design as a method to explore the possibilities and
   limitations of community participation",4,4,"Calif State Univ Northridge, Dept Commun Studies,
   Commun &amp; Technol, Northridge, CA USA.",Calif State Univ Northridge, Dept Commun Studies,"
   Commun &amp; Technol",1
248,MOBILE MEDIA & COMMUNICATION,2018,32,2,"Mobile Voices: Design as a method to explore the possibilities and
   limitations of community participation",4,4,"Univ Washington, Dept Commun, Seattle, WA 98195 USA.",Univ Washington, Dept Commun, Seattle,1
249,MOBILE MEDIA & COMMUNICATION,2018,32,2,"Mobile Voices: Design as a method to explore the possibilities and
   limitations of community participation",4,4,"Amer Univ, Sch Commun, Washington, DC 20016 USA.",Amer Univ, Sch Commun, Washington,1
250,MOBILE MEDIA & COMMUNICATION,2018,32,2,"Mobile Voices: Design as a method to explore the possibilities and
   limitations of community participation",4,4,"Univ Southern Calif, Commun &amp; Spatial Sci, Annenberg
   Sch, Los Angeles, CA 90089 USA.",Univ Southern Calif, Commun &amp; Spatial Sci," Annenberg
   Sch",1
251,MOBILE MEDIA & COMMUNICATION,2018,32,2,Capturing commemoration: Using mobile recordings within memory research,2,2,"Univ Amsterdam, Amsterdam, Netherlands.",Univ Amsterdam, Amsterdam, Netherlands.,1
252,MOBILE MEDIA & COMMUNICATION,2018,32,2,Capturing commemoration: Using mobile recordings within memory research,2,2,"Univ New South Wales, Sydney, NSW, Australia.",Univ New South Wales, Sydney, NSW,1
253,MOBILE MEDIA & COMMUNICATION,2018,32,2,"Selfie-taking motives and social psychological dispositions as
   predictors of selfie-related activities among university students in
   Kuwait",2,2,"Gulf Univ Sci &amp; Technol, Mass Commun, Kuwait
   Hawally, Kuwait.",Gulf Univ Sci &amp; Technol, Mass Commun," Kuwait
   Hawally",1
254,MOBILE MEDIA & COMMUNICATION,2018,32,2,"Selfie-taking motives and social psychological dispositions as
   predictors of selfie-related activities among university students in
   Kuwait",2,2,"Gulf Univ Sci &amp; Technol, Visual Commun, Kuwait
   Hawally, Kuwait.",Gulf Univ Sci &amp; Technol, Visual Commun," Kuwait
   Hawally",1
255,MOBILE MEDIA & COMMUNICATION,2018,32,2,"Texting in motion: Keystroke logging and observing synchronous mobile
   discourse",1,2,"North Carolina State Univ, Commun
   Rhetor &amp; Digital Media Program, Raleigh, NC 27695 USA.",North Carolina State Univ," Commun
   Rhetor &amp; Digital Media Program", Raleigh,2
256,MOBILE MEDIA & COMMUNICATION,2018,32,2,"Disrupted copresence: Older adults' views on mobile phone use during
   face-to-face interactions",3,6,"Michigan State Univ,
   Informat &amp; Media Doctoral Program, E Lansing, MI 48824 USA.",Michigan State Univ,"
   Informat &amp; Media Doctoral Program", E Lansing,3
257,MOBILE MEDIA & COMMUNICATION,2018,32,2,"Disrupted copresence: Older adults' views on mobile phone use during
   face-to-face interactions",3,6,"Michigan State Univ, E Lansing, MI
   48824 USA.",Michigan State Univ, E Lansing," MI
   48824 USA.",2
258,MOBILE MEDIA & COMMUNICATION,2018,32,2,"Disrupted copresence: Older adults' views on mobile phone use during
   face-to-face interactions",3,6,"Michigan State Univ, Dept Media &amp; Informat, 404 Wilson
   Rd, E Lansing, MI 48824 USA.",Michigan State Univ, Dept Media &amp; Informat," 404 Wilson
   Rd",1
259,MOBILE MEDIA & COMMUNICATION,2018,32,2,"iNakba, mobile media and society's memory",1,1,"Ben Gurion Univ Negev, Commun Studies Dept, Bear Sheva,
   Israel.",Ben Gurion Univ Negev, Commun Studies Dept, Bear Sheva,1
260,MOBILE MEDIA & COMMUNICATION,2018,32,2,App features that fulfill parents' needs in apps for children,3,4,"Univ Amsterdam,
   Amsterdam, Netherlands.",Univ Amsterdam,"
   Amsterdam", Netherlands.,2
261,MOBILE MEDIA & COMMUNICATION,2018,32,2,App features that fulfill parents' needs in apps for children,3,4,"Univ Amsterdam, Amsterdam Sch Commun Res
   ASCoR, Amsterdam, Netherlands.",Univ Amsterdam," Amsterdam Sch Commun Res
   ASCoR", Amsterdam,1
262,MOBILE MEDIA & COMMUNICATION,2018,32,2,App features that fulfill parents' needs in apps for children,3,4,"Univ Amsterdam, Commun Sci, Amsterdam,
   Netherlands.",Univ Amsterdam, Commun Sci, Amsterdam,1
263,MOBILE MEDIA & COMMUNICATION,2018,32,2,"Empowerment or alienation: Chinese and Korean immigrant mothers'
   perception of mobile media in constructing their social role and
   facilitating parenting practices in the US",2,2,"Washington State Univ, Dept Strateg Commun, Edward R
   Murrow Coll Commun, Pullman, WA 99164 USA.",Washington State Univ, Dept Strateg Commun," Edward R
   Murrow Coll Commun",1
264,MOBILE MEDIA & COMMUNICATION,2018,32,2,"Empowerment or alienation: Chinese and Korean immigrant mothers'
   perception of mobile media in constructing their social role and
   facilitating parenting practices in the US",2,2,"Univ Florida, Sch Journalism &amp; Commun, Advertising,
   Gainesville, FL 32611 USA.",Univ Florida, Sch Journalism &amp; Commun, Advertising,1
265,MOBILE MEDIA & COMMUNICATION,2018,32,2,"Video-ethnography of social media apps' connection cues in public
   settings",1,2,"French Natl Ctr Sci Res, Paris, France.",French Natl Ctr Sci Res, Paris, France.,2
