,Journal,Year,Journal_Rank,Q_Position,Title,Total_Units,Total_Authors,Unit_Address,Unit_Name_1,Unit_Name_2,Unit_Name_3,Author_Number
0,INTERNATIONAL JOURNAL OF BUSINESS COMMUNICATION,2015,33,2,"The Role of Employee Identification and Organizational Identity in
   Strategic Communication and Organizational Issues Management about
   Genetic Modification",4,5,"Univ Waikato, Dept Management
   Commun, Hamilton, New Zealand.",Univ Waikato," Dept Management
   Commun", Hamilton,2
1,INTERNATIONAL JOURNAL OF BUSINESS COMMUNICATION,2015,33,2,"The Role of Employee Identification and Organizational Identity in
   Strategic Communication and Organizational Issues Management about
   Genetic Modification",4,5,"Univ Waikato, Hamilton, New Zealand.",Univ Waikato, Hamilton, New Zealand.,1
2,INTERNATIONAL JOURNAL OF BUSINESS COMMUNICATION,2015,33,2,"The Role of Employee Identification and Organizational Identity in
   Strategic Communication and Organizational Issues Management about
   Genetic Modification",4,5,"Univ Waikato, Postgrad Res, Hamilton, New Zealand.",Univ Waikato, Postgrad Res, Hamilton,1
3,INTERNATIONAL JOURNAL OF BUSINESS COMMUNICATION,2015,33,2,"The Role of Employee Identification and Organizational Identity in
   Strategic Communication and Organizational Issues Management about
   Genetic Modification",4,5,"Univ Utah, Salt Lake City, UT USA.",Univ Utah, Salt Lake City, UT USA.,1
4,INTERNATIONAL JOURNAL OF BUSINESS COMMUNICATION,2015,33,2,"Defining Distinctiveness: The Connections Between Organizational
   Identity, Competition, and Strategy in Public Radio Organizations",1,1,"Cal Poly Pomona, Pomona, CA 91768 USA.",Cal Poly Pomona, Pomona, CA 91768 USA.,1
5,INTERNATIONAL JOURNAL OF BUSINESS COMMUNICATION,2015,33,2,Organizational Disruptions and Triggers for Divergent Sensemaking,4,4,"Rutgers State Univ, Dept Commun, Sch Commun &amp;
   Informat, 4 Huntington St 206, New Brunswick, NJ 08901 USA.",Rutgers State Univ, Dept Commun," Sch Commun &amp;
   Informat",1
6,INTERNATIONAL JOURNAL OF BUSINESS COMMUNICATION,2015,33,2,Organizational Disruptions and Triggers for Divergent Sensemaking,4,4,"Naval Postgrad Sch, Managerial Commun, MBA Program,
   Ctr Execut Educ, Monterey, CA USA.",Naval Postgrad Sch, Managerial Commun, MBA Program,1
7,INTERNATIONAL JOURNAL OF BUSINESS COMMUNICATION,2015,33,2,Organizational Disruptions and Triggers for Divergent Sensemaking,4,4,"Naval Postgrad Sch, Strateg Commun, Ctr Execut Educ,
   Monterey, CA USA.",Naval Postgrad Sch, Strateg Commun, Ctr Execut Educ,1
8,INTERNATIONAL JOURNAL OF BUSINESS COMMUNICATION,2015,33,2,Organizational Disruptions and Triggers for Divergent Sensemaking,4,4,"Univ Southern Calif, Annenberg Sch Commun &amp;
   Journalism, Los Angeles, CA USA.",Univ Southern Calif," Annenberg Sch Commun &amp;
   Journalism", Los Angeles,1
9,INTERNATIONAL JOURNAL OF BUSINESS COMMUNICATION,2015,33,2,"Strategic Vision and Values in Top Leaders' Communications: Motivating
   Language at a Higher Level",2,3,"Texas A&amp;M Int Univ, AR Sanchez
   Sch Business, Laredo, TX 78041 USA.",Texas A&amp;M Int Univ," AR Sanchez
   Sch Business", Laredo,2
10,INTERNATIONAL JOURNAL OF BUSINESS COMMUNICATION,2015,33,2,"Strategic Vision and Values in Top Leaders' Communications: Motivating
   Language at a Higher Level",2,3,"Mil Coll South Carolina, The Citadel,
   Charleston, SC USA.",Mil Coll South Carolina, The Citadel,"
   Charleston",1
11,INTERNATIONAL JOURNAL OF BUSINESS COMMUNICATION,2015,33,2,On the Dark Side of Strategic Communication,3,3,"Univ Alabama, Management, Tuscaloosa, AL 35487 USA.",Univ Alabama, Management, Tuscaloosa,1
12,INTERNATIONAL JOURNAL OF BUSINESS COMMUNICATION,2015,33,2,On the Dark Side of Strategic Communication,3,3,"Univ Alabama, Management Commun, Tuscaloosa, AL
   35487 USA.",Univ Alabama, Management Commun, Tuscaloosa,1
13,INTERNATIONAL JOURNAL OF BUSINESS COMMUNICATION,2015,33,2,On the Dark Side of Strategic Communication,3,3,"Univ Alabama, Culverhouse Coll Commerce,
   Tuscaloosa, AL 35487 USA.",Univ Alabama, Culverhouse Coll Commerce,"
   Tuscaloosa",1
14,INTERNATIONAL JOURNAL OF BUSINESS COMMUNICATION,2015,33,2,Leveraging Social Networks for Strategic Success,3,4,"Univ S Florida, Commun, Tampa, FL 33620 USA.",Univ S Florida, Commun, Tampa,1
15,INTERNATIONAL JOURNAL OF BUSINESS COMMUNICATION,2015,33,2,Leveraging Social Networks for Strategic Success,3,4,"Univ S Florida, Coll Arts &amp; Sci, 4202 East
   Fowler,CIS 1040, Tampa, FL 33620 USA.",Univ S Florida, Coll Arts &amp; Sci," 4202 East
   Fowler",1
16,INTERNATIONAL JOURNAL OF BUSINESS COMMUNICATION,2015,33,2,Leveraging Social Networks for Strategic Success,3,4,"Syndio, Chicago, IL USA.",Syndio, Chicago, IL USA.,2
17,INTERNATIONAL JOURNAL OF BUSINESS COMMUNICATION,2015,33,2,"The Use of Visualization in the Communication of Business Strategies: An
   Experimental Evaluation",2,4,"Univ Lugano, Lugano, Switzerland.",Univ Lugano, Lugano, Switzerland.,1
18,INTERNATIONAL JOURNAL OF BUSINESS COMMUNICATION,2015,33,2,"The Use of Visualization in the Communication of Business Strategies: An
   Experimental Evaluation",2,4,"Univ St
   Gallen, St Gallen, Switzerland.","Univ St
   Gallen", St Gallen, Switzerland.,3
19,INTERNATIONAL JOURNAL OF BUSINESS COMMUNICATION,2015,33,2,"A Preliminary Examination of Perceptions of Social Influence in Group
   Decision Making in the Workplace",1,2,"Northern
   Illinois Univ, Commun Dept, De Kalb, IL 60115 USA.","Northern
   Illinois Univ", Commun Dept, De Kalb,2
20,INTERNATIONAL JOURNAL OF BUSINESS COMMUNICATION,2015,33,2,"Corporate Social Responsibility Communication Through Corporate
   Websites: A Comparison of Leading Corporations in the United States and
   China",3,3,"Univ Alabama, Dept Commun Studies, Tuscaloosa, AL 35487 USA.",Univ Alabama, Dept Commun Studies, Tuscaloosa,1
21,INTERNATIONAL JOURNAL OF BUSINESS COMMUNICATION,2015,33,2,"Corporate Social Responsibility Communication Through Corporate
   Websites: A Comparison of Leading Corporations in the United States and
   China",3,3,"Univ Alabama, Coll Commun &amp; Informat Sci, Tuscaloosa, AL
   35487 USA.",Univ Alabama, Coll Commun &amp; Informat Sci, Tuscaloosa,1
22,INTERNATIONAL JOURNAL OF BUSINESS COMMUNICATION,2015,33,2,"Corporate Social Responsibility Communication Through Corporate
   Websites: A Comparison of Leading Corporations in the United States and
   China",3,3,"Troy Univ, Hall Sch Journalism &amp; Commun, Troy,
   AL USA.",Troy Univ, Hall Sch Journalism &amp; Commun, Troy,1
23,INTERNATIONAL JOURNAL OF BUSINESS COMMUNICATION,2015,33,2,"It's Not What You Say, It's The Way That You Say It: The Mediating
   Effect of Upward Influencing Communications on the Relationship Between
   Leader-Member Exchange and Performance Ratings",5,5,"Univ Auckland, Lifelong Learning, Auckland, New
   Zealand.",Univ Auckland, Lifelong Learning, Auckland,1
24,INTERNATIONAL JOURNAL OF BUSINESS COMMUNICATION,2015,33,2,"It's Not What You Say, It's The Way That You Say It: The Mediating
   Effect of Upward Influencing Communications on the Relationship Between
   Leader-Member Exchange and Performance Ratings",5,5,"Univ Auckland, Learning &amp; Teaching, Auckland, New
   Zealand.",Univ Auckland, Learning &amp; Teaching, Auckland,1
25,INTERNATIONAL JOURNAL OF BUSINESS COMMUNICATION,2015,33,2,"It's Not What You Say, It's The Way That You Say It: The Mediating
   Effect of Upward Influencing Communications on the Relationship Between
   Leader-Member Exchange and Performance Ratings",5,5,"Univ Auckland, Grad Sch Management, Private Bag
   92019, Auckland 1142, New Zealand.",Univ Auckland, Grad Sch Management," Private Bag
   92019",1
26,INTERNATIONAL JOURNAL OF BUSINESS COMMUNICATION,2015,33,2,"It's Not What You Say, It's The Way That You Say It: The Mediating
   Effect of Upward Influencing Communications on the Relationship Between
   Leader-Member Exchange and Performance Ratings",5,5,"AUT Univ, Fac Business, Management, Auckland, New
   Zealand.",AUT Univ, Fac Business, Management,1
27,INTERNATIONAL JOURNAL OF BUSINESS COMMUNICATION,2015,33,2,"It's Not What You Say, It's The Way That You Say It: The Mediating
   Effect of Upward Influencing Communications on the Relationship Between
   Leader-Member Exchange and Performance Ratings",5,5,"Univ Auckland, Dept Psychol, Auckland, New
   Zealand.",Univ Auckland, Dept Psychol, Auckland,1
28,INTERNATIONAL JOURNAL OF BUSINESS COMMUNICATION,2015,33,2,An Application of Motivating Language Theory in Mexican Organizations,2,2,"Cleveland State Univ, Coll Business Adm, Cleveland,
   OH 44114 USA.",Cleveland State Univ, Coll Business Adm, Cleveland,1
29,INTERNATIONAL JOURNAL OF BUSINESS COMMUNICATION,2015,33,2,An Application of Motivating Language Theory in Mexican Organizations,2,2,"Texas A&amp;M Int Univ, Coll Business Adm, Laredo, TX, Spain.",Texas A&amp;M Int Univ, Coll Business Adm, Laredo,1
30,INTERNATIONAL JOURNAL OF BUSINESS COMMUNICATION,2015,33,2,"The Hype and Reality of Social Media Use for Work Collaboration and Team
   Communication",2,2,"Univ Southern Calif, Marshall Sch Business, Los
   Angeles, CA 90089 USA.",Univ Southern Calif, Marshall Sch Business," Los
   Angeles",1
31,INTERNATIONAL JOURNAL OF BUSINESS COMMUNICATION,2015,33,2,"The Hype and Reality of Social Media Use for Work Collaboration and Team
   Communication",2,2,"Georgia Coll, Business Sch, Milledgeville, GA 31061
   USA.",Georgia Coll, Business Sch, Milledgeville,1
32,INTERNATIONAL JOURNAL OF BUSINESS COMMUNICATION,2015,33,2,"Supervisor-Subordinate Communication Competence and Job and
   Communication Satisfaction",1,2,"Univ West Indies, St Augustine
   Campus, St Augustine, Trinid &amp; Tobago.",Univ West Indies," St Augustine
   Campus", St Augustine,2
33,INTERNATIONAL JOURNAL OF BUSINESS COMMUNICATION,2015,33,2,"Internal Crisis Communication Strategies to Protect Trust Relationships:
   A Study of Italian Companies",2,2,"IULM Univ, Inst Econ &amp; Mkt, Milan, Italy.",IULM Univ, Inst Econ &amp; Mkt, Milan,1
34,INTERNATIONAL JOURNAL OF BUSINESS COMMUNICATION,2015,33,2,"Internal Crisis Communication Strategies to Protect Trust Relationships:
   A Study of Italian Companies",2,2,"Aarhus Univ, Sch Business &amp; Social Sci, Dept
   Business Commun, Jens Chr Skous Vej 4, DK-8000 Aarhus C, Denmark.",Aarhus Univ, Sch Business &amp; Social Sci," Dept
   Business Commun",1
35,INTERNATIONAL JOURNAL OF BUSINESS COMMUNICATION,2015,33,2,"Information Sharing and Citizenship Behaviors: Mediating the Roles of
   Empowerment, Procedural Justice, and Perceived Organizational Support",1,2,"Ecole Hautes Etud
   Commerciales Montreal, Montreal, PQ, Canada.","Ecole Hautes Etud
   Commerciales Montreal", Montreal, PQ,2
36,INTERNATIONAL JOURNAL OF BUSINESS COMMUNICATION,2015,33,2,Facework in Responding to Unethical Communication,1,2,"Northern Illinois
   Univ, De Kalb, IL 60115 USA.","Northern Illinois
   Univ", De Kalb, IL 60115 USA.,2
37,INTERNATIONAL JOURNAL OF BUSINESS COMMUNICATION,2015,33,2,"Dialogue in Strategy Practice: A Discourse Analysis of a Strategy
   Workshop",1,2,"Dublin Inst Technol, Dublin,
   Ireland.",Dublin Inst Technol, Dublin,"
   Ireland.",2
38,INTERNATIONAL JOURNAL OF BUSINESS COMMUNICATION,2015,33,2,"Who Wants to Be the Leader? The Linguistic Construction of Emerging
   Leadership in Differently Gendered Teams",1,1,"Aston Univ, Appl Linguist, Birmingham, W Midlands,
   England.",Aston Univ, Appl Linguist, Birmingham,1
39,INTERNATIONAL JOURNAL OF BUSINESS COMMUNICATION,2015,33,2,Women Doing Leadership: Leadership Styles and Organizational Culture,1,2,"Univ Southern Calif, Marshall Sch
   Business, Clin Management Commun, Los Angeles, CA 90089 USA.",Univ Southern Calif," Marshall Sch
   Business", Clin Management Commun,2
40,INTERNATIONAL JOURNAL OF BUSINESS COMMUNICATION,2016,33,2,The Language of Failure: The Use of Accounts in Financial Reports,1,2,"Lund Univ, Sch Econ &amp; Management,
   Lund, Sweden.",Lund Univ, Sch Econ &amp; Management,"
   Lund",2
41,INTERNATIONAL JOURNAL OF BUSINESS COMMUNICATION,2016,33,2,Open Doors and Iron Cages: Supervisors' Responses to Employee Dissent,1,1,"Texas Christian Univ, Commun Studies Bob
   Schieffer Coll Commun, Ft Worth, TX 76129 USA.",Texas Christian Univ," Commun Studies Bob
   Schieffer Coll Commun", Ft Worth,1
42,INTERNATIONAL JOURNAL OF BUSINESS COMMUNICATION,2016,33,2,"Good Times, Bad Times: A Keyword Analysis of Letters to Shareholders of
   Two Fortune 500 Banking Institutions",1,1,"Univ Arizona, Language Acquisit &amp; Teaching 2, Modern
   Languages 549,1423 East Univ Blvd, Tucson, AZ 85721 USA.",Univ Arizona, Language Acquisit &amp; Teaching 2," Modern
   Languages 549",1
43,INTERNATIONAL JOURNAL OF BUSINESS COMMUNICATION,2016,33,2,"Assessing the Supervisor-Subordinate Relationship Involving Part-Time
   Employees",2,5,"West Virginia Univ, Dept Commun
   Studies, 108 Armstrong Hall,POB 6293, Morgantown, WV 26506 USA.",West Virginia Univ," Dept Commun
   Studies", 108 Armstrong Hall,2
44,INTERNATIONAL JOURNAL OF BUSINESS COMMUNICATION,2016,33,2,"Assessing the Supervisor-Subordinate Relationship Involving Part-Time
   Employees",2,5,"West Virginia
   Univ, Morgantown, WV 26506 USA.","West Virginia
   Univ", Morgantown, WV 26506 USA.,3
45,INTERNATIONAL JOURNAL OF BUSINESS COMMUNICATION,2016,33,2,"Exploring Cultural Influence on Managerial Communication in Relationship
   to Job Satisfaction, Organizational Commitment, and the Employees'
   Propensity to Leave in the Insurance Sector of India",5,5,"FORE Sch Management, New Delhi, India.",FORE Sch Management, New Delhi, India.,1
46,INTERNATIONAL JOURNAL OF BUSINESS COMMUNICATION,2016,33,2,"Exploring Cultural Influence on Managerial Communication in Relationship
   to Job Satisfaction, Organizational Commitment, and the Employees'
   Propensity to Leave in the Insurance Sector of India",5,5,"Kennesaw State Univ, Sigel Inst Leadership Eth
   &amp; Character, Kennesaw, GA 30144 USA.",Kennesaw State Univ," Sigel Inst Leadership Eth
   &amp; Character", Kennesaw,1
47,INTERNATIONAL JOURNAL OF BUSINESS COMMUNICATION,2016,33,2,"Exploring Cultural Influence on Managerial Communication in Relationship
   to Job Satisfaction, Organizational Commitment, and the Employees'
   Propensity to Leave in the Insurance Sector of India",5,5,"Kennesaw State Univ, Dept Leadership &amp; Profess
   Dev, Kennesaw, GA 30144 USA.",Kennesaw State Univ," Dept Leadership &amp; Profess
   Dev", Kennesaw,1
48,INTERNATIONAL JOURNAL OF BUSINESS COMMUNICATION,2016,33,2,"Exploring Cultural Influence on Managerial Communication in Relationship
   to Job Satisfaction, Organizational Commitment, and the Employees'
   Propensity to Leave in the Insurance Sector of India",5,5,"Kennesaw State Univ, Execut MBA Programs,
   Kennesaw, GA 30144 USA.",Kennesaw State Univ, Execut MBA Programs,"
   Kennesaw",1
49,INTERNATIONAL JOURNAL OF BUSINESS COMMUNICATION,2016,33,2,"Exploring Cultural Influence on Managerial Communication in Relationship
   to Job Satisfaction, Organizational Commitment, and the Employees'
   Propensity to Leave in the Insurance Sector of India",5,5,"Kennesaw State Univ, Management, Kennesaw, GA
   30144 USA.",Kennesaw State Univ, Management, Kennesaw,1
50,INTERNATIONAL JOURNAL OF BUSINESS COMMUNICATION,2016,33,2,"Community, Culture, and Affordances in Social Collaboration and
   Communication",1,1,"Univ Southern Calif, Ctr Management Commun, Los
   Angeles, CA 90089 USA.",Univ Southern Calif, Ctr Management Commun," Los
   Angeles",1
51,INTERNATIONAL JOURNAL OF BUSINESS COMMUNICATION,2016,33,2,"Crowdsourcing Strategizing: Communication Technology Affordances and the
   Communicative Constitution of Organizational Strategy",3,3,"Naval Postgrad Sch, Monterey, CA 93943 USA.",Naval Postgrad Sch, Monterey, CA 93943 USA.,1
52,INTERNATIONAL JOURNAL OF BUSINESS COMMUNICATION,2016,33,2,"Crowdsourcing Strategizing: Communication Technology Affordances and the
   Communicative Constitution of Organizational Strategy",3,3,"Naval Postgrad Sch, MBA Program, Managerial Commun,
   Ctr Execut Educ, Monterey, CA 93943 USA.",Naval Postgrad Sch, MBA Program, Managerial Commun,1
53,INTERNATIONAL JOURNAL OF BUSINESS COMMUNICATION,2016,33,2,"Crowdsourcing Strategizing: Communication Technology Affordances and the
   Communicative Constitution of Organizational Strategy",3,3,"Naval Postgrad Sch, Ctr Execut Educ, Strateg Commun,
   Monterey, CA 93943 USA.",Naval Postgrad Sch, Ctr Execut Educ, Strateg Commun,1
54,INTERNATIONAL JOURNAL OF BUSINESS COMMUNICATION,2016,33,2,"Social Collaboration in Intranets: The Impact of Social Exchange and
   Group Norms on Internal Communication",1,1,"Marquette Univ, Diederich Coll Commun, 1131 W Wisconsin
   Ave, Milwaukee, WI 53233 USA.",Marquette Univ, Diederich Coll Commun," 1131 W Wisconsin
   Ave",1
55,INTERNATIONAL JOURNAL OF BUSINESS COMMUNICATION,2016,33,2,"Constructing Organizational Identity on Internal Social Media: A Case
   Study of Coworker Communication in Jyske Bank",1,1,"Aarhus Univ, Dept Business Commun, Aarhus,
   Denmark.",Aarhus Univ, Dept Business Commun, Aarhus,1
56,INTERNATIONAL JOURNAL OF BUSINESS COMMUNICATION,2016,33,2,Team Communication Platforms and Emergent Social Collaboration Practices,1,1,"Univ Minnesota, Labovitz Sch Business &amp; Econ, Business
   Commun, Duluth, MN 55812 USA.",Univ Minnesota, Labovitz Sch Business &amp; Econ," Business
   Commun",1
57,INTERNATIONAL JOURNAL OF BUSINESS COMMUNICATION,2016,33,2,"E-Mail and Face-to-Face Organizational Dissent as a Function of
   Leader-Member Exchange Status",2,2,"Bloomsburg Univ Penn, Dept Commun Studies,
   Bloomsburg, PA 17815 USA.",Bloomsburg Univ Penn, Dept Commun Studies,"
   Bloomsburg",1
58,INTERNATIONAL JOURNAL OF BUSINESS COMMUNICATION,2016,33,2,"E-Mail and Face-to-Face Organizational Dissent as a Function of
   Leader-Member Exchange Status",2,2,"West Virginia Univ, Dept Commun Studies, Morgantown,
   WV USA.",West Virginia Univ, Dept Commun Studies, Morgantown,1
59,INTERNATIONAL JOURNAL OF BUSINESS COMMUNICATION,2016,33,2,"Organizational Sensemaking: Interpretations of Workplace ""Strangeness""",2,2,"Univ Colorado, Mediat Certificate, Denver, CO 80217
   USA.",Univ Colorado, Mediat Certificate, Denver,1
60,INTERNATIONAL JOURNAL OF BUSINESS COMMUNICATION,2016,33,2,"Organizational Sensemaking: Interpretations of Workplace ""Strangeness""",2,2,"Univ Colorado, Sustainabil Minor, Denver, CO 80217
   USA.",Univ Colorado, Sustainabil Minor, Denver,1
61,INTERNATIONAL JOURNAL OF BUSINESS COMMUNICATION,2016,33,2,Acting and Reacting: Work/Life Accommodation and Blue-Collar Workers,2,2,"DePaul Univ, Coll Commun, Chicago, IL 60604 USA.",DePaul Univ, Coll Commun, Chicago,1
62,INTERNATIONAL JOURNAL OF BUSINESS COMMUNICATION,2016,33,2,Acting and Reacting: Work/Life Accommodation and Blue-Collar Workers,2,2,"Univ Texas San Antonio, Dept Commun, San Antonio, TX
   78285 USA.",Univ Texas San Antonio, Dept Commun, San Antonio,1
63,INTERNATIONAL JOURNAL OF BUSINESS COMMUNICATION,2016,33,2,"Extracting Meaning and Relevance from Work: The Potential Connection
   Between the Listening Environment and Employee's Organizational
   Identification and Commitment",3,3,"Loyola Univ, Management, New Orleans, LA 70118 USA.",Loyola Univ, Management, New Orleans,1
64,INTERNATIONAL JOURNAL OF BUSINESS COMMUNICATION,2016,33,2,"Extracting Meaning and Relevance from Work: The Potential Connection
   Between the Listening Environment and Employee's Organizational
   Identification and Commitment",3,3,"Loyola Univ, 6363 St Charles Ave,Box 15, New
   Orleans, LA 70118 USA.",Loyola Univ, 6363 St Charles Ave,Box 15,1
65,INTERNATIONAL JOURNAL OF BUSINESS COMMUNICATION,2016,33,2,"Extracting Meaning and Relevance from Work: The Potential Connection
   Between the Listening Environment and Employee's Organizational
   Identification and Commitment",3,3,"Loyola Univ, Coll Business, New Orleans, LA
   70118 USA.",Loyola Univ, Coll Business, New Orleans,1
66,INTERNATIONAL JOURNAL OF BUSINESS COMMUNICATION,2016,33,2,"A Study of the Employment of Denial During a Complex and Unstable Crisis
   Involving Multiple Actors",2,2,"Univ Bristol, Accounting &amp; Finance, Bristol, Avon,
   England.",Univ Bristol, Accounting &amp; Finance, Bristol,1
67,INTERNATIONAL JOURNAL OF BUSINESS COMMUNICATION,2016,33,2,"A Study of the Employment of Denial During a Complex and Unstable Crisis
   Involving Multiple Actors",2,2,"Newcastle Univ, Accounting &amp; Finance, Newcastle Upon
   Tyne, Tyne &amp; Wear, England.",Newcastle Univ, Accounting &amp; Finance," Newcastle Upon
   Tyne",1
68,INTERNATIONAL JOURNAL OF BUSINESS COMMUNICATION,2016,33,2,Nonfinancial Information in Investor Communications,1,1,"Quinnipiac Univ, Hamden, CT 06518 USA.",Quinnipiac Univ, Hamden, CT 06518 USA.,1
69,INTERNATIONAL JOURNAL OF BUSINESS COMMUNICATION,2016,33,2,Communicating Briefly: Technically,1,2,"Univ Texas Austin, Dept Commun
   Studies, Austin, TX 78712 USA.",Univ Texas Austin," Dept Commun
   Studies", Austin,2
70,INTERNATIONAL JOURNAL OF BUSINESS COMMUNICATION,2016,33,2,"Corporate Social Responsibility and the Communication Imperative:
   Perspectives From CSR Managers",1,1,"Erasmus Univ, Media &amp; Communciat, Rotterdam,
   Netherlands.",Erasmus Univ, Media &amp; Communciat, Rotterdam,1
71,INTERNATIONAL JOURNAL OF BUSINESS COMMUNICATION,2016,33,2,"Managing Difficult Workplace Conversations: Goals, Strategies, and
   Outcomes",2,2,"Griffith Univ, Sch Appl Psychol, Room 7-18,G40
   Bldg,Parklands Dr, Gold Coast, Qld 4222, Australia.",Griffith Univ, Sch Appl Psychol, Room 7-18,1
72,INTERNATIONAL JOURNAL OF BUSINESS COMMUNICATION,2016,33,2,"Managing Difficult Workplace Conversations: Goals, Strategies, and
   Outcomes",2,2,"Griffith Univ, Behav Bases Hlth Res Ctr, Gold
   Coast, Qld, Australia.",Griffith Univ, Behav Bases Hlth Res Ctr," Gold
   Coast",1
73,INTERNATIONAL JOURNAL OF BUSINESS COMMUNICATION,2016,33,2,"The Effects of Leader Motivating Language Use on Employee Decision
   Making",1,2,"Texas A&amp;M Int Univ, AR Sanchez
   Jr Sch Business, Management, Laredo, TX 78041 USA.",Texas A&amp;M Int Univ," AR Sanchez
   Jr Sch Business", Management,2
74,INTERNATIONAL JOURNAL OF BUSINESS COMMUNICATION,2016,33,2,"Comparing Perceived Listening Behavior Differences Between Managers and
   Nonmanagers Living in the United States, India, and Malaysia",4,4,"Kennesaw State Univ, Management, Kennesaw, GA
   30144 USA.",Kennesaw State Univ, Management, Kennesaw,1
75,INTERNATIONAL JOURNAL OF BUSINESS COMMUNICATION,2016,33,2,"Comparing Perceived Listening Behavior Differences Between Managers and
   Nonmanagers Living in the United States, India, and Malaysia",4,4,"Prairie View A&amp;M Univ, Business Commun &amp; Management,
   Prairie View, TX USA.",Prairie View A&amp;M Univ, Business Commun &amp; Management,"
   Prairie View",1
76,INTERNATIONAL JOURNAL OF BUSINESS COMMUNICATION,2016,33,2,"Comparing Perceived Listening Behavior Differences Between Managers and
   Nonmanagers Living in the United States, India, and Malaysia",4,4,"Fdn Org Res &amp; Educ, New Delhi, India.",Fdn Org Res &amp; Educ, New Delhi, India.,1
77,INTERNATIONAL JOURNAL OF BUSINESS COMMUNICATION,2016,33,2,"Comparing Perceived Listening Behavior Differences Between Managers and
   Nonmanagers Living in the United States, India, and Malaysia",4,4,"Sunway Univ, Dept Commun &amp; Liberal Arts,
   Selangor, Malaysia.",Sunway Univ, Dept Commun &amp; Liberal Arts,"
   Selangor",1
78,INTERNATIONAL JOURNAL OF BUSINESS COMMUNICATION,2017,33,2,"Communication: Sine Qua Non of Organizational Leadership Theory and
   Practice",1,2,"Rutgers State Univ, Ctr Org Dev &amp;
   Leadership, 4 Huntington St, New Brunswick, NJ 08901 USA.",Rutgers State Univ," Ctr Org Dev &amp;
   Leadership", 4 Huntington St,2
79,INTERNATIONAL JOURNAL OF BUSINESS COMMUNICATION,2017,33,2,"Leading by Tweeting: Are Deans Doing It? An Exploratory Analysis of
   Tweets by SEC Business School Deans",1,2,"Univ Alabama, Management, Tuscaloosa, AL
   35487 USA.",Univ Alabama, Management, Tuscaloosa,2
80,INTERNATIONAL JOURNAL OF BUSINESS COMMUNICATION,2017,33,2,"Senders' Bias: How Can Top Managers' Communication Improve or Not
   Improve Strategy Implementation?",1,1,"Keio Univ, Org Theory &amp; Strateg Management, Grad
   Sch Business Adm, Yokohama, Kanagawa, Japan.",Keio Univ, Org Theory &amp; Strateg Management," Grad
   Sch Business Adm",1
81,INTERNATIONAL JOURNAL OF BUSINESS COMMUNICATION,2017,33,2,"Communication: Empirically Testing Behavioral Integrity and Credibility
   as Antecedents for the Effective Implementation of Motivating Language",2,2,"Univ Wyoming, Educ Leadership, Profess Studies
   Dept, Laramie, WY 82071 USA.",Univ Wyoming, Educ Leadership," Profess Studies
   Dept",1
82,INTERNATIONAL JOURNAL OF BUSINESS COMMUNICATION,2017,33,2,"Communication: Empirically Testing Behavioral Integrity and Credibility
   as Antecedents for the Effective Implementation of Motivating Language",2,2,"Univ North Carolina Wilmington, Educ Leadership,
   Wilmington, NC USA.",Univ North Carolina Wilmington, Educ Leadership,"
   Wilmington",1
83,INTERNATIONAL JOURNAL OF BUSINESS COMMUNICATION,2017,33,2,"Leadership Construction in Intra-Asian English as Lingua Franca
   Decision-Making Meetings",2,2,"City Univ Hong Kong, Intercultural Business Commun,
   Kowloon, Hong Kong, Peoples R China.",City Univ Hong Kong, Intercultural Business Commun,"
   Kowloon",1
84,INTERNATIONAL JOURNAL OF BUSINESS COMMUNICATION,2017,33,2,"Leadership Construction in Intra-Asian English as Lingua Franca
   Decision-Making Meetings",2,2,"Meisei Univ, Tokyo, Japan.",Meisei Univ, Tokyo, Japan.,1
85,INTERNATIONAL JOURNAL OF BUSINESS COMMUNICATION,2017,33,2,"Communicating Leader-Member Relationship Quality: The Development of
   Leader Communication Exchange Scales to Measure Relationship Building
   and Maintenance Through the Exchange of Communication-Based Goods",2,2,"Western Michigan Univ, Sch Commun, 1903 W
   Michigan Ave, Kalamazoo, MI 49008 USA.",Western Michigan Univ, Sch Commun," 1903 W
   Michigan Ave",1
86,INTERNATIONAL JOURNAL OF BUSINESS COMMUNICATION,2017,33,2,"Communicating Leader-Member Relationship Quality: The Development of
   Leader Communication Exchange Scales to Measure Relationship Building
   and Maintenance Through the Exchange of Communication-Based Goods",2,2,"Indiana Univ East, Dept Commun Studies, Richmond, IN
   USA.",Indiana Univ East, Dept Commun Studies, Richmond,1
87,INTERNATIONAL JOURNAL OF BUSINESS COMMUNICATION,2017,33,2,Strategic Communication in the C-Suite,1,1,"Tuck Sch Business Dartmouth, 100 Tuck Hall, Hanover,
   NH 03755 USA.",Tuck Sch Business Dartmouth, 100 Tuck Hall, Hanover,1
88,INTERNATIONAL JOURNAL OF BUSINESS COMMUNICATION,2017,33,2,"Discourse of Leadership: The Power of Questions in Organizational
   Decision Making",2,4,"USC Marshall Sch
   Business, Los Angeles, CA 90089 USA.","USC Marshall Sch
   Business", Los Angeles, CA 90089 USA.,3
89,INTERNATIONAL JOURNAL OF BUSINESS COMMUNICATION,2017,33,2,"Discourse of Leadership: The Power of Questions in Organizational
   Decision Making",2,4,"Inner Mongolia Univ Finance &amp; Econ, Hohhot, Inner Mongolia,
   Peoples R China.",Inner Mongolia Univ Finance &amp; Econ, Hohhot, Inner Mongolia,1
90,INTERNATIONAL JOURNAL OF BUSINESS COMMUNICATION,2017,33,2,New Lamps for Old: The Gulf Leadership Communication Framework,1,2,"Zayed Univ, Coll
   Business, POB 19282, Dubai, U Arab Emirates.",Zayed Univ," Coll
   Business", POB 19282,2
91,INTERNATIONAL JOURNAL OF BUSINESS COMMUNICATION,2017,33,2,"Racial Incidents at the University of Missouri: The Value of Leadership
   Communication and Stakeholder Relationships",2,3,"Fordham Univ, Sch Business, New York, NY 10023 USA.",Fordham Univ, Sch Business, New York,1
92,INTERNATIONAL JOURNAL OF BUSINESS COMMUNICATION,2017,33,2,"Racial Incidents at the University of Missouri: The Value of Leadership
   Communication and Stakeholder Relationships",2,3,"Rutgers State Univ, Ctr Org Dev &amp;
   Leadership, New Brunswick, NJ USA.",Rutgers State Univ," Ctr Org Dev &amp;
   Leadership", New Brunswick,2
93,INTERNATIONAL JOURNAL OF BUSINESS COMMUNICATION,2017,33,2,"Leader Talk and the Creative Spark: A Research Note on How Leader
   Motivating Language Use Influences Follower Creative Environment
   Perceptions",1,2,"Texas A&amp;M Int Univ, AR Sanchez
   Jr Sch Business, Management, Laredo, TX USA.",Texas A&amp;M Int Univ," AR Sanchez
   Jr Sch Business", Management,2
94,INTERNATIONAL JOURNAL OF BUSINESS COMMUNICATION,2017,33,2,"Drawing From Available Means: Assessing the Rhetorical Dimensions of
   Facebook Practice",2,2,"Arizona State Univ, Writing Dept English, Tempe, AZ
   85287 USA.",Arizona State Univ, Writing Dept English, Tempe,1
95,INTERNATIONAL JOURNAL OF BUSINESS COMMUNICATION,2017,33,2,"Drawing From Available Means: Assessing the Rhetorical Dimensions of
   Facebook Practice",2,2,"Univ North Texas, Denton, TX USA.",Univ North Texas, Denton, TX USA.,1
96,INTERNATIONAL JOURNAL OF BUSINESS COMMUNICATION,2017,33,2,"A Corpus Study of Bank Financial Analyst Reports: Semantic Fields and
   Metaphors",2,2,"Hong Kong Polytech Univ, Hong Kong, Hong Kong, Peoples R
   China.",Hong Kong Polytech Univ, Hong Kong, Hong Kong,1
97,INTERNATIONAL JOURNAL OF BUSINESS COMMUNICATION,2017,33,2,"A Corpus Study of Bank Financial Analyst Reports: Semantic Fields and
   Metaphors",2,2,"Lingnan Univ, Dept English, Hong Kong, Hong Kong, Peoples R
   China.",Lingnan Univ, Dept English, Hong Kong,1
98,INTERNATIONAL JOURNAL OF BUSINESS COMMUNICATION,2017,33,2,"Social Media Adoption in Business-to-Business: IT and Industrial
   Companies Compared",2,3,"Univ Ghent, Groot Brittannielaan
   45, B-9000 Ghent, Belgium.",Univ Ghent," Groot Brittannielaan
   45", B-9000 Ghent,2
99,INTERNATIONAL JOURNAL OF BUSINESS COMMUNICATION,2017,33,2,"Social Media Adoption in Business-to-Business: IT and Industrial
   Companies Compared",2,3,"Univ Ghent, Res Grp iMinds MICT, Ghent, Belgium.",Univ Ghent, Res Grp iMinds MICT, Ghent,1
100,INTERNATIONAL JOURNAL OF BUSINESS COMMUNICATION,2017,33,2,"Inclusive Language Use in Multicultural Business Organizations: The
   Effect on Creativity and Performance",2,2,"Aarhus Univ, Dept Business Adm, Aarhus, Denmark.",Aarhus Univ, Dept Business Adm, Aarhus,1
101,INTERNATIONAL JOURNAL OF BUSINESS COMMUNICATION,2017,33,2,"Inclusive Language Use in Multicultural Business Organizations: The
   Effect on Creativity and Performance",2,2,"Univ Southern Denmark, Dept Business Adm, Slagelse,
   Denmark.",Univ Southern Denmark, Dept Business Adm, Slagelse,1
102,INTERNATIONAL JOURNAL OF BUSINESS COMMUNICATION,2017,33,2,"Communicating Organizational Trust: An Exploration of the Link Between
   Discourse and Action",1,1,"Southeast Missouri State Univ, Dept Commun Studies,
   Cape Girardeau, MO 63701 USA.",Southeast Missouri State Univ, Dept Commun Studies,"
   Cape Girardeau",1
103,INTERNATIONAL JOURNAL OF BUSINESS COMMUNICATION,2017,33,2,"The Mediating Role of Charismatic Leadership Communication in a Crisis:
   A Malaysian Example",2,3,"Univ Utara Malaysia, Sch Multimedia
   Technol &amp; Commun, Dept Commun, Sintok, Kedah, Malaysia.",Univ Utara Malaysia," Sch Multimedia
   Technol &amp; Commun", Dept Commun,2
104,INTERNATIONAL JOURNAL OF BUSINESS COMMUNICATION,2017,33,2,"The Mediating Role of Charismatic Leadership Communication in a Crisis:
   A Malaysian Example",2,3,"Univ Utara Malaysia, Othman Yeop Abdullah Grad Sch
   Business, Sintok, Kedah, Malaysia.",Univ Utara Malaysia," Othman Yeop Abdullah Grad Sch
   Business", Sintok,1
105,INTERNATIONAL JOURNAL OF BUSINESS COMMUNICATION,2017,33,2,"An Examination of the Effects of Self-Regulatory Focus on the Perception
   of the Media Richness: The Case of E-Mail",2,4,"Univ Vic, Barcelona, Spain.",Univ Vic, Barcelona, Spain.,1
106,INTERNATIONAL JOURNAL OF BUSINESS COMMUNICATION,2017,33,2,"An Examination of the Effects of Self-Regulatory Focus on the Perception
   of the Media Richness: The Case of E-Mail",2,4,"Univ Politecn Cataluna,
   BarcelonaTech, Terrassa, Spain.",Univ Politecn Cataluna,"
   BarcelonaTech", Terrassa,3
107,INTERNATIONAL JOURNAL OF BUSINESS COMMUNICATION,2017,33,2,"Nationalism Versus Animal Rights: A Semantic Network Analysis of Value
   Advocacy in Corporate Crisis",2,2,"Univ Southern Calif, Los Angeles, CA 90089 USA.",Univ Southern Calif, Los Angeles, CA 90089 USA.,1
108,INTERNATIONAL JOURNAL OF BUSINESS COMMUNICATION,2017,33,2,"Nationalism Versus Animal Rights: A Semantic Network Analysis of Value
   Advocacy in Corporate Crisis",2,2,"Univ Kentucky, Lexington, KY USA.",Univ Kentucky, Lexington, KY USA.,1
109,INTERNATIONAL JOURNAL OF BUSINESS COMMUNICATION,2017,33,2,"From Listening to Leading: Toward an Understanding of Supervisor
   Listening Within the Framework of Leader-Member Exchange Theory",2,3,"Jacobs Univ, Business Adm, Bremen,
   Germany.",Jacobs Univ, Business Adm, Bremen,2
110,INTERNATIONAL JOURNAL OF BUSINESS COMMUNICATION,2017,33,2,"From Listening to Leading: Toward an Understanding of Supervisor
   Listening Within the Framework of Leader-Member Exchange Theory",2,3,"Univ Koblenz Landau, Social &amp; Org Psychol, Koblenz,
   Germany.",Univ Koblenz Landau, Social &amp; Org Psychol, Koblenz,1
111,INTERNATIONAL JOURNAL OF BUSINESS COMMUNICATION,2018,33,2,"Using Dialectics to Build Leader-Stakeholder Relationships: An
   Exploratory Study on Relational Dialectics in Chinese Corporate Leaders'
   Web-Based Messages",2,2,"Hong Kong Polytech Univ, Dept Chinese &amp; Bilingual
   Studies, Kowloon, Hong Kong, Peoples R China.",Hong Kong Polytech Univ," Dept Chinese &amp; Bilingual
   Studies", Kowloon,1
112,INTERNATIONAL JOURNAL OF BUSINESS COMMUNICATION,2018,33,2,"Using Dialectics to Build Leader-Stakeholder Relationships: An
   Exploratory Study on Relational Dialectics in Chinese Corporate Leaders'
   Web-Based Messages",2,2,"Hong Kong Baptist Univ, Language Ctr, English,
   Kowloon, Hong Kong, Peoples R China.",Hong Kong Baptist Univ, Language Ctr, English,1
113,INTERNATIONAL JOURNAL OF BUSINESS COMMUNICATION,2018,33,2,"Differences in Information Seeking Among Organizational Peers:
   Perceptions of Appropriateness, Importance, and Frequency",3,6,"West Virginia Univ, Dept Commun Studies, 108 Armstrong Hall,POB
   6293, Morgantown, WV 26506 USA.",West Virginia Univ, Dept Commun Studies, 108 Armstrong Hall,4
114,INTERNATIONAL JOURNAL OF BUSINESS COMMUNICATION,2018,33,2,"Differences in Information Seeking Among Organizational Peers:
   Perceptions of Appropriateness, Importance, and Frequency",3,6,"Texas A&amp;M Univ, Dept Commun &amp; Media, Corpus Christi,
   TX USA.",Texas A&amp;M Univ, Dept Commun &amp; Media, Corpus Christi,1
115,INTERNATIONAL JOURNAL OF BUSINESS COMMUNICATION,2018,33,2,"Differences in Information Seeking Among Organizational Peers:
   Perceptions of Appropriateness, Importance, and Frequency",3,6,"Weber State Univ, Dept Commun, Ogden, UT 84408 USA.",Weber State Univ, Dept Commun, Ogden,1
116,INTERNATIONAL JOURNAL OF BUSINESS COMMUNICATION,2018,33,2,"Communication and Teleworking: A Study of Communication Channel
   Satisfaction, Personality, and Job Satisfaction for Teleworking
   Employees",3,3,"Virginia Tech, Dept Commun, 121 Shanks Hall,
   Blacksburg, VA 24061 USA.",Virginia Tech, Dept Commun, 121 Shanks Hall,1
117,INTERNATIONAL JOURNAL OF BUSINESS COMMUNICATION,2018,33,2,"Communication and Teleworking: A Study of Communication Channel
   Satisfaction, Personality, and Job Satisfaction for Teleworking
   Employees",3,3,"Arizona State Univ, Tempe, AZ USA.",Arizona State Univ, Tempe, AZ USA.,1
118,INTERNATIONAL JOURNAL OF BUSINESS COMMUNICATION,2018,33,2,"Communication and Teleworking: A Study of Communication Channel
   Satisfaction, Personality, and Job Satisfaction for Teleworking
   Employees",3,3,"Univ Arizona, Dept Commun, Grad Studies, Tucson, AZ
   USA.",Univ Arizona, Dept Commun, Grad Studies,1
119,INTERNATIONAL JOURNAL OF BUSINESS COMMUNICATION,2018,33,2,Questions as Interactional Resource in Team Decision Making,2,2,"Norwegian Univ Sci &amp; Technol, NTNU Social Res,
   Trondheim, Norway.",Norwegian Univ Sci &amp; Technol, NTNU Social Res,"
   Trondheim",1
120,INTERNATIONAL JOURNAL OF BUSINESS COMMUNICATION,2018,33,2,Questions as Interactional Resource in Team Decision Making,2,2,"Norwegian Univ Sci &amp; Technol, Dept Language &amp;
   Literature, Trondheim, Norway.",Norwegian Univ Sci &amp; Technol," Dept Language &amp;
   Literature", Trondheim,1
121,INTERNATIONAL JOURNAL OF BUSINESS COMMUNICATION,2018,33,2,"The Discursive Construction of Race as a Professional Identity Category
   in Two Texas Chambers of Commerce",1,1,"Univ Massachusetts, Amherst, MA 01003 USA.",Univ Massachusetts, Amherst, MA 01003 USA.,1
122,INTERNATIONAL JOURNAL OF BUSINESS COMMUNICATION,2018,33,2,"How Text Presentation and Financial Literacy Affect Pension
   Communication Success",3,3,"Univ Utrecht, Utrecht Inst Linguist OTS, Financial
   Commun, Utrecht, Netherlands.",Univ Utrecht, Utrecht Inst Linguist OTS," Financial
   Commun",1
123,INTERNATIONAL JOURNAL OF BUSINESS COMMUNICATION,2018,33,2,"How Text Presentation and Financial Literacy Affect Pension
   Communication Success",3,3,"Univ Utrecht, Utrecht Inst Linguist OTS, Document Design &amp;
   Commun, Utrecht, Netherlands.",Univ Utrecht, Utrecht Inst Linguist OTS," Document Design &amp;
   Commun",1
124,INTERNATIONAL JOURNAL OF BUSINESS COMMUNICATION,2018,33,2,"How Text Presentation and Financial Literacy Affect Pension
   Communication Success",3,3,"Univ Utrecht, Utrecht, Netherlands.",Univ Utrecht, Utrecht, Netherlands.,1
125,INTERNATIONAL JOURNAL OF BUSINESS COMMUNICATION,2018,33,2,"Disclosing Principles of IR Communication: Rhetorical Moves for
   Constructing Transparency",1,1,"Univ Vaasa, Appl Linguist, Vaasa, Finland.",Univ Vaasa, Appl Linguist, Vaasa,1
126,INTERNATIONAL JOURNAL OF BUSINESS COMMUNICATION,2018,33,2,"Change But no Climate Change: Discourses of Climate Change in Corporate
   Social Responsibility Reporting in the Oil Industry",1,1,"Univ Reading, Dept English Language &amp; Appl Linguist,
   Appl Linguist, Reading, Berks, England.",Univ Reading, Dept English Language &amp; Appl Linguist,"
   Appl Linguist",1
127,INTERNATIONAL JOURNAL OF BUSINESS COMMUNICATION,2018,33,2,"The Simple Truth: Ambiguity Works. Discursive Strategies by Swedish
   Public Authorities During the 2008 Financial Crisis",3,3,"Mid Sweden Univ, Ctr Study Democracy &amp; Commun, Org
   Commun, Sundsvall, Sweden.",Mid Sweden Univ, Ctr Study Democracy &amp; Commun," Org
   Commun",1
128,INTERNATIONAL JOURNAL OF BUSINESS COMMUNICATION,2018,33,2,"The Simple Truth: Ambiguity Works. Discursive Strategies by Swedish
   Public Authorities During the 2008 Financial Crisis",3,3,"Mid Sweden Univ, Polit Commun, Sundsvall, Sweden.",Mid Sweden Univ, Polit Commun, Sundsvall,1
129,INTERNATIONAL JOURNAL OF BUSINESS COMMUNICATION,2018,33,2,"The Simple Truth: Ambiguity Works. Discursive Strategies by Swedish
   Public Authorities During the 2008 Financial Crisis",3,3,"Mid Sweden Univ, Ctr Study Democracy &amp; Commun, Sundsvall,
   Sweden.",Mid Sweden Univ, Ctr Study Democracy &amp; Commun, Sundsvall,1
130,INTERNATIONAL JOURNAL OF BUSINESS COMMUNICATION,2018,33,2,"JPMorgan Chase, Bank of America, Wells Fargo, and the Financial Crisis
   of 2008",1,1,"Hope Coll, Commun, Holland, MI USA.",Hope Coll, Commun, Holland,1
131,INTERNATIONAL JOURNAL OF BUSINESS COMMUNICATION,2018,33,2,Persuasion in Earnings Calls: A Diachronic Pragmalinguistic Analysis,1,1,"Univ Pisa, English Language &amp; Linguist,
   Pisa, Italy.",Univ Pisa, English Language &amp; Linguist,"
   Pisa",1
132,INTERNATIONAL JOURNAL OF BUSINESS COMMUNICATION,2018,33,2,"Formulations in Delicate Actions: A Study of Analyst Questions in
   Earnings Conference Calls",2,2,"Pontificia Univ Catolica Rio de
   Janeiro, Rua Paissandu 269-304 Bl 1, BR-22451900 Rio De Janeiro, Brazil.","Pontificia Univ Catolica Rio de
   Janeiro", Rua Paissandu 269-304 Bl 1, BR-22451900 Rio De Janeiro,1
133,INTERNATIONAL JOURNAL OF BUSINESS COMMUNICATION,2018,33,2,"Formulations in Delicate Actions: A Study of Analyst Questions in
   Earnings Conference Calls",2,2,"Univ Fed Rio de Janeiro, COPPEAD, Rio
   De Janeiro, Brazil.",Univ Fed Rio de Janeiro, COPPEAD," Rio
   De Janeiro",1
134,INTERNATIONAL JOURNAL OF BUSINESS COMMUNICATION,2018,33,2,"Evaluation Markers and Mitigators in Analyst Reports in Light of Market
   Response to Stock Recommendations",2,2,"Univ Navarra, Sch Business &amp; Econ, Finance,
   Pamplona, Spain.",Univ Navarra, Sch Business &amp; Econ, Finance,1
135,INTERNATIONAL JOURNAL OF BUSINESS COMMUNICATION,2018,33,2,"Evaluation Markers and Mitigators in Analyst Reports in Light of Market
   Response to Stock Recommendations",2,2,"Univ Lodz, Dept Pragmat, Lodz, Poland.",Univ Lodz, Dept Pragmat, Lodz,1
136,INTERNATIONAL JOURNAL OF BUSINESS COMMUNICATION,2018,33,2,"The Narrative Strategies of Winners and Losers: Analyzing Annual Reports
   of Publicly Traded Corporations",1,1,"Quinnipiac Univ, Strateg Commun, Hamden, CT USA.",Quinnipiac Univ, Strateg Commun, Hamden,1
137,INTERNATIONAL JOURNAL OF BUSINESS COMMUNICATION,2018,33,2,"The Epistemic Status of Predictions in Central Bank Reports: A
   Cross-Linguistic Study",1,1,"Univ Lisbon, Fac Letras, Lisbon, Portugal.",Univ Lisbon, Fac Letras, Lisbon,1
138,INTERNATIONAL JOURNAL OF BUSINESS COMMUNICATION,2018,33,2,"Financial Innovation and Institutional Voices in the Canadian Press: A
   Look at the Roaring 2000s",2,2,"Concordia Univ, Financial Econ &amp; Literary
   Translat, Montreal, PQ, Canada.",Concordia Univ," Financial Econ &amp; Literary
   Translat", Montreal,1
139,INTERNATIONAL JOURNAL OF BUSINESS COMMUNICATION,2018,33,2,"Financial Innovation and Institutional Voices in the Canadian Press: A
   Look at the Roaring 2000s",2,2,"Univ Montreal, Montreal, PQ, Canada.",Univ Montreal, Montreal, PQ,1
140,INTERNATIONAL JOURNAL OF BUSINESS COMMUNICATION,2018,33,2,"The Use of English-Language Business and Finance Terms in European
   Languages",2,2,"Uppsala Univ, English, Uppsala, Sweden.",Uppsala Univ, English, Uppsala,1
141,INTERNATIONAL JOURNAL OF BUSINESS COMMUNICATION,2018,33,2,"The Use of English-Language Business and Finance Terms in European
   Languages",2,2,"Univ Melbourne, Econ, Melbourne Business Sch, Carlton,
   Vic, Australia.",Univ Melbourne, Econ, Melbourne Business Sch,1
142,INTERNATIONAL JOURNAL OF BUSINESS COMMUNICATION,2018,33,2,Humor Style Clusters: Exploring Managerial Humor,3,3,"Coventry Univ, Occupat Psychol, Coventry, W
   Midlands, England.",Coventry Univ, Occupat Psychol, Coventry,1
143,INTERNATIONAL JOURNAL OF BUSINESS COMMUNICATION,2018,33,2,Humor Style Clusters: Exploring Managerial Humor,3,3,"Coventry Univ, Coventry, W Midlands, England.",Coventry Univ, Coventry, W Midlands,1
144,INTERNATIONAL JOURNAL OF BUSINESS COMMUNICATION,2018,33,2,Humor Style Clusters: Exploring Managerial Humor,3,3,"Coventry Univ, Psychol, Coventry, W Midlands,
   England.",Coventry Univ, Psychol, Coventry,1
145,INTERNATIONAL JOURNAL OF BUSINESS COMMUNICATION,2018,33,2,"Full- and Part-Time Dissent: Examining the Effect of Employment Status
   on Dissent Expression",2,3,"Arizona State Univ, Sch Social &amp; Behav Sci,
   Commun, Phoenix, AZ USA.",Arizona State Univ, Sch Social &amp; Behav Sci,"
   Commun",1
146,INTERNATIONAL JOURNAL OF BUSINESS COMMUNICATION,2018,33,2,"Full- and Part-Time Dissent: Examining the Effect of Employment Status
   on Dissent Expression",2,3,"Arizona State Univ, Phoenix, AZ
   USA.",Arizona State Univ, Phoenix," AZ
   USA.",2
147,INTERNATIONAL JOURNAL OF BUSINESS COMMUNICATION,2018,33,2,Just Paying Attention: Communication for Organizational Attention,1,1,"San Jose State Univ, Dept Commun Studies, 1
   Washington Sq, San Jose, CA 95192 USA.",San Jose State Univ, Dept Commun Studies," 1
   Washington Sq",1
148,INTERNATIONAL JOURNAL OF BUSINESS COMMUNICATION,2018,33,2,"Talk Matters at Work: The Effects of Leader-Member Conversational
   Quality and Communication Frequency on Work Role Stressors",2,2,"Cleveland State Univ, Sch Commun, Cleveland, OH 44115 USA.",Cleveland State Univ, Sch Commun, Cleveland,1
149,INTERNATIONAL JOURNAL OF BUSINESS COMMUNICATION,2018,33,2,"Talk Matters at Work: The Effects of Leader-Member Conversational
   Quality and Communication Frequency on Work Role Stressors",2,2,"Univ Guam, Coll Liberal Arts &amp; Social Sci, Commun &amp;
   Fine Arts Dept, Mangilao, GU USA.",Univ Guam, Coll Liberal Arts &amp; Social Sci," Commun &amp;
   Fine Arts Dept",1
150,INTERNATIONAL JOURNAL OF BUSINESS COMMUNICATION,2018,33,2,"An Examination of Leader-Member Dyadic Politeness of Exchange and
   Servant Leadership on Group Member Performance",3,3,"Univ Utara Malaysia, Sch Multimedia Technol &amp;
   Commun, Dept Commun, Sintok, Malaysia.",Univ Utara Malaysia," Sch Multimedia Technol &amp;
   Commun", Dept Commun,1
151,INTERNATIONAL JOURNAL OF BUSINESS COMMUNICATION,2018,33,2,"An Examination of Leader-Member Dyadic Politeness of Exchange and
   Servant Leadership on Group Member Performance",3,3,"Univ Utara Malaysia, Othman Yeop Abdullah Grad Sch
   Business, Sintok, Malaysia.",Univ Utara Malaysia," Othman Yeop Abdullah Grad Sch
   Business", Sintok,1
152,INTERNATIONAL JOURNAL OF BUSINESS COMMUNICATION,2018,33,2,"An Examination of Leader-Member Dyadic Politeness of Exchange and
   Servant Leadership on Group Member Performance",3,3,"Univ Calif Los Angeles, Los Angeles, CA USA.",Univ Calif Los Angeles, Los Angeles, CA USA.,1
153,INTERNATIONAL JOURNAL OF BUSINESS COMMUNICATION,2018,33,2,"Delivering Feedback: Supervisors' Source Credibility and Communication
   Competence",3,3,"North Dakota State Univ, Dept Commun,
   338C4 Minard Hall,Dept 2310,POB 6050, Fargo, ND 58108 USA.",North Dakota State Univ, Dept Commun,"
   338C4 Minard Hall",1
154,INTERNATIONAL JOURNAL OF BUSINESS COMMUNICATION,2018,33,2,"Delivering Feedback: Supervisors' Source Credibility and Communication
   Competence",3,3,"Univ Tennessee, Sch Commun Studies, Knoxville, TN USA.",Univ Tennessee, Sch Commun Studies, Knoxville,1
155,INTERNATIONAL JOURNAL OF BUSINESS COMMUNICATION,2018,33,2,"Delivering Feedback: Supervisors' Source Credibility and Communication
   Competence",3,3,"Ball State Univ, Dept Commun Studies, Muncie, IN 47306
   USA.",Ball State Univ, Dept Commun Studies, Muncie,1
