,Journal,Year,Journal_Rank,Q_Position,Title,Total_Units,Total_Authors,Unit_Address,Unit_Name_1,Unit_Name_2,Unit_Name_3,Author_Number
0,GAMES AND CULTURE,2009,34,2,"Blackless Fantasy The Disappearance of Race in Massively Multiplayer
   Online Role-Playing Games",1,Manually,"Univ Calif Riverside, Dept English, Riverside, CA 92521 USA.",Univ Calif Riverside, Dept English, Riverside,Manually
1,GAMES AND CULTURE,2009,34,2,"The Gray Haired Gaming Generation Findings From an Explorative Interview
   Study on Older Computer Gamers",3,3,"Free Univ Berlin, Inst Publizist &amp; Kommunikat
   Wissensch, D-1000 Berlin, Germany.",Free Univ Berlin," Inst Publizist &amp; Kommunikat
   Wissensch", D-1000 Berlin,1
2,GAMES AND CULTURE,2009,34,2,"The Gray Haired Gaming Generation Findings From an Explorative Interview
   Study on Older Computer Gamers",3,3,"Univ Munich, D-80539 Munich, Germany.",Univ Munich, D-80539 Munich, Germany.,1
3,GAMES AND CULTURE,2009,34,2,"The Gray Haired Gaming Generation Findings From an Explorative Interview
   Study on Older Computer Gamers",3,3,"Univ Bremen, IMKI, D-2800 Bremen 33, Germany.",Univ Bremen, IMKI, D-2800 Bremen 33,1
4,GAMES AND CULTURE,2009,34,2,"Communication, Coordination, and Camaraderie in World of Warcraft",1,Manually,"Univ Washington, Coll Educ, LIFE Ctr, Seattle, WA 98105 USA.",Univ Washington, Coll Educ, LIFE Ctr,Manually
5,GAMES AND CULTURE,2009,34,2,Alien Games Do Girls Prefer Games Designed by Girls?,4,6,"Michigan State Univ, Dept
   Telecommun Informat Studies &amp; Media, San Francisco, CA 94116 USA.",Michigan State Univ," Dept
   Telecommun Informat Studies &amp; Media", San Francisco,3
6,GAMES AND CULTURE,2009,34,2,Alien Games Do Girls Prefer Games Designed by Girls?,4,6,"Michigan State Univ, Virtual Univ Design &amp; Technol, San
   Francisco, CA 94116 USA.",Michigan State Univ, Virtual Univ Design &amp; Technol," San
   Francisco",1
7,GAMES AND CULTURE,2009,34,2,Alien Games Do Girls Prefer Games Designed by Girls?,4,6,"Michigan State Univ, Coll Educ, San Francisco, CA 94116
   USA.",Michigan State Univ, Coll Educ, San Francisco,1
8,GAMES AND CULTURE,2009,34,2,Alien Games Do Girls Prefer Games Designed by Girls?,4,6,"Michigan State Univ, Games Entertainment &amp; Learning Lab,
   San Francisco, CA 94116 USA.",Michigan State Univ, Games Entertainment &amp; Learning Lab,"
   San Francisco",1
9,GAMES AND CULTURE,2009,34,2,Technologies Between Games and Culture,1,2,"Univ W England, Dept Culture Media &amp;
   Drama, Bristol BS16 1QY, Avon, England.",Univ W England," Dept Culture Media &amp;
   Drama", Bristol BS16 1QY,2
10,GAMES AND CULTURE,2009,34,2,Resident Evil's Typewriter Survival Horror and Its Remediations,1,Manually,"Kingston Univ, Kingston upon Thames KT1 2EE, Surrey, England.",Kingston Univ, Kingston upon Thames KT1 2EE, Surrey,Manually
11,GAMES AND CULTURE,2009,34,2,"Controller, Hand, Screen Aesthetic Form in the Computer Game",1,1,"Univ Manchester, Manchester M13 9PL, Lancs,
   England.",Univ Manchester, Manchester M13 9PL, Lancs,1
12,GAMES AND CULTURE,2009,34,2,"Events and Collusions A Glossary for the Microethnography of Video Game
   Play",1,Manually,"Univ W England, Dept Culture Media &amp; Drama, Bristol BS16 2JP, Avon,
   England.",Univ W England, Dept Culture Media &amp; Drama, Bristol BS16 2JP,Manually
13,GAMES AND CULTURE,2009,34,2,"A Techno-Semiotic Approach to Cheating in Computer Games Or How I
   Learned to Stop Worrying and Love the Machine",1,1,"Univ Arts, London, England.",Univ Arts, London, England.,1
14,GAMES AND CULTURE,2009,34,2,"Game Time Modeling and Analyzing Time in Multiplayer and Massively
   Multiplayer Games",1,2,"Macquarie Univ, Div Informat &amp;
   Commun Sci, Sydney, NSW 2109, Australia.",Macquarie Univ," Div Informat &amp;
   Commun Sci", Sydney,2
15,GAMES AND CULTURE,2009,34,2,Experts at Play Understanding Skilled Expertise,4,4,"Univ Glasgow, Dept Comp Sci, Glasgow G12 8QQ, Lanark,
   Scotland.",Univ Glasgow, Dept Comp Sci, Glasgow G12 8QQ,1
16,GAMES AND CULTURE,2009,34,2,Experts at Play Understanding Skilled Expertise,4,4,"Univ Calif San Diego, San Diego, CA 92103 USA.",Univ Calif San Diego, San Diego, CA 92103 USA.,1
17,GAMES AND CULTURE,2009,34,2,Experts at Play Understanding Skilled Expertise,4,4,"Univ Edinburgh, Sch Geosci, Edinburgh EH8 9YL,
   Midlothian, Scotland.",Univ Edinburgh, Sch Geosci, Edinburgh EH8 9YL,1
18,GAMES AND CULTURE,2009,34,2,Experts at Play Understanding Skilled Expertise,4,4,"Univ Surrey, Guildford GU2 5XH, Surrey, England.",Univ Surrey, Guildford GU2 5XH, Surrey,1
19,GAMES AND CULTURE,2009,34,2,"Putting the Gay in Games Cultural Production and GLBT Content in Video
   Games",1,Manually,"Univ Penn, Annenberg Sch Commun, Philadelphia, PA 19104 USA.",Univ Penn, Annenberg Sch Commun, Philadelphia,Manually
20,GAMES AND CULTURE,2009,34,2,"I Play Therefore I Am Sid Meier's Civilization, Turn-Based Strategy
   Games and the Cogito",1,1,"High Point Univ, Nido R Qubein Sch Commun, High
   Point, NC USA.",High Point Univ, Nido R Qubein Sch Commun," High
   Point",1
21,GAMES AND CULTURE,2009,34,2,The Independent Production of Culture: A Digital Games Case Study,2,3,"Indiana Univ, Dept Telecommun,
   Bloomington, IN 47405 USA.",Indiana Univ, Dept Telecommun,"
   Bloomington",2
22,GAMES AND CULTURE,2009,34,2,The Independent Production of Culture: A Digital Games Case Study,2,3,"Leiden Univ, NL-2300 RA Leiden, Netherlands.",Leiden Univ, NL-2300 RA Leiden, Netherlands.,1
23,GAMES AND CULTURE,2009,34,2,Dragon Kill Points The Economics of Power Gamers,1,Manually,"Univ Wisconsin, Dept Anthropol, Milwaukee, WI 53201 USA.",Univ Wisconsin, Dept Anthropol, Milwaukee,Manually
24,GAMES AND CULTURE,2009,34,2,The Assemblage of Play,1,1,"IT Univ Copenhagen, Ctr Comp Games Res, Copenhagen,
   Denmark.",IT Univ Copenhagen, Ctr Comp Games Res, Copenhagen,1
25,GAMES AND CULTURE,2009,34,2,"Virtual Worlds and Their Discontents Precarious Sovereignty,
   Governmentality, and the Ideology of Play",1,1,"Mediadesign Hsch Berlin, Berlin, Germany.",Mediadesign Hsch Berlin, Berlin, Germany.,1
26,GAMES AND CULTURE,2009,34,2,Discipline and Dragon Kill Points in the Online Power Game,3,3,"Univ Calgary, Dept Sociol, Calgary, AB T2N 1N4, Canada.",Univ Calgary, Dept Sociol, Calgary,1
27,GAMES AND CULTURE,2009,34,2,Discipline and Dragon Kill Points in the Online Power Game,3,3,"Concordia Univ, Dept Sociol &amp; Anthropol, Montreal, PQ,
   Canada.",Concordia Univ, Dept Sociol &amp; Anthropol, Montreal,1
28,GAMES AND CULTURE,2009,34,2,Discipline and Dragon Kill Points in the Online Power Game,3,3,"Concordia Univ, Res Ctr Technoculture Art &amp; Games,
   Montreal, PQ, Canada.",Concordia Univ, Res Ctr Technoculture Art &amp; Games,"
   Montreal",1
29,GAMES AND CULTURE,2009,34,2,Rules of Play,1,Manually,"Rutgers State Univ, Sch Law Camden, Camden, NJ 08102 USA.",Rutgers State Univ, Sch Law Camden, Camden,Manually
30,GAMES AND CULTURE,2009,34,2,"Virtual Worlds Petri Dishes, Rat Mazes, and Supercolliders",1,2,"Indiana Univ, Dept Telecommun,
   Bloomington, IN USA.",Indiana Univ, Dept Telecommun,"
   Bloomington",2
31,GAMES AND CULTURE,2009,34,2,There is No Magic Circle,1,Manually,"Ohio Univ, Sch Media Arts Studies, Athens, OH 45701 USA.",Ohio Univ, Sch Media Arts Studies, Athens,Manually
32,GAMES AND CULTURE,2010,34,2,Your Second Selves Player-Designed Avatars,2,3,"Univ Penn, Grad Sch Educ, Philadelphia, PA 19104 USA.",Univ Penn, Grad Sch Educ, Philadelphia,1
33,GAMES AND CULTURE,2010,34,2,Your Second Selves Player-Designed Avatars,2,3,"Univ Calif Los Angeles, Grad Sch
   Educ &amp; Informat Sci, Los Angeles, CA USA.",Univ Calif Los Angeles," Grad Sch
   Educ &amp; Informat Sci", Los Angeles,2
34,GAMES AND CULTURE,2010,34,2,"""Blacks Deserve Bodies Too!"": Design and Discussion About Diversity and
   Race in a Tween Virtual World",2,3,"Univ Penn, Grad Sch Educ, Philadelphia, PA 19104 USA.",Univ Penn, Grad Sch Educ, Philadelphia,1
35,GAMES AND CULTURE,2010,34,2,"""Blacks Deserve Bodies Too!"": Design and Discussion About Diversity and
   Race in a Tween Virtual World",2,3,"Univ Calif Los Angeles, Grad Sch
   Educ &amp; Informat Sci, Los Angeles, CA USA.",Univ Calif Los Angeles," Grad Sch
   Educ &amp; Informat Sci", Los Angeles,2
36,GAMES AND CULTURE,2010,34,2,"""Stealing From Grandma"" or Generating Cultural Knowledge? Contestations
   and Effects of Cheating in a Tween Virtual World",2,2,"Univ Calif Los Angeles, Grad Sch Educ &amp; Informat
   Sci, Los Angeles, CA USA.",Univ Calif Los Angeles," Grad Sch Educ &amp; Informat
   Sci", Los Angeles,1
37,GAMES AND CULTURE,2010,34,2,"""Stealing From Grandma"" or Generating Cultural Knowledge? Contestations
   and Effects of Cheating in a Tween Virtual World",2,2,"Univ Penn, Grad Sch Educ, Philadelphia, PA 19104 USA.",Univ Penn, Grad Sch Educ, Philadelphia,1
38,GAMES AND CULTURE,2010,34,2,"Knowing and Throwing Mudballs, Hearts, Pies, and Flowers A Connective
   Ethnography of Gaming Practices",2,2,"Univ Penn, Grad Sch Educ, Philadelphia, PA 19104 USA.",Univ Penn, Grad Sch Educ, Philadelphia,1
39,GAMES AND CULTURE,2010,34,2,"Knowing and Throwing Mudballs, Hearts, Pies, and Flowers A Connective
   Ethnography of Gaming Practices",2,2,"Univ Calif Los Angeles, Grad Sch Educ &amp; Informat
   Sci, Los Angeles, CA USA.",Univ Calif Los Angeles," Grad Sch Educ &amp; Informat
   Sci", Los Angeles,1
40,GAMES AND CULTURE,2010,34,2,"Investigating the ""Why"" in Whypox Casual and Systematic Explorations of
   a Virtual Epidemic",3,3,"Univ Penn, Grad Sch Educ, Philadelphia, PA 19104 USA.",Univ Penn, Grad Sch Educ, Philadelphia,1
41,GAMES AND CULTURE,2010,34,2,"Investigating the ""Why"" in Whypox Casual and Systematic Explorations of
   a Virtual Epidemic",3,3,"Univ Calif Los Angeles, Dept Educ, Grad Sch Educ &amp;
   Informat Studies, Los Angeles, CA USA.",Univ Calif Los Angeles, Dept Educ," Grad Sch Educ &amp;
   Informat Studies",1
42,GAMES AND CULTURE,2010,34,2,"Investigating the ""Why"" in Whypox Casual and Systematic Explorations of
   a Virtual Epidemic",3,3,"Univ Virginia, Curry Sch Educ, Charlottesville, VA 22903
   USA.",Univ Virginia, Curry Sch Educ, Charlottesville,1
43,GAMES AND CULTURE,2010,34,2,Welfare Epics? The Rhetoric of Rewards in World of Warcraft,1,1,"Seattle Univ, Dept Commun, Washington, DC USA.",Seattle Univ, Dept Commun, Washington,1
44,GAMES AND CULTURE,2010,34,2,"From Edutainment to Serious Games: A Change in the Use of Game
   Characteristics",1,Manually,"Ithaca Coll, Roy H Park Sch Commun, Ithaca, NY 14850 USA.",Ithaca Coll, Roy H Park Sch Commun, Ithaca,Manually
45,GAMES AND CULTURE,2010,34,2,"Games for Civic Learning: A Conceptual Framework and Agenda for Research
   and Design",2,3,"Santa Clara Univ, Dept Commun, Santa
   Clara, CA 95053 USA.",Santa Clara Univ, Dept Commun," Santa
   Clara",2
46,GAMES AND CULTURE,2010,34,2,"Games for Civic Learning: A Conceptual Framework and Agenda for Research
   and Design",2,3,"Northwestern Univ, Rhetor &amp; Publ Culture
   Program, Dept Commun Studies, Evanston, IL 60208 USA.",Northwestern Univ," Rhetor &amp; Publ Culture
   Program", Dept Commun Studies,1
47,GAMES AND CULTURE,2010,34,2,"When the Game Is Not Enough: Motivations and Practices Among Computer
   Game Modding Culture",1,Manually,"Univ Tampere, Dept Informat Studies &amp; Interact Media, Tampere 33014,
   Finland.",Univ Tampere, Dept Informat Studies &amp; Interact Media, Tampere 33014,Manually
48,GAMES AND CULTURE,2010,34,2,"Player, Student, Designer: Games Design Students and Changing
   Relationships With Games",1,Manually,"Bath Spa Univ, Bath BA2 9BN, Avon, England.",Bath Spa Univ, Bath BA2 9BN, Avon,Manually
49,GAMES AND CULTURE,2010,34,2,Lost on a Desert Island: The Sims 2 Castaway as Convergence Text,2,2,"Univ Chichester, Dept Media Studies,
   Chichester PO19 6PE, W Sussex, England.",Univ Chichester, Dept Media Studies,"
   Chichester PO19 6PE",1
50,GAMES AND CULTURE,2010,34,2,Lost on a Desert Island: The Sims 2 Castaway as Convergence Text,2,2,"Univ E London, SMARTlab, London E15 4LZ,
   England.",Univ E London, SMARTlab, London E15 4LZ,1
51,GAMES AND CULTURE,2010,34,2,Trusting the Avatar,1,Manually,"IT Univ Copenhagen, Innovat Commun Res Grp, DK-2300 Copenhagen, Denmark.",IT Univ Copenhagen, Innovat Commun Res Grp, DK-2300 Copenhagen,Manually
52,GAMES AND CULTURE,2010,34,2,Discursively Constructing the Art of Silent Hill,1,Manually,"Kingston Univ, London KT1 2EE, England.",Kingston Univ, London KT1 2EE, England.,Manually
53,GAMES AND CULTURE,2010,34,2,Digital Games and Escapism,1,Manually,"IT Univ Copenhagen Rued, Ctr Comp Games Res, DK-2300 Copenhagen, Denmark.",IT Univ Copenhagen Rued, Ctr Comp Games Res, DK-2300 Copenhagen,Manually
54,GAMES AND CULTURE,2010,34,2,"Computer Games and Sociocultural Play: An Activity Theoretical
   Perspective",2,3,"Univ Kent, Sch Engn &amp; Digital Arts,
   Canterbury CT2 7NT, Kent, England.",Univ Kent, Sch Engn &amp; Digital Arts,"
   Canterbury CT2 7NT",2
55,GAMES AND CULTURE,2010,34,2,"Computer Games and Sociocultural Play: An Activity Theoretical
   Perspective",2,3,"Cyprus Univ Technol, Dept Multimedia &amp; Graph
   Arts, Nicosia, Cyprus.",Cyprus Univ Technol," Dept Multimedia &amp; Graph
   Arts", Nicosia,1
56,GAMES AND CULTURE,2010,34,2,"Where's My Montage? The Performance of Hard Work and Its Reward in Film,
   Television, and MMOGs",3,6,"Ohio Univ, Sch Media Arts &amp; Studies, Athens, OH 45701
   USA.",Ohio Univ, Sch Media Arts &amp; Studies, Athens,1
57,GAMES AND CULTURE,2010,34,2,"Where's My Montage? The Performance of Hard Work and Its Reward in Film,
   Television, and MMOGs",3,6,"Univ
   Scranton, Dept Commun, Scranton, PA 18510 USA.","Univ
   Scranton", Dept Commun, Scranton,4
58,GAMES AND CULTURE,2010,34,2,"Where's My Montage? The Performance of Hard Work and Its Reward in Film,
   Television, and MMOGs",3,6,"Indiana Univ, Dept Telecommun, Bloomington, IN USA.",Indiana Univ, Dept Telecommun, Bloomington,1
59,GAMES AND CULTURE,2010,34,2,What Is Video Game Culture? Cultural Studies and Game Studies,1,1,"Univ Penn, Annenberg Sch Commun, Philadelphia, PA 19104
   USA.",Univ Penn, Annenberg Sch Commun, Philadelphia,1
60,GAMES AND CULTURE,2011,34,2,"Imagined Commodities: Video Game Localization and Mythologies of
   Cultural Difference",1,2,"Univ Pittsburgh, Pittsburgh, PA
   15260 USA.",Univ Pittsburgh, Pittsburgh," PA
   15260 USA.",2
61,GAMES AND CULTURE,2011,34,2,Learning Real-Life Lessons From Online Games,1,1,"Univ So Calif, Inst Multimedia Literacy, Los
   Angeles, CA 90089 USA.",Univ So Calif, Inst Multimedia Literacy," Los
   Angeles",1
62,GAMES AND CULTURE,2011,34,2,The Unreal Enemy of America's Army,1,Manually,"Univ Washington, Seattle, WA 98195 USA.",Univ Washington, Seattle, WA 98195 USA.,Manually
63,GAMES AND CULTURE,2011,34,2,"The Nintendo Entertainment System and the 10NES Chip: Carving the Video
   Game Industry in Silicon",1,1,"Univ Georgia, Dept Telecommun, Athens, GA 30602 USA.",Univ Georgia, Dept Telecommun, Athens,1
64,GAMES AND CULTURE,2011,34,2,"Narrative Structures in Computer and Video Games: Part 1: Context,
   Definitions, and Initial Findings",1,Manually,"Swansea Metropolitan Univ, Sch Digital Media, Fac Appl Design &amp; Engn,
   Swansea SA1 6ED, W Glam, Wales.",Swansea Metropolitan Univ, Sch Digital Media, Fac Appl Design &amp; Engn,Manually
65,GAMES AND CULTURE,2011,34,2,Game Scenes: Theorizing Digital Game Audiences,1,2,"Univ Salford, Manchester M5 4WT,
   Lancs, England.",Univ Salford, Manchester M5 4WT,"
   Lancs",2
66,GAMES AND CULTURE,2011,34,2,Never Too Old to Play: The Appeal of Digital Games to an Older Audience,1,1,"Assoc KU Leuven, Grp T Int Univ Coll Leuven, Louvain,
   Belgium.",Assoc KU Leuven, Grp T Int Univ Coll Leuven, Louvain,1
67,GAMES AND CULTURE,2011,34,2,"Behind the Avatar: The Patterns, Practices, and Functions of Role
   Playing in MMOs",3,3,"Univ So Calif, Annenberg Sch Commun, Los Angeles, CA
   90089 USA.",Univ So Calif, Annenberg Sch Commun, Los Angeles,1
68,GAMES AND CULTURE,2011,34,2,"Behind the Avatar: The Patterns, Practices, and Functions of Role
   Playing in MMOs",3,3,"Brock Univ, Dept Commun Popular Culture &amp; Film,
   St Catharines, ON L2S 3A1, Canada.",Brock Univ, Dept Commun Popular Culture &amp; Film,"
   St Catharines",1
69,GAMES AND CULTURE,2011,34,2,"Behind the Avatar: The Patterns, Practices, and Functions of Role
   Playing in MMOs",3,3,"Yahoo Res, Santa Clara, CA USA.",Yahoo Res, Santa Clara, CA USA.,1
70,GAMES AND CULTURE,2011,34,2,"Narrative Structures in Computer and Video Games: Part 2: Emotions,
   Structures, and Archetypes",1,Manually,"Swansea Metropolitan Univ, Sch Digital Media, Fac Appl Design &amp; Engn,
   Swansea SA1 6ED, W Glam, Wales.",Swansea Metropolitan Univ, Sch Digital Media, Fac Appl Design &amp; Engn,Manually
71,GAMES AND CULTURE,2011,34,2,"Embodied Metaphors: Exposing Informatic Control Through First-Person
   Shooters",1,1,"Temple Univ, Philadelphia, PA 19122 USA.",Temple Univ, Philadelphia, PA 19122 USA.,1
72,GAMES AND CULTURE,2011,34,2,The Game Body: Toward a Phenomenology of Contemporary Video Gaming,1,1,"Univ W England, Bristol BS16 1QY, Avon, England.",Univ W England, Bristol BS16 1QY, Avon,1
73,GAMES AND CULTURE,2011,34,2,Cash Trade in Free-to-Play Online Games,2,2,"Natl Chiao Tung Univ, Grad Inst Educ, Dept Comp Sci,
   Hsinchu, Taiwan.",Natl Chiao Tung Univ, Grad Inst Educ, Dept Comp Sci,1
74,GAMES AND CULTURE,2011,34,2,Cash Trade in Free-to-Play Online Games,2,2,"Natl Taiwan Univ, Dept Sociol, Taipei 10764, Taiwan.",Natl Taiwan Univ, Dept Sociol, Taipei 10764,1
75,GAMES AND CULTURE,2011,34,2,Player Character Engagement in Computer Games,1,Manually,"Aalto Univ, Sch Art &amp; Design, Aalto 00076, Finland.",Aalto Univ, Sch Art &amp; Design, Aalto 00076,Manually
76,GAMES AND CULTURE,2011,34,2,"""Did This Game Scare You? Because it Sure as Hell Scared Me!"" FEAR, the
   Abject and the Uncanny",1,Manually,"Liverpool John Moores Univ, Sch Media Crit &amp; Creat Arts, Liverpool L1
   7BR, Merseyside, England.",Liverpool John Moores Univ, Sch Media Crit &amp; Creat Arts," Liverpool L1
   7BR",Manually
77,GAMES AND CULTURE,2011,34,2,At Least Nine Ways to Play: Approaching Gamer Mentalities,1,1,"Univ Tampere, Hypermedia Lab, Tampere 33014,
   Finland.",Univ Tampere, Hypermedia Lab, Tampere 33014,1
78,GAMES AND CULTURE,2011,34,2,"How Games Support Associational Life: Using Tocqueville to Understand
   the Connection",1,Manually,"SUNY Albany, Albany, NY 12203 USA.",SUNY Albany, Albany, NY 12203 USA.,Manually
79,GAMES AND CULTURE,2011,34,2,"Playing Games With Cultural Heritage: A Comparative Case Study Analysis
   of the Current Status of Digital Game Preservation",1,3,"Univ Loughborough,
   Dept Informat Sci, Loughborough LE11 3AY, Leics, England.",Univ Loughborough,"
   Dept Informat Sci", Loughborough LE11 3AY,3
80,GAMES AND CULTURE,2011,34,2,"Rules, Rhetoric, and Genre: Procedural Rhetoric in Persona 3",1,Manually,"MIT, Singapore MIT GAMBIT Game Lab, Cambridge, MA 02139 USA.",MIT, Singapore MIT GAMBIT Game Lab, Cambridge,Manually
81,GAMES AND CULTURE,2011,34,2,"Flow Experience and Mood States While Playing Body Movement-Controlled
   Video Games",2,3,"Heriot Watt Univ, Sch Life Sci,
   Edinburgh EH14 4AS, Midlothian, Scotland.",Heriot Watt Univ, Sch Life Sci,"
   Edinburgh EH14 4AS",2
82,GAMES AND CULTURE,2011,34,2,"Flow Experience and Mood States While Playing Body Movement-Controlled
   Video Games",2,3,"Univ S Florida, Sch Phys Educ &amp; Exercise Sci, Tampa, FL
   33620 USA.",Univ S Florida, Sch Phys Educ &amp; Exercise Sci, Tampa,1
83,GAMES AND CULTURE,2011,34,2,"""When Keeping it Real Goes Wrong"": Resident Evil 5, Racial
   Representation, and Gamers",1,Manually,"Univ Iowa, Sch Lib &amp; Informat Sci POROI, Main Lib 3074, Iowa City, IA
   52242 USA.",Univ Iowa, Sch Lib &amp; Informat Sci POROI, Main Lib 3074,Manually
84,GAMES AND CULTURE,2011,34,2,The Promise of Play: A New Approach to Productive Play,1,2,"Univ Calif Irvine, Donald Bren Sch
   Informat &amp; Comp Sci, Dept Informat, Irvine, CA 92697 USA.",Univ Calif Irvine," Donald Bren Sch
   Informat &amp; Comp Sci", Dept Informat,2
85,GAMES AND CULTURE,2011,34,2,"A Man Chooses, A Slave Obeys: BioShock and the Dystopian Logic of
   Convergence",3,3,"Carleton Univ, Dept Film Studies, Ottawa, ON K1S 5B6,
   Canada.",Carleton Univ, Dept Film Studies, Ottawa,1
86,GAMES AND CULTURE,2011,34,2,"A Man Chooses, A Slave Obeys: BioShock and the Dystopian Logic of
   Convergence",3,3,"Carleton Univ, Dept English, Ottawa, ON K1S 5B6,
   Canada.",Carleton Univ, Dept English, Ottawa,1
87,GAMES AND CULTURE,2011,34,2,"A Man Chooses, A Slave Obeys: BioShock and the Dystopian Logic of
   Convergence",3,3,"Carleton Univ, Doctoral Program Cultural Mediat,
   Ottawa, ON K1S 5B6, Canada.",Carleton Univ, Doctoral Program Cultural Mediat,"
   Ottawa",1
88,GAMES AND CULTURE,2011,34,2,Repetition and Ritual Logic in Video Games,1,2,"Univ Hertfordshire, Sch Creat Arts,
   Hatfield AL10 9AB, Herts, England.",Univ Hertfordshire, Sch Creat Arts,"
   Hatfield AL10 9AB",2
89,GAMES AND CULTURE,2011,34,2,"What Do Students Learn When Collaboratively Using A Computer Game in the
   Study of Historical Disease Epidemics, and Why?",1,2,"Univ Sydney, Ctr Res Comp
   Supported Learning &amp; Cognit, Fac Educ &amp; Social Work, Sydney, NSW 2006,
   Australia.",Univ Sydney," Ctr Res Comp
   Supported Learning &amp; Cognit", Fac Educ &amp; Social Work,2
90,GAMES AND CULTURE,2011,34,2,Interconnections: Revisiting the Future,2,4,"Univ Cent
   Florida, Inst Simulat &amp; Training, Orlando, FL 32826 USA.","Univ Cent
   Florida", Inst Simulat &amp; Training, Orlando,3
91,GAMES AND CULTURE,2011,34,2,Interconnections: Revisiting the Future,2,4,"Univ Cent Florida, Dept Elect Engn &amp; Comp Sci,
   Orlando, FL 32826 USA.",Univ Cent Florida, Dept Elect Engn &amp; Comp Sci,"
   Orlando",1
92,GAMES AND CULTURE,2012,34,2,"Restorative Magical Adventure or Warcrack? Motivated MMO Play and the
   Pleasures and Perils of Online Experience",2,2,"Colorado State Univ, Dept Anthropol, Ft Collins,
   CO 80523 USA.",Colorado State Univ, Dept Anthropol, Ft Collins,1
93,GAMES AND CULTURE,2012,34,2,"Restorative Magical Adventure or Warcrack? Motivated MMO Play and the
   Pleasures and Perils of Online Experience",2,2,"Univ Alabama, Tuscaloosa, AL USA.",Univ Alabama, Tuscaloosa, AL USA.,1
94,GAMES AND CULTURE,2012,34,2,"The Stoic Male: How Avatar Gender Affects Help-Seeking Behavior in an
   Online Game",4,4,"Univ Tokyo, Grad Sch Interdisciplinary Informat
   Studies, Bunkyo Ku, Tokyo 1130033, Japan.",Univ Tokyo," Grad Sch Interdisciplinary Informat
   Studies", Bunkyo Ku,1
95,GAMES AND CULTURE,2012,34,2,"The Stoic Male: How Avatar Gender Affects Help-Seeking Behavior in an
   Online Game",4,4,"Univ Tokyo, Grad Sch Humanities &amp; Sociol, Dept
   Letters, Tokyo 1130033, Japan.",Univ Tokyo, Grad Sch Humanities &amp; Sociol," Dept
   Letters",1
96,GAMES AND CULTURE,2012,34,2,"The Stoic Male: How Avatar Gender Affects Help-Seeking Behavior in an
   Online Game",4,4,"Univ London London Sch Econ &amp; Polit Sci, Asia Res
   Ctr, London WC2A 2AE, England.",Univ London London Sch Econ &amp; Polit Sci," Asia Res
   Ctr", London WC2A 2AE,1
97,GAMES AND CULTURE,2012,34,2,"The Stoic Male: How Avatar Gender Affects Help-Seeking Behavior in an
   Online Game",4,4,"Univ Tokyo, Interfac Initiat Informat Studies, Tokyo
   1130033, Japan.",Univ Tokyo, Interfac Initiat Informat Studies," Tokyo
   1130033",1
98,GAMES AND CULTURE,2012,34,2,Race-Based Fantasy Realm: Essentialism in the World of Warcraft,1,Manually,"Metropolitan State Coll, Denver, CO 80217 USA.",Metropolitan State Coll, Denver, CO 80217 USA.,Manually
99,GAMES AND CULTURE,2012,34,2,"The Formal Qualities of the Video Game: An Exploration of Super Mario
   Galaxy with Gilles Deleuze",1,Manually,"Univ Auckland, Auckland 1142, New Zealand.",Univ Auckland, Auckland 1142, New Zealand.,Manually
100,GAMES AND CULTURE,2012,34,2,Recursive Space: Play and Creating Space,1,Manually,"Univ Kent, Sch Arts, Canterbury CT2 7UG, Kent, England.",Univ Kent, Sch Arts, Canterbury CT2 7UG,Manually
101,GAMES AND CULTURE,2012,34,2,My Friend Scarlet: Interactive Tragedy in The Path,2,2,"Univ New S Wales, Sch Comp Sci &amp; Engn, Sydney, NSW 2052,
   Australia.",Univ New S Wales, Sch Comp Sci &amp; Engn, Sydney,1
102,GAMES AND CULTURE,2012,34,2,My Friend Scarlet: Interactive Tragedy in The Path,2,2,"Univ New S Wales, Sch English Media &amp; Performing
   Arts, Sydney, NSW 2052, Australia.",Univ New S Wales," Sch English Media &amp; Performing
   Arts", Sydney,1
103,GAMES AND CULTURE,2012,34,2,Time and Space in Play: Saving and Pausing With the Nintendo DS,1,Manually,"New Sch Social Res Home, Dept Sociol, Brooklyn, NY 11222 USA.",New Sch Social Res Home, Dept Sociol, Brooklyn,Manually
104,GAMES AND CULTURE,2012,34,2,"Between the Game System and the Fictional World: A Study of Computer
   Game Interfaces",1,1,"Univ Bergen, Dept Informat Sci &amp; Media Studies,
   N-5007 Bergen, Norway.",Univ Bergen, Dept Informat Sci &amp; Media Studies,"
   N-5007 Bergen",1
105,GAMES AND CULTURE,2012,34,2,Desires at Play: On Closeness and Epistemological Uncertainty,1,1,"Sodertorn Univ, Sch Gender Culture &amp; Hist, Stockholm,
   Sweden.",Sodertorn Univ, Sch Gender Culture &amp; Hist, Stockholm,1
106,GAMES AND CULTURE,2012,34,2,"Forecasting the Experience of Future Entertainment Technology:
   ""Interactive Storytelling"" and Media Enjoyment",5,6,"Hanover Univ Mus Drama &amp; Media, Dept Journalism &amp;
   Commun Res IJK, D-30539 Hannover, Germany.",Hanover Univ Mus Drama &amp; Media," Dept Journalism &amp;
   Commun Res IJK", D-30539 Hannover,1
107,GAMES AND CULTURE,2012,34,2,"Forecasting the Experience of Future Entertainment Technology:
   ""Interactive Storytelling"" and Media Enjoyment",5,6,"Vrije Univ Amsterdam, Ctr Adv Media
   Res Amsterdam CaMeRA, Amsterdam, Netherlands.",Vrije Univ Amsterdam," Ctr Adv Media
   Res Amsterdam CaMeRA", Amsterdam,2
108,GAMES AND CULTURE,2012,34,2,"Forecasting the Experience of Future Entertainment Technology:
   ""Interactive Storytelling"" and Media Enjoyment",5,6,"Vrije Univ Amsterdam, Dept Commun Sci, Amsterdam,
   Netherlands.",Vrije Univ Amsterdam, Dept Commun Sci, Amsterdam,1
109,GAMES AND CULTURE,2012,34,2,"Forecasting the Experience of Future Entertainment Technology:
   ""Interactive Storytelling"" and Media Enjoyment",5,6,"Univ Mannheim, Chair Commun, Mannheim, Germany.",Univ Mannheim, Chair Commun, Mannheim,1
110,GAMES AND CULTURE,2012,34,2,"Forecasting the Experience of Future Entertainment Technology:
   ""Interactive Storytelling"" and Media Enjoyment",5,6,"Univ Mannheim, Media &amp; Commun Studies Dept,
   Mannheim, Germany.",Univ Mannheim, Media &amp; Commun Studies Dept,"
   Mannheim",1
111,GAMES AND CULTURE,2012,34,2,"Narrative and Spatial Form in Digital Media: A Platform Study of the
   SCUMM Engine and Ron Gilbert's The Secret of Monkey Island",1,Manually,"Univ Illinois, Dept English, Urbana, IL 61801 USA.",Univ Illinois, Dept English, Urbana,Manually
112,GAMES AND CULTURE,2012,34,2,Leveling Up: Playerkilling as Ethical Self-Cultivation,1,Manually,"Univ Hawaii Manoa, Honolulu, HI 96822 USA.",Univ Hawaii Manoa, Honolulu, HI 96822 USA.,Manually
113,GAMES AND CULTURE,2012,34,2,"Narrative, Cognition, and the Flow of Mirror's Edge",1,Manually,"Univ Otago, Dept English, Dunedin 9054, New Zealand.",Univ Otago, Dept English, Dunedin 9054,Manually
114,GAMES AND CULTURE,2012,34,2,Beyond Freedom of Movement: Boys Play in a Tween Virtual World,2,3,"Univ Penn, Grad Sch Educ,
   Philadelphia, PA 19104 USA.",Univ Penn, Grad Sch Educ,"
   Philadelphia",2
115,GAMES AND CULTURE,2012,34,2,Beyond Freedom of Movement: Boys Play in a Tween Virtual World,2,3,"Univ Penn, Dept Anthropol, Philadelphia, PA 19104
   USA.",Univ Penn, Dept Anthropol, Philadelphia,1
116,GAMES AND CULTURE,2012,34,2,Marketing Military Realism in Call of Duty 4: Modern Warfare,1,Manually,"Univ Alabama, Tuscaloosa, AL 35487 USA.",Univ Alabama, Tuscaloosa, AL 35487 USA.,Manually
117,GAMES AND CULTURE,2012,34,2,Grand Theft Auto IV: Liberty City and Modernist Literature,1,1,"Macquarie Univ, Sydney, NSW 2109, Australia.",Macquarie Univ, Sydney, NSW 2109,1
118,GAMES AND CULTURE,2012,34,2,"On the Digital Playing Field: How We ""Do Sport"" With Networked Computer
   Games",1,Manually,"IT Univ Copenhagen, DK-2300 Copenhagen, Denmark.",IT Univ Copenhagen, DK-2300 Copenhagen, Denmark.,Manually
119,GAMES AND CULTURE,2012,34,2,"Digital Elves as a Racial Other in Video Games: Acknowledgment and
   Avoidance",1,Manually,No Address,No UNAME_1,No UNAME_2,No UNAME_3,Manually
120,GAMES AND CULTURE,2012,34,2,"No Sex Please, We Are Finite State Machines: On the Melancholy
   Sexlessness of the Video Game",1,1,"London Consortium, London, England.",London Consortium, London, England.,1
121,GAMES AND CULTURE,2012,34,2,Tether and Accretions: Fantasy as Form in Videogames,1,Manually,"Univ Calif Berkeley, Dept Film &amp; Media, Berkeley, CA 94720 USA.",Univ Calif Berkeley, Dept Film &amp; Media, Berkeley,Manually
122,GAMES AND CULTURE,2012,34,2,"There and Back Again: Nostalgia, Art, and Ideology in Old-School
   Dungeons and Dragons",1,2,"Brock Univ, Dept Commun Popular
   Culture &amp; Film, St Catharines, ON L2S 3A1, Canada.",Brock Univ," Dept Commun Popular
   Culture &amp; Film", St Catharines,2
123,GAMES AND CULTURE,2013,34,2,Contested Convergence and the Politics of Play on GameTrailers.com,1,Manually,"Coll Charleston, Dept Commun, Charleston, SC 29401 USA.",Coll Charleston, Dept Commun, Charleston,Manually
124,GAMES AND CULTURE,2013,34,2,The Allure of Games: Toward an Updated Theory of the Leisure Class,1,Manually,"Univ New Hampshire, Dept Econ, Durham, NH 03824 USA.",Univ New Hampshire, Dept Econ, Durham,Manually
125,GAMES AND CULTURE,2013,34,2,"Hacking Public Memory: Understanding the Multiple Arcade Machine
   Emulator",1,Manually,"Ryerson Univ, Toronto, ON M5R 1V7, Canada.",Ryerson Univ, Toronto, ON M5R 1V7,Manually
126,GAMES AND CULTURE,2013,34,2,Rethinking Military Gaming: America's Army and Its Critics,1,Manually,"SUNY Albany, Albany, NY 12203 USA.",SUNY Albany, Albany, NY 12203 USA.,Manually
127,GAMES AND CULTURE,2013,34,2,"Confronting Heteronormativity in Online Games: A Critical Discourse
   Analysis of LGBTQ Sexuality in World of Warcraft",1,1,"Univ New Mexico, Albuquerque, NM 87131 USA.",Univ New Mexico, Albuquerque, NM 87131 USA.,1
128,GAMES AND CULTURE,2013,34,2,Where Do Virtual Worlds Come From?: A Genealogy of Second Life,1,Manually,"Monash Univ, Ctr Theatre &amp; Performance, Clayton, Vic 3800, Australia.",Monash Univ, Ctr Theatre &amp; Performance, Clayton,Manually
129,GAMES AND CULTURE,2013,34,2,"Adventure Before Adventure Games: A New Look at Crowther and Woods's
   Seminal Program",1,Manually,"Concordia Univ, Dept Design &amp; Computat Arts, Montreal, PQ, Canada.",Concordia Univ, Dept Design &amp; Computat Arts, Montreal,Manually
130,GAMES AND CULTURE,2013,34,2,"Toward Greater Production Diversity: Examining Social Boundaries at a
   Video Game Studio",1,Manually,"Sam Houston State Univ, Mass Commun Dept, Huntsville, TX 77341 USA.",Sam Houston State Univ, Mass Commun Dept, Huntsville,Manually
131,GAMES AND CULTURE,2013,34,2,"Wither Mario Factory?: The Role of Tools in Constructing (Co)Creative
   Possibilities on Video Game Consoles",1,Manually,"Michigan State Univ, Dept Telecommun Informat Studies &amp; Media, E
   Lansing, MI 48824 USA.",Michigan State Univ, Dept Telecommun Informat Studies &amp; Media," E
   Lansing",Manually
132,GAMES AND CULTURE,2013,34,2,Results From a Controlled Study of the iPad Fractions Game Motion Math,2,2,"Univ So Calif, Rossier Sch Educ, Los Angeles,
   CA USA.",Univ So Calif, Rossier Sch Educ, Los Angeles,1
133,GAMES AND CULTURE,2013,34,2,Results From a Controlled Study of the iPad Fractions Game Motion Math,2,2,"New York Hall Sci, Queens, NY 11368 USA.",New York Hall Sci, Queens, NY 11368 USA.,1
134,GAMES AND CULTURE,2013,34,2,"Once More With Feeling: Game Design Patterns for Learning in the
   Affective Domain",2,3,"Univ Ottawa, Sch Informat Studies,
   Ottawa, ON K1N 6N5, Canada.",Univ Ottawa, Sch Informat Studies,"
   Ottawa",2
135,GAMES AND CULTURE,2013,34,2,"Once More With Feeling: Game Design Patterns for Learning in the
   Affective Domain",2,3,"Concordia Univ, TAG Res Ctr, Montreal, PQ, Canada.",Concordia Univ, TAG Res Ctr, Montreal,1
136,GAMES AND CULTURE,2013,34,2,"Feeling Right About How You Play: The Effects of Regulatory Fit in Games
   for Learning",3,4,"Michigan State Univ, Dept Telecommun
   Informat Studies &amp; Media, E Lansing, MI 48823 USA.",Michigan State Univ," Dept Telecommun
   Informat Studies &amp; Media", E Lansing,2
137,GAMES AND CULTURE,2013,34,2,"Feeling Right About How You Play: The Effects of Regulatory Fit in Games
   for Learning",3,4,"Georgia Inst Technol, Dept Digital Media, Atlanta, GA
   30332 USA.",Georgia Inst Technol, Dept Digital Media, Atlanta,1
138,GAMES AND CULTURE,2013,34,2,"Feeling Right About How You Play: The Effects of Regulatory Fit in Games
   for Learning",3,4,"Elect Arts, Redwood City, CA USA.",Elect Arts, Redwood City, CA USA.,1
139,GAMES AND CULTURE,2013,34,2,"Dispensable, Tweakable, and Tangible Components: Supporting Socially
   Negotiated Gameplay",2,4,"Univ Washington, Seattle, WA 98195 USA.",Univ Washington, Seattle, WA 98195 USA.,1
140,GAMES AND CULTURE,2013,34,2,"Dispensable, Tweakable, and Tangible Components: Supporting Socially
   Negotiated Gameplay",2,4,"Nokia Res Ctr, Sunnyvale, CA
   USA.",Nokia Res Ctr, Sunnyvale," CA
   USA.",3
141,GAMES AND CULTURE,2013,34,2,"Games for Persuasion: Argumentation, Procedurality, and the Lie of
   Gamification",1,1,"Megazoid Games, Eagleville, PA USA.",Megazoid Games, Eagleville, PA USA.,1
142,GAMES AND CULTURE,2013,34,2,"The Morality of Play: Video Game Coverage in The New York Times From
   1980 to 2010",1,Manually,"SUNY Albany, Dept Sociol, Albany, NY 12222 USA.",SUNY Albany, Dept Sociol, Albany,Manually
143,GAMES AND CULTURE,2013,34,2,Gramsci and Games,1,Manually,"Newcastle Univ, Sch Arts &amp; Culture, Newcastle Upon Tyne NE1 7RU, Tyne &amp;
   Wear, England.",Newcastle Univ, Sch Arts &amp; Culture, Newcastle Upon Tyne NE1 7RU,Manually
144,GAMES AND CULTURE,2013,34,2,Performative Inquiry and the Sublime in Escape from Woomera,1,Manually,"Ryerson Univ, Sch Image Arts, Toronto, ON M5B 1X8, Canada.",Ryerson Univ, Sch Image Arts, Toronto,Manually
145,GAMES AND CULTURE,2013,34,2,The Rules of the Game-The Rules of the Player,1,Manually,"Univ Copenhagen, Dept Media Cognit &amp; Commun, DK-2300 Copenhagen, Denmark.",Univ Copenhagen, Dept Media Cognit &amp; Commun, DK-2300 Copenhagen,Manually
146,GAMES AND CULTURE,2013,34,2,Militaristic Attitudes and the Use of Digital Games,2,3,"Univ Hohenheim, Inst Commun Studies,
   D-70599 Stuttgart, Germany.",Univ Hohenheim, Inst Commun Studies,"
   D-70599 Stuttgart",2
147,GAMES AND CULTURE,2013,34,2,Militaristic Attitudes and the Use of Digital Games,2,3,"Univ Munster, D-48149 Munster, Germany.",Univ Munster, D-48149 Munster, Germany.,1
148,GAMES AND CULTURE,2013,34,2,Is the Video Game a Cultural Vehicle?,1,Manually,"Asia Univ, Dept Informat Commun, Taichung 41354, Taiwan.",Asia Univ, Dept Informat Commun, Taichung 41354,Manually
149,GAMES AND CULTURE,2014,34,2,"Reality and Terror, the First-Person Shooter in Current Day Settings",2,3,"Macquarie Univ, Dept Comp, Sydney, NSW 2109,
   Australia.",Macquarie Univ, Dept Comp, Sydney,1
150,GAMES AND CULTURE,2014,34,2,"Reality and Terror, the First-Person Shooter in Current Day Settings",2,3,"Macquarie Univ, Sydney, NSW 2109,
   Australia.",Macquarie Univ, Sydney, NSW 2109,2
151,GAMES AND CULTURE,2014,34,2,"From Separation to Integration: Identity Development of Korean Adult
   Players in Online Game World",2,2,"Korea Adv Inst Sci &amp; Technol, Grad Sch Culture Technol,
   Taejon 305701, South Korea.",Korea Adv Inst Sci &amp; Technol, Grad Sch Culture Technol,"
   Taejon 305701",1
152,GAMES AND CULTURE,2014,34,2,"From Separation to Integration: Identity Development of Korean Adult
   Players in Online Game World",2,2,"Yonsei Univ, Dept Psychol, Seoul 120749, South
   Korea.",Yonsei Univ, Dept Psychol, Seoul 120749,1
153,GAMES AND CULTURE,2014,34,2,"Time and Temporality in the Mass Effect Series: A Narratological
   Approach",1,Manually,"Univ Ghent, Dept Linguist, B-9000 Ghent, Belgium.",Univ Ghent, Dept Linguist, B-9000 Ghent,Manually
154,GAMES AND CULTURE,2014,34,2,"What Makes an Orc? Racial Cosmos and Emergent Narrative in World of
   Warcraft",1,Manually,"Cent Michigan Univ, Pleasant, MI 48858 USA.",Cent Michigan Univ, Pleasant, MI 48858 USA.,Manually
155,GAMES AND CULTURE,2014,34,2,"Pluralistic Ignorance in Virtually Assembled Peers: The Case of World of
   Warcraft",1,2,"Occidental Coll, Los Angeles, CA
   90041 USA.",Occidental Coll, Los Angeles," CA
   90041 USA.",2
156,GAMES AND CULTURE,2014,34,2,"Drafting an Army: The Playful Pastime of Warhammer 40,000",1,3,"Univ Melbourne, Dept
   Comp &amp; Informat Syst, Melbourne, Vic 3051, Australia.",Univ Melbourne," Dept
   Comp &amp; Informat Syst", Melbourne,3
157,GAMES AND CULTURE,2014,34,2,Facebook and FarmVille: A Digital Ritual Analysis of Social Gaming,1,Manually,"Univ Iowa, Coralville, IA 52241 USA.",Univ Iowa, Coralville, IA 52241 USA.,Manually
158,GAMES AND CULTURE,2014,34,2,"Equipping the Designers of the Future: Best Practices of Epistemic Video
   Game Design",3,3,"Purdue Univ, W Lafayette, IN 47907 USA.",Purdue Univ, W Lafayette, IN 47907 USA.,1
159,GAMES AND CULTURE,2014,34,2,"Equipping the Designers of the Future: Best Practices of Epistemic Video
   Game Design",3,3,"Texas A&amp;M Univ, Coll Engn, Educ Outreach Programs,
   College Stn, TX USA.",Texas A&amp;M Univ, Coll Engn, Educ Outreach Programs,1
160,GAMES AND CULTURE,2014,34,2,"Equipping the Designers of the Future: Best Practices of Epistemic Video
   Game Design",3,3,"Texas A&amp;M Univ, Coll Educ, College Stn, TX 77843 USA.",Texas A&amp;M Univ, Coll Educ, College Stn,1
161,GAMES AND CULTURE,2014,34,2,"Death of a Guild, Birth of a Network: Online Community Ties Within and
   Beyond Code",1,1,"City Univ Hong Kong, Dept Media &amp; Commun, Hong Kong,
   Peoples R China.",City Univ Hong Kong, Dept Media &amp; Commun, Hong Kong,1
162,GAMES AND CULTURE,2014,34,2,Branded Worlds and Contracting Galaxies: The Case of Star Wars Galaxies,1,1,"Univ Calif Los Angeles, Dept Film &amp; Media Studies, Los
   Angeles, CA USA.",Univ Calif Los Angeles, Dept Film &amp; Media Studies," Los
   Angeles",1
163,GAMES AND CULTURE,2014,34,2,"Distinguishing Addiction From High Engagement: An Investigation Into the
   Social Lives of Adolescent and Young Adult Massively Multiplayer Online
   Game Players",2,2,"Korea Univ, Seoul 136701, South Korea.",Korea Univ, Seoul 136701, South Korea.,1
164,GAMES AND CULTURE,2014,34,2,"Distinguishing Addiction From High Engagement: An Investigation Into the
   Social Lives of Adolescent and Young Adult Massively Multiplayer Online
   Game Players",2,2,"Solers Res Grp, Orlando, FL USA.",Solers Res Grp, Orlando, FL USA.,1
165,GAMES AND CULTURE,2014,34,2,"Enlightening the Galaxy: How Players Experience Political Philosophy in
   Star Wars: The Old Republic",2,2,"Manhattan Coll, Dept Religious Studies, Bronx, NY
   10471 USA.",Manhattan Coll, Dept Religious Studies, Bronx,1
166,GAMES AND CULTURE,2014,34,2,"Enlightening the Galaxy: How Players Experience Political Philosophy in
   Star Wars: The Old Republic",2,2,"Manhattan Coll, Bronx, NY 10471 USA.",Manhattan Coll, Bronx, NY 10471 USA.,1
167,GAMES AND CULTURE,2014,34,2,"Games as Art and Kant's Moral Dilemma: What Can Ethical Theory Reveal
   About the Role of the Game Designer as Artist?",1,3,"Arizona State Univ, New Coll Interdisciplinary Arts &amp; Sci, Phoenix, AZ
   85069 USA.",Arizona State Univ, New Coll Interdisciplinary Arts &amp; Sci, Phoenix,3
168,GAMES AND CULTURE,2014,34,2,The Critical Power of Virtual Dystopias,1,Manually,"Univ Leeds, Sch Polit &amp; Int Studies, Leeds LS2 9JT, W Yorkshire, England.",Univ Leeds, Sch Polit &amp; Int Studies, Leeds LS2 9JT,Manually
169,GAMES AND CULTURE,2014,34,2,"The Construction of Play: Rules, Restrictions, and the Repressive
   Hypothesis",1,Manually,"Macquarie Univ, Dept Media Mus Commun &amp; Cultural Studies, Sydney, NSW
   2109, Australia.",Macquarie Univ, Dept Media Mus Commun &amp; Cultural Studies, Sydney,Manually
170,GAMES AND CULTURE,2014,34,2,"""Who Am I?'': Rhetoric and Narrative Identity in the Portal Series",1,Manually,"No Illinois Univ, De Kalb, IL 60115 USA.",No Illinois Univ, De Kalb, IL 60115 USA.,Manually
171,GAMES AND CULTURE,2014,34,2,"Digital Mortification of Literary Flesh: Computational Logistics and
   Violences of Remediation in Visceral Games' Dante's Inferno",1,Manually,"Univ Calif Riverside, Riverside, CA 92521 USA.",Univ Calif Riverside, Riverside, CA 92521 USA.,Manually
172,GAMES AND CULTURE,2014,34,2,Extending Play to Critical Media Studies,2,2,"Rutgers State Univ, Sch Commun &amp; Informat, Dept Media
   Studies, Piscataway Township, NJ USA.",Rutgers State Univ, Sch Commun &amp; Informat," Dept Media
   Studies",1
173,GAMES AND CULTURE,2014,34,2,Extending Play to Critical Media Studies,2,2,"Univ Kansas, Dept Film &amp; Media Studies, Lawrence, KS
   66045 USA.",Univ Kansas, Dept Film &amp; Media Studies, Lawrence,1
174,GAMES AND CULTURE,2014,34,2,On Balinese Cockfights: Deeply Extending Play,1,Manually,"Michigan State Univ, Dept Media &amp; Informat, E Lansing, MI 48824 USA.",Michigan State Univ, Dept Media &amp; Informat, E Lansing,Manually
175,GAMES AND CULTURE,2014,34,2,"Strange Bedfellows: Subjectivity, Romance, and Hidden Object Video Games",1,1,"Univ Georgia, Grady Coll Journalism &amp; Mass Commun,
   Athens, GA 30602 USA.",Univ Georgia, Grady Coll Journalism &amp; Mass Commun,"
   Athens",1
176,GAMES AND CULTURE,2014,34,2,"The Feeling of Being Hunted: Pleasures and Potentialities of Predation
   Play",1,Manually,"Quinnipiac Univ, Hamden, CT 06518 USA.",Quinnipiac Univ, Hamden, CT 06518 USA.,Manually
177,GAMES AND CULTURE,2014,34,2,Hitting Walls (v. XXVIII): Captured Play,1,Manually,"NYU, Dept Media Culture &amp; Commun, New York, NY 10003 USA.",NYU, Dept Media Culture &amp; Commun, New York,Manually
178,GAMES AND CULTURE,2014,34,2,"Electing to Play: MTV's Fantasy Election and Changes in Political
   Engagement Through Gameplay",2,2,"Columbia Univ, New York, NY 10027 USA.",Columbia Univ, New York, NY 10027 USA.,1
179,GAMES AND CULTURE,2014,34,2,"Electing to Play: MTV's Fantasy Election and Changes in Political
   Engagement Through Gameplay",2,2,"Univ So Calif, Dept Commun, Los Angeles, CA USA.",Univ So Calif, Dept Commun, Los Angeles,1
180,GAMES AND CULTURE,2014,34,2,Pressing Play: Digital Game Techniques and Interactive Art,1,Manually,"Columbia Univ, Dept Commun, New York, NY 10025 USA.",Columbia Univ, Dept Commun, New York,Manually
181,GAMES AND CULTURE,2014,34,2,"For Every to There Is a fro: Interpreting Time, Rhythm, and Gesture in
   Play",1,Manually,"Univ Chicago, Dept English Language &amp; Literature, Chicago, IL 60637 USA.",Univ Chicago, Dept English Language &amp; Literature, Chicago,Manually
182,GAMES AND CULTURE,2014,34,2,"""No One Cares, Apostolate'': What Social Cheating Reveals",1,1,"Indiana Univ, Dept Gender Studies, Bloomington, IN
   47405 USA.",Indiana Univ, Dept Gender Studies, Bloomington,1
183,GAMES AND CULTURE,2014,34,2,"Choose Your Own Disruption: Clown, Adaptation, and Play",1,2,"Simon Fraser Univ, Vancouver, BC,
   Canada.",Simon Fraser Univ, Vancouver, BC,2
184,GAMES AND CULTURE,2014,34,2,Playing in the Gif(t) Economy,1,Manually,"Oklahoma State Univ English, Stillwater, OK 74078 USA.",Oklahoma State Univ English, Stillwater, OK 74078 USA.,Manually
185,GAMES AND CULTURE,2014,34,2,Ludoarchaeology,1,1,"Leuphana Univ Luneburg, D-21335 Luneburg, Germany.",Leuphana Univ Luneburg, D-21335 Luneburg, Germany.,1
186,GAMES AND CULTURE,2015,34,2,Art Video Games: Ritual Communication of Feelings in the Digital Era,4,5,"Univ Antioquia, Antioquia, Colombia.",Univ Antioquia, Antioquia, Colombia.,1
187,GAMES AND CULTURE,2015,34,2,Art Video Games: Ritual Communication of Feelings in the Digital Era,4,5,"Univ
   Copenhagen, Copenhagen, Denmark.","Univ
   Copenhagen", Copenhagen, Denmark.,2
188,GAMES AND CULTURE,2015,34,2,Art Video Games: Ritual Communication of Feelings in the Digital Era,4,5,"Univ Munich, REASON Program, Munich Ctr
   Learning Sci, D-80802 Munich, Germany.",Univ Munich, REASON Program," Munich Ctr
   Learning Sci",1
189,GAMES AND CULTURE,2015,34,2,Art Video Games: Ritual Communication of Feelings in the Digital Era,4,5,"Thammasat Univ, Dept Psychol, Pathum Thani,
   Thailand.",Thammasat Univ, Dept Psychol, Pathum Thani,1
190,GAMES AND CULTURE,2015,34,2,"When Life Mattered: The Politics of the Real in Video Games'
   Reappropriation of History, Myth, and Ritual",1,Manually,"Univ Penn, Annenberg Sch Commun, Philadelphia, PA 19104 USA.",Univ Penn, Annenberg Sch Commun, Philadelphia,Manually
191,GAMES AND CULTURE,2015,34,2,"User-Generated Video Gaming: Little Big Planet and Participatory
   Cultures in Italy",1,2,"Univ Roma La Sapienza, Dept
   Commun &amp; Social Res, I-00198 Rome, Italy.",Univ Roma La Sapienza," Dept
   Commun &amp; Social Res", I-00198 Rome,2
192,GAMES AND CULTURE,2015,34,2,"From Discussion Forum to Discursive Studio: Learning and Creativity in
   Design-Oriented Affinity Spaces",1,Manually,"Univ Texas San Antonio, Dept Interdisciplinary Learning &amp; Teaching, San
   Antonio, TX 78249 USA.",Univ Texas San Antonio, Dept Interdisciplinary Learning &amp; Teaching," San
   Antonio",Manually
193,GAMES AND CULTURE,2015,34,2,"Beyond Today's Video Game Rating Systems: A Critical Approach to PEGI
   and ESRB, and Proposed Improvements",1,Manually,"Univ Parma, ALEF Dipartimento Antichist Lingue Educ Filosofia, Area
   Educ, I-43121 Parma, PR, Italy.",Univ Parma, ALEF Dipartimento Antichist Lingue Educ Filosofia," Area
   Educ",Manually
194,GAMES AND CULTURE,2015,34,2,"Leaving Earth, Preserving History: Uses of the Future in the Mass Effect
   Series",1,Manually,"Univ Sao Paulo, Fac Philosophy Letters &amp; Human Sci, Dept Hist, BR-05508
   Sao Paulo, Brazil.",Univ Sao Paulo, Fac Philosophy Letters &amp; Human Sci, Dept Hist,Manually
195,GAMES AND CULTURE,2015,34,2,"Time, Space, and Motion in Braid: A Cognitive Semantic Approach to a
   Video Game",3,3,"Univ Nis, Fac Philosophy, Nish 18000, Serbia.",Univ Nis, Fac Philosophy, Nish 18000,1
196,GAMES AND CULTURE,2015,34,2,"Time, Space, and Motion in Braid: A Cognitive Semantic Approach to a
   Video Game",3,3,"Univ Nis, Ctr Cognit Sci, Nish 18000, Serbia.",Univ Nis, Ctr Cognit Sci, Nish 18000,1
197,GAMES AND CULTURE,2015,34,2,"Time, Space, and Motion in Braid: A Cognitive Semantic Approach to a
   Video Game",3,3,"Univ Belgrade, Fac Philol, Belgrade, Serbia.",Univ Belgrade, Fac Philol, Belgrade,1
198,GAMES AND CULTURE,2015,34,2,"Role-Playing the Multiculturalist Umpire: Loyalty and War in BioWare's
   Mass Effect Series",1,Manually,"New York Inst Technol, Nanjing, Jiangsu, Peoples R China.",New York Inst Technol, Nanjing, Jiangsu,Manually
199,GAMES AND CULTURE,2015,34,2,"Shallow Gamification: Testing Psychological Effects of Framing an
   Activity as a Game",3,3,"Aarhus Univ, Sch Business &amp; Social Sci, Dept
   Psychol &amp; Behav Sci, DK-8000 Aarhus N, Denmark.",Aarhus Univ, Sch Business &amp; Social Sci," Dept
   Psychol &amp; Behav Sci",1
200,GAMES AND CULTURE,2015,34,2,"Shallow Gamification: Testing Psychological Effects of Framing an
   Activity as a Game",3,3,"Aarhus Univ, IMC, DK-8000 Aarhus N, Denmark.",Aarhus Univ, IMC, DK-8000 Aarhus N,1
201,GAMES AND CULTURE,2015,34,2,"Shallow Gamification: Testing Psychological Effects of Framing an
   Activity as a Game",3,3,"Aarhus Univ, Ctr Community Driven Res CODER,
   DK-8000 Aarhus N, Denmark.",Aarhus Univ, Ctr Community Driven Res CODER,"
   DK-8000 Aarhus N",1
202,GAMES AND CULTURE,2015,34,2,"An Iterative, Multidisciplinary Approach to Studying Digital Play
   Motivation: The Model of Game Motivation",3,3,"Univ London, Inst Educ, Digital Games &amp;
   Psychol, London WC1H 0AL, England.",Univ London, Inst Educ," Digital Games &amp;
   Psychol",1
203,GAMES AND CULTURE,2015,34,2,"An Iterative, Multidisciplinary Approach to Studying Digital Play
   Motivation: The Model of Game Motivation",3,3,"Univ London, Inst Educ, Learning Technol Dev, London
   Knowledge Lab, London WC1H 0AL, England.",Univ London, Inst Educ, Learning Technol Dev,1
204,GAMES AND CULTURE,2015,34,2,"An Iterative, Multidisciplinary Approach to Studying Digital Play
   Motivation: The Model of Game Motivation",3,3,"Univ London, Inst Educ, Res Methods Psychol &amp; Educ,
   London WC1H 0AL, England.",Univ London, Inst Educ, Res Methods Psychol &amp; Educ,1
205,GAMES AND CULTURE,2015,34,2,"Playing with Trauma: Interreactivity, Empathy, and Complicity in The
   Walking Dead Video Game",1,2,"Univ Ghent, Dept Literary Studies, B-9000
   Ghent, Belgium.",Univ Ghent, Dept Literary Studies," B-9000
   Ghent",2
206,GAMES AND CULTURE,2015,34,2,The Role of Visual Design in Game Design,1,Manually,"Bezalel Acad Art &amp; Design, Jack D Weiler Dept Architecture, IL-94591
   Jerusalem, Israel.",Bezalel Acad Art &amp; Design, Jack D Weiler Dept Architecture," IL-94591
   Jerusalem",Manually
207,GAMES AND CULTURE,2015,34,2,Emitexts and Paratexts: Propaganda in EVE Online,1,Manually,"Univ Melbourne, Microsoft Ctr Social NUI, Melbourne, Vic 3051, Australia.",Univ Melbourne, Microsoft Ctr Social NUI, Melbourne,Manually
208,GAMES AND CULTURE,2015,34,2,"Russian Overlords, Vodka, and Logoffski: Russian- and English- Language
   Discourse About Anti-Russian Xenophobia in the EVE Online Community",1,Manually,"Univ Manchester, Russian Studies, Manchester M13 9PL, Lancs, England.",Univ Manchester, Russian Studies, Manchester M13 9PL,Manually
209,GAMES AND CULTURE,2015,34,2,Alienated Playbour: Relations of Production in EVE Online,3,4,"N Carolina State Univ, Dept Commun, Raleigh, NC 27695
   USA.",N Carolina State Univ, Dept Commun, Raleigh,1
210,GAMES AND CULTURE,2015,34,2,Alienated Playbour: Relations of Production in EVE Online,3,4,"York Univ, Toronto, ON M3J 2R7,
   Canada.",York Univ, Toronto, ON M3J 2R7,2
211,GAMES AND CULTURE,2015,34,2,Alienated Playbour: Relations of Production in EVE Online,3,4,"Univ Ontario, Inst Technol, Fac Educ, Oshawa, ON,
   Canada.",Univ Ontario, Inst Technol, Fac Educ,1
212,GAMES AND CULTURE,2015,34,2,Implicit Game Aesthetics,1,Manually,"Univ Bolton, Bolton BL3 5AB, England.",Univ Bolton, Bolton BL3 5AB, England.,Manually
213,GAMES AND CULTURE,2015,34,2,"The Social Discourse of Video Games Analysis Model and Case Study: GTA
   IV",1,Manually,"Pompeu Fabra Univ, Barcelona 08018, Spain.",Pompeu Fabra Univ, Barcelona 08018, Spain.,Manually
214,GAMES AND CULTURE,2015,34,2,"Stand by Your Man: An Examination of Gender Disparity in League of
   Legends",4,5,"Michigan State Univ, E Lansing, MI 48824 USA.",Michigan State Univ, E Lansing, MI 48824 USA.,1
215,GAMES AND CULTURE,2015,34,2,"Stand by Your Man: An Examination of Gender Disparity in League of
   Legends",4,5,"N Carolina State Univ, Raleigh, NC
   27695 USA.",N Carolina State Univ, Raleigh," NC
   27695 USA.",2
216,GAMES AND CULTURE,2015,34,2,"Stand by Your Man: An Examination of Gender Disparity in League of
   Legends",4,5,"Brock Univ, St Catharines, ON L2S 3A1, Canada.",Brock Univ, St Catharines, ON L2S 3A1,1
217,GAMES AND CULTURE,2015,34,2,"Stand by Your Man: An Examination of Gender Disparity in League of
   Legends",4,5,"Univ So Calif, Los Angeles, CA USA.",Univ So Calif, Los Angeles, CA USA.,1
218,GAMES AND CULTURE,2015,34,2,"Procedural Rhetoric Beyond Persuasion: First Strike and the Compulsion
   to Repeat",1,Manually,"Univ N Carolina, Chapel Hill, NC 27599 USA.",Univ N Carolina, Chapel Hill, NC 27599 USA.,Manually
219,GAMES AND CULTURE,2015,34,2,"Predicting Video Game Behavior: An Investigation of the Relationship
   Between Personality and Mobile Game Play",2,2,"Korea Univ, Seoul 136701, South Korea.",Korea Univ, Seoul 136701, South Korea.,1
220,GAMES AND CULTURE,2015,34,2,"Predicting Video Game Behavior: An Investigation of the Relationship
   Between Personality and Mobile Game Play",2,2,"Solers Res Grp, Orlando, FL USA.",Solers Res Grp, Orlando, FL USA.,1
221,GAMES AND CULTURE,2015,34,2,Ludefaction: Fracking of the Radical Imaginary,1,Manually,"Univ Skovde, Media Arts Aesthet &amp; Narrat, Skovde, Sweden.",Univ Skovde, Media Arts Aesthet &amp; Narrat, Skovde,Manually
222,GAMES AND CULTURE,2015,34,2,"Videogames as Remediated Memories: Commodified Nostalgia and
   Hyperreality in Far Cry 3: Blood Dragon and Gone Home",1,Manually,"Abertay Univ, Sch Arts Media &amp; Comp Games, Dundee DD1 1HG, Scotland.",Abertay Univ, Sch Arts Media &amp; Comp Games, Dundee DD1 1HG,Manually
223,GAMES AND CULTURE,2015,34,2,"Sexy, Dangerousand Ignored: An In-depth Review of the Representation of
   Women in Select Video game Magazines",1,Manually,"Univ Scranton, Scranton, PA 18510 USA.",Univ Scranton, Scranton, PA 18510 USA.,Manually
224,GAMES AND CULTURE,2015,34,2,"Is it in the Game? Reconsidering Play Spaces, Game Definitions, Theming,
   and Sports Videogames",1,Manually,"Univ Salford, Salford M5 4WT, Lancs, England.",Univ Salford, Salford M5 4WT, Lancs,Manually
225,GAMES AND CULTURE,2015,34,2,Animated Frustration or the Ambivalence of Player Agency,1,Manually,"Univ Chicago, Chicago, IL 60637 USA.",Univ Chicago, Chicago, IL 60637 USA.,Manually
226,GAMES AND CULTURE,2016,34,2,"Play and Productivity: The Constitution of Ageing Adults in Research on
   Digital Games",1,1,"Univ Southern Denmark, Dept Study Culture,
   DK-5230 Odense M, Denmark.",Univ Southern Denmark, Dept Study Culture,"
   DK-5230 Odense M",1
227,GAMES AND CULTURE,2016,34,2,Digital Games as a Source of Enjoyment in Later Life,4,4,"Miami Univ, Coll Educ Hlth &amp; Soc, Appl Game Design,
   Oxford, OH 45056 USA.",Miami Univ, Coll Educ Hlth &amp; Soc, Appl Game Design,1
228,GAMES AND CULTURE,2016,34,2,Digital Games as a Source of Enjoyment in Later Life,4,4,"Miami Univ, Armstrong Inst Interact Media Studies,
   Oxford, OH 45056 USA.",Miami Univ, Armstrong Inst Interact Media Studies,"
   Oxford",1
229,GAMES AND CULTURE,2016,34,2,Digital Games as a Source of Enjoyment in Later Life,4,4,"Miami Univ, Scripps Gerontol Ctr, Oxford, OH 45056
   USA.",Miami Univ, Scripps Gerontol Ctr, Oxford,1
230,GAMES AND CULTURE,2016,34,2,Digital Games as a Source of Enjoyment in Later Life,4,4,"Ohio Univ, Dept Social &amp; Publ Hlth, Gerontol, Athens,
   OH 45701 USA.",Ohio Univ, Dept Social &amp; Publ Hlth, Gerontol,1
231,GAMES AND CULTURE,2016,34,2,"On the Conceptualization, Design, and Evaluation of Appealing,
   Meaningful, and Playable Digital Games for Older People",4,6,"Univ Lleida, Comp Sci &amp; Ind Engn Dept, Human Comp
   Interact &amp; Data Integrat Res Grp, Lleida 25001, Spain.",Univ Lleida, Comp Sci &amp; Ind Engn Dept," Human Comp
   Interact &amp; Data Integrat Res Grp",1
232,GAMES AND CULTURE,2016,34,2,"On the Conceptualization, Design, and Evaluation of Appealing,
   Meaningful, and Playable Digital Games for Older People",4,6,"Univ Oberta Catalunya, Barcelona, Spain.",Univ Oberta Catalunya, Barcelona, Spain.,1
233,GAMES AND CULTURE,2016,34,2,"On the Conceptualization, Design, and Evaluation of Appealing,
   Meaningful, and Playable Digital Games for Older People",4,6,"Univ Pompeu Fabra,
   Barcelona, Spain.",Univ Pompeu Fabra,"
   Barcelona", Spain.,3
234,GAMES AND CULTURE,2016,34,2,"On the Conceptualization, Design, and Evaluation of Appealing,
   Meaningful, and Playable Digital Games for Older People",4,6,"Paciello Grp, Dundee, Scotland.",Paciello Grp, Dundee, Scotland.,1
235,GAMES AND CULTURE,2016,34,2,Social Benefits of Playing Wii Bowling for Older Adults,2,4,"Simon Fraser Univ, Fac Educ, Educ &amp;
   Learning Design Program, Burnaby, BC V5A 1S6, Canada.",Simon Fraser Univ, Fac Educ," Educ &amp;
   Learning Design Program",2
236,GAMES AND CULTURE,2016,34,2,Social Benefits of Playing Wii Bowling for Older Adults,2,4,"Simon Fraser Univ, Fac Educ, Burnaby, BC
   V5A 1S6, Canada.",Simon Fraser Univ, Fac Educ, Burnaby,2
237,GAMES AND CULTURE,2016,34,2,"Does Digital Gaming Enable Healthy Aging for Community-Dwelling People
   With Dementia?",1,3,"Bournemouth Univ, Dementia
   Inst, Sch Hlth &amp; Social Sci, Bournemouth BH12 5BB, Dorset, England.",Bournemouth Univ," Dementia
   Inst", Sch Hlth &amp; Social Sci,3
238,GAMES AND CULTURE,2016,34,2,"Beyond Entertainment: Motivations and Outcomes of Video Game Playing by
   Older Adults and Their Younger Family Members",1,2,"Louisiana State Univ, Dept
   Commun Studies, Baton Rouge, LA 70803 USA.",Louisiana State Univ," Dept
   Commun Studies", Baton Rouge,2
239,GAMES AND CULTURE,2016,34,2,"Older Adults' Social Interactions in Massively Multiplayer Online
   Role-Playing Games (MMORPGs)",1,2,"Simon Fraser Univ, Fac Educ, Burnaby, BC
   V5A 1S6, Canada.",Simon Fraser Univ, Fac Educ, Burnaby,2
240,GAMES AND CULTURE,2016,34,2,"Older Adult Video Game Preferences in Practice: Investigating the
   Effects of Competing or Cooperating",1,4,"Florida State Univ, Dept Psychol, 1107W Call St, Tallahassee, FL 32306
   USA.",Florida State Univ, Dept Psychol, 1107W Call St,4
241,GAMES AND CULTURE,2016,34,2,Flow Experience of Older Adults Using the iStoppFalls Exergame,3,5,"Open Univ, Ctr Res Comp, Milton Keynes MK7 2AA,
   Bucks, England.",Open Univ, Ctr Res Comp, Milton Keynes MK7 2AA,1
242,GAMES AND CULTURE,2016,34,2,Flow Experience of Older Adults Using the iStoppFalls Exergame,3,5,"German Sport Univ
   Cologne, Inst Movement &amp; Sport Gerontol, Cologne, Germany.","German Sport Univ
   Cologne", Inst Movement &amp; Sport Gerontol, Cologne,3
243,GAMES AND CULTURE,2016,34,2,Flow Experience of Older Adults Using the iStoppFalls Exergame,3,5,"Univ New S Wales, Neurosci Res Australia, Sydney,
   NSW, Australia.",Univ New S Wales, Neurosci Res Australia, Sydney,1
244,GAMES AND CULTURE,2016,34,2,"""Internet Gaming Disorder"" in China: Biomedical Sickness or Sociological
   Badness?",1,1,"Ewha Womans Univ, Dept Sociol, 52 Ewhayeodae Gil, Seoul
   120750, South Korea.",Ewha Womans Univ, Dept Sociol, 52 Ewhayeodae Gil,1
245,GAMES AND CULTURE,2016,34,2,"A Realm of Mere Representation? ""Live"" E-Sports Spectacles and the
   Crafting of China's Digital Gaming Image",1,1,"Pace Univ, Dept Commun Studies, 41 Pk Row,Rm 502,
   New York, NY 10038 USA.",Pace Univ, Dept Commun Studies, 41 Pk Row,1
246,GAMES AND CULTURE,2016,34,2,"Japanese Console Games Popularization in China: Governance, Copycats,
   and Gamers",1,1,"Univ Texas Austin, Moody Coll Commun, Dept Radio
   Televis Film, 2504 Whitis Ave,Stop A0800, Austin, TX 78712 USA.",Univ Texas Austin, Moody Coll Commun," Dept Radio
   Televis Film",1
247,GAMES AND CULTURE,2016,34,2,"Sinological-orientalism in Western News Media: Caricatures of Games
   Culture and Business",1,1,"Hong Kong Polytechn Univ, Sch Design, V902,Jockey Club
   Innovation Tower, Hong Kong, Hong Kong, Peoples R China.",Hong Kong Polytechn Univ, Sch Design, V902,1
248,GAMES AND CULTURE,2016,34,2,"Amateur Gold Farming in China: ""Chinese Ingenuity,"" Independence, and
   Critique",1,1,"Univ Nottingham Ningbo China, Sch Int Commun, 199
   Taikang East Rd, Ningbo 315100, Zhejiang, Peoples R China.",Univ Nottingham Ningbo China, Sch Int Commun," 199
   Taikang East Rd",1
249,GAMES AND CULTURE,2016,34,2,"Racial Logics, Franchising, and Video Game Genres: The Lord of the Rings",1,1,"Univ Sydney, Dept English, Sydney, NSW 2006, Australia.",Univ Sydney, Dept English, Sydney,1
250,GAMES AND CULTURE,2016,34,2,"Playful Simulations Rather Than Serious Games: Medical Simulation as a
   Cultural Practice",2,2,"Univ London, Inst Educ, Dept Lifelong &amp; Comparat
   Educ, 20 Bedford Way, London WC1H 0AL, England.",Univ London, Inst Educ," Dept Lifelong &amp; Comparat
   Educ",1
251,GAMES AND CULTURE,2016,34,2,"Playful Simulations Rather Than Serious Games: Medical Simulation as a
   Cultural Practice",2,2,"Univ London Imperial Coll Sci Technol &amp; Med, Dept Surg
   &amp; Canc, Fac Med, Clin Skills Ctr, St Marys Campus, London, England.",Univ London Imperial Coll Sci Technol &amp; Med," Dept Surg
   &amp; Canc", Fac Med,1
252,GAMES AND CULTURE,2016,34,2,"Digital-Physical Reality Game: Mapping of Physical Space With Fantasy in
   Context-Based Learning Games",2,3,"Seoul Natl Univ, Grad Sch Convergence Sci
   &amp; Technol, Suwon, Gyeonggi Do, South Korea.",Seoul Natl Univ," Grad Sch Convergence Sci
   &amp; Technol", Suwon,2
253,GAMES AND CULTURE,2016,34,2,"Digital-Physical Reality Game: Mapping of Physical Space With Fantasy in
   Context-Based Learning Games",2,3,"Kyung Hee Univ, Coll Art &amp; Design, Digital Contents Dept,
   Yongin, Gyeonggi Do, South Korea.",Kyung Hee Univ, Coll Art &amp; Design, Digital Contents Dept,1
254,GAMES AND CULTURE,2016,34,2,"Priming or Proteus Effect? Examining the Effects of Avatar Race on
   In-Game Behavior and Post-Play Aggressive Cognition and Affect in Video
   Games",1,1,"Clemson Univ, Dept Commun Studies, 415 Strode Tower,
   Clemson, SC 29634 USA.",Clemson Univ, Dept Commun Studies, 415 Strode Tower,1
255,GAMES AND CULTURE,2016,34,2,Molecular Mario: The Becoming-Animal of Video Game Compositions,1,1,"Univ Auckland, Fac Arts, Human Sci Bldg, Auckland 1142,
   New Zealand.",Univ Auckland, Fac Arts, Human Sci Bldg,1
256,GAMES AND CULTURE,2016,34,2,"Developing Skills in Digital Contexts: Video games and Films as Learning
   Tools at Primary School",1,1,"Univ Alcala De Henares, Dept Educ, Aulario Maria
   de Guzman C San Cirilo S-N, Alcala De Henares 28801, Madrid, Spain.",Univ Alcala De Henares, Dept Educ," Aulario Maria
   de Guzman C San Cirilo S-N",1
257,GAMES AND CULTURE,2016,34,2,"Explaining Time Spent in Multiplayer Online Games: Moral Cognition in
   Chinese World of Warcraft",1,1,"Fuller Grad Sch Psychol, Thr Ctr Human Dev, 180
   North Oakland, Pasadena, CA 91101 USA.",Fuller Grad Sch Psychol, Thr Ctr Human Dev," 180
   North Oakland",1
258,GAMES AND CULTURE,2016,34,2,Playing the Panopticon: Procedural Surveillance in Dark Souls,1,1,"Tilburg Univ, Sch Humanities, Dept Culture Studies,
   Warandelaan 2,Bldg D,Room D221, NL-5037 AB Tilburg, Netherlands.",Tilburg Univ, Sch Humanities, Dept Culture Studies,1
259,GAMES AND CULTURE,2016,34,2,"Deliberate Constructions of the Mind: Simulation Games as Fictional
   Models",1,1,"Univ Toronto, Fac Informat, Toronto, ON M5S 1A1, Canada.",Univ Toronto, Fac Informat, Toronto,1
260,GAMES AND CULTURE,2016,34,2,Designing Mobile Augmented Reality Exergames,2,2,"Ajou Univ, Dept Informat &amp; Comp Engn, Suwon, South
   Korea.",Ajou Univ, Dept Informat &amp; Comp Engn, Suwon,1
261,GAMES AND CULTURE,2016,34,2,Designing Mobile Augmented Reality Exergames,2,2,"Ajou Univ, Dept Digital Media, Sanhak Hall 414,San 5,
   Suwon 443749, South Korea.",Ajou Univ, Dept Digital Media, Sanhak Hall 414,1
262,GAMES AND CULTURE,2016,34,2,RPG Mythos: Narrative Gaming as Modern Mythmaking,1,1,"Univ Illinois, Sociol &amp; Amer Indian Studies,
   Urbana, IL USA.",Univ Illinois, Sociol &amp; Amer Indian Studies,"
   Urbana",1
263,GAMES AND CULTURE,2016,34,2,"Are Active Video Games Associated With Less Screen Media or Conventional
   Physical Activity?",4,6,"Miguel Hernandez Univ Elche, Sport Res Ctr, Avda Univ S-N, Elche
   03202, Spain.",Miguel Hernandez Univ Elche, Sport Res Ctr, Avda Univ S-N,3
264,GAMES AND CULTURE,2016,34,2,"Are Active Video Games Associated With Less Screen Media or Conventional
   Physical Activity?",4,6,"IES Cura Valera, Secondary Sch, Huercal
   Overa, Spain.",IES Cura Valera, Secondary Sch," Huercal
   Overa",1
265,GAMES AND CULTURE,2016,34,2,"Are Active Video Games Associated With Less Screen Media or Conventional
   Physical Activity?",4,6,"Univ Loughborough, Sch Sport Exercise &amp; Hlth Sci,
   Loughborough, Leics, England.",Univ Loughborough, Sch Sport Exercise &amp; Hlth Sci,"
   Loughborough",1
266,GAMES AND CULTURE,2016,34,2,"Are Active Video Games Associated With Less Screen Media or Conventional
   Physical Activity?",4,6,"Victoria Univ, Inst Sport Exercise &amp; Act Living,
   Melbourne, Vic, Australia.",Victoria Univ, Inst Sport Exercise &amp; Act Living,"
   Melbourne",1
267,GAMES AND CULTURE,2016,34,2,"Resident Evil's Rhetoric: The Communication of Corruption in Survival
   Horror Video Games",1,1,"Univ Nebraska, ASH 140,6001 Dodge St, Omaha, NE 68182
   USA.",Univ Nebraska, ASH 140,6001 Dodge St,1
268,GAMES AND CULTURE,2016,34,2,"Updating Narcissus, the Ur-myth of Media, for Digital Gaming",1,1,"Univ Cincinnati, Dept Commun, Cincinnati, OH USA.",Univ Cincinnati, Dept Commun, Cincinnati,1
269,GAMES AND CULTURE,2016,34,2,Ingress: An Example of a New Dimension in Entertainment,1,2,"Andrzej Frycz Modrzewski Krakow Univ,
   Dept Management &amp; Social Commun, PL-30705 Krakow, Poland.",Andrzej Frycz Modrzewski Krakow Univ,"
   Dept Management &amp; Social Commun", PL-30705 Krakow,2
270,GAMES AND CULTURE,2016,34,2,"A Structural Theoretical Framework Based on Motor Play to Categorize and
   Analyze Active Video Games",2,2,"Univ La Laguna, Dept Syst Engn &amp;
   Control &amp; Comp Architecture, San Cristobal la Laguna 38204, Spain.",Univ La Laguna," Dept Syst Engn &amp;
   Control &amp; Comp Architecture", San Cristobal la Laguna 38204,1
271,GAMES AND CULTURE,2016,34,2,"A Structural Theoretical Framework Based on Motor Play to Categorize and
   Analyze Active Video Games",2,2,"Univ La Laguna, Dept Specif Didact Plast &amp;
   Corporal Express, San Cristobal la Laguna, Spain.",Univ La Laguna," Dept Specif Didact Plast &amp;
   Corporal Express", San Cristobal la Laguna,1
272,GAMES AND CULTURE,2016,34,2,Framing Gaming: The Effects of Media Frames on Perceptions of Game(r)s,1,2,"Ludwig Maximilians Univ Munchen,
   Inst Commun Studies &amp; Media Res, Oettingenstr 67, D-80538 Munich,
   Germany.",Ludwig Maximilians Univ Munchen,"
   Inst Commun Studies &amp; Media Res", Oettingenstr 67,2
273,GAMES AND CULTURE,2016,34,2,"The Reconstruction of Morality and the Evolution of Naturalism in The
   Last of Us",1,1,"Univ Nevada, 4505 S Maryland Pkwy,POB 455011, Las Vegas,
   NV 89154 USA.",Univ Nevada, 4505 S Maryland Pkwy,POB 455011,1
274,GAMES AND CULTURE,2017,34,2,"Mapping Metroid: Narrative, Space, and Other M",1,1,"Univ Western Ontario, Fac Informat &amp; Media Studies,
   Campus Bldg,Room 240, London, ON N6A 5B7, Canada.",Univ Western Ontario, Fac Informat &amp; Media Studies,"
   Campus Bldg",1
275,GAMES AND CULTURE,2017,34,2,"The Role of Social Interaction Element on Intention to Play MMORPG in
   the Future: From the Perspective of Leisure Constraint Negotiation
   Process",1,3,"Kainan Univ, 1 Kainan Rd,
   Luchu, Taoyuan County, Taiwan.",Kainan Univ, 1 Kainan Rd,"
   Luchu",3
276,GAMES AND CULTURE,2017,34,2,"Virtually Real: Exploring Avatar Identification in Game Addiction Among
   Massively Multiplayer Online Role-Playing Games (MMORPG) Players",3,3,"Hankuk Univ Foreign Studies, Coll Educ, Seoul 130791,
   South Korea.",Hankuk Univ Foreign Studies, Coll Educ, Seoul 130791,1
277,GAMES AND CULTURE,2017,34,2,"Virtually Real: Exploring Avatar Identification in Game Addiction Among
   Massively Multiplayer Online Role-Playing Games (MMORPG) Players",3,3,"Hankuk Univ Foreign Studies, Counseling Psychol Program,
   Seoul, South Korea.",Hankuk Univ Foreign Studies, Counseling Psychol Program,"
   Seoul",1
278,GAMES AND CULTURE,2017,34,2,"Virtually Real: Exploring Avatar Identification in Game Addiction Among
   Massively Multiplayer Online Role-Playing Games (MMORPG) Players",3,3,"Univ Calif Santa Barbara, Counseling Clin &amp; Sch Psychol
   Dept, Santa Barbara, CA 93106 USA.",Univ Calif Santa Barbara," Counseling Clin &amp; Sch Psychol
   Dept", Santa Barbara,1
279,GAMES AND CULTURE,2017,34,2,Players' Value Structure in Digital Games,2,3,"Natl Chin Yi Univ Technol, Dept Business
   Adm, 57,Sec 2,Zhongshan Rd, Taichung 41170, Taiwan.",Natl Chin Yi Univ Technol," Dept Business
   Adm", 57,2
280,GAMES AND CULTURE,2017,34,2,Players' Value Structure in Digital Games,2,3,"Natl Taiwan Univ Sci &amp; Technol, Dept Business Adm,
   Taipei, Taiwan.",Natl Taiwan Univ Sci &amp; Technol, Dept Business Adm,"
   Taipei",1
281,GAMES AND CULTURE,2017,34,2,Serious Gamification: On the Redesign of a Popular Paradox,2,2,"ESC Rennes Sch Business, Management &amp; Org, Rennes,
   France.",ESC Rennes Sch Business, Management &amp; Org, Rennes,1
282,GAMES AND CULTURE,2017,34,2,Serious Gamification: On the Redesign of a Popular Paradox,2,2,"Yerevan State Univ, Sociol, Yerevan, Armenia.",Yerevan State Univ, Sociol, Yerevan,1
283,GAMES AND CULTURE,2017,34,2,"The Use of ASCII Graphics in Roguelikes: Aesthetic Nostalgia and
   Semiotic Difference",1,1,"Univ York, Dept Sociol, Wentworth Coll, York YO10
   5DD, N Yorkshire, England.",Univ York, Dept Sociol, Wentworth Coll,1
284,GAMES AND CULTURE,2017,34,2,"Selective Realism: Filtering Experiences of War and Violence in First-
   and Third-Person Shooters",2,2,"UiT, Dept Culture &amp; Literature, Tromso, Norway.",UiT, Dept Culture &amp; Literature, Tromso,1
285,GAMES AND CULTURE,2017,34,2,"Selective Realism: Filtering Experiences of War and Violence in First-
   and Third-Person Shooters",2,2,"UiT, ENCODE Res Grp, Tromso, Norway.",UiT, ENCODE Res Grp, Tromso,1
286,GAMES AND CULTURE,2017,34,2,"Why Can I See My Avatar? Embodied Visual Engagement in the Third-Person
   Video Game",1,1,"Monash Univ, Sch Media Film &amp; Journalism, Caulfield, Vic
   3145, Australia.",Monash Univ, Sch Media Film &amp; Journalism, Caulfield,1
287,GAMES AND CULTURE,2017,34,2,"Bridging the Gap: The Neo Geo, the Media Imaginary, and the
   Domestication of Arcade Games",1,1,"Univ Melbourne, Screen &amp; Cultural Studies Dept,
   Melbourne, Vic, Australia.",Univ Melbourne, Screen &amp; Cultural Studies Dept,"
   Melbourne",1
288,GAMES AND CULTURE,2017,34,2,"""I Can Defend Myself"": Women's Strategies for Coping With Harassment
   While Gaming Online",1,1,"Univ Michigan, Dept Commun Studies, Ann Arbor, MI
   48109 USA.",Univ Michigan, Dept Commun Studies, Ann Arbor,1
289,GAMES AND CULTURE,2017,34,2,Teaching Decision Making With Serious Games: An Independent Evaluation,3,8,"Johns Hopkins Univ, Appl Phys
   Lab, 11100 Johns Hopkins Rd, Laurel, MD 20723 USA.",Johns Hopkins Univ," Appl Phys
   Lab", 11100 Johns Hopkins Rd,6
290,GAMES AND CULTURE,2017,34,2,Teaching Decision Making With Serious Games: An Independent Evaluation,3,8,"MITRE Corp, Data Analyt Dept, Dept Head, Boston, MA
   USA.",MITRE Corp, Data Analyt Dept, Dept Head,1
291,GAMES AND CULTURE,2017,34,2,Teaching Decision Making With Serious Games: An Independent Evaluation,3,8,"Res &amp; Analyt Int, Yad Binyamin, Israel.",Res &amp; Analyt Int, Yad Binyamin, Israel.,1
292,GAMES AND CULTURE,2017,34,2,The Design and Development of Serious Games Using Iterative Evaluation,4,6,"Leidos, 4001 N Fairfax
   Dr, Arlington, VA 22203 USA.",Leidos," 4001 N Fairfax
   Dr", Arlington,3
293,GAMES AND CULTURE,2017,34,2,The Design and Development of Serious Games Using Iterative Evaluation,4,6,"Creat Technol Inc, Los Angeles, CA USA.",Creat Technol Inc, Los Angeles, CA USA.,1
294,GAMES AND CULTURE,2017,34,2,The Design and Development of Serious Games Using Iterative Evaluation,4,6,"Carnegie Mellon Univ, Dept Social &amp; Decis Sci,
   Pittsburgh, PA 15213 USA.",Carnegie Mellon Univ, Dept Social &amp; Decis Sci,"
   Pittsburgh",1
295,GAMES AND CULTURE,2017,34,2,The Design and Development of Serious Games Using Iterative Evaluation,4,6,"Boston Univ, Questrom Sch Business, Mkt, Boston,
   MA 02215 USA.",Boston Univ, Questrom Sch Business, Mkt,1
296,GAMES AND CULTURE,2017,34,2,Balancing Play and Formal Training in the Design of Serious Games,13,14,"Colorado State Univ, Dept Journalism &amp; Commun, Ft
   Collins, CO 80523 USA.",Colorado State Univ, Dept Journalism &amp; Commun," Ft
   Collins",1
297,GAMES AND CULTURE,2017,34,2,Balancing Play and Formal Training in the Design of Serious Games,13,14,"Colorado State Univ, Cognit Psychol Dept, Ft Collins, CO
   80523 USA.",Colorado State Univ, Cognit Psychol Dept, Ft Collins,1
298,GAMES AND CULTURE,2017,34,2,Balancing Play and Formal Training in the Design of Serious Games,13,14,"Colorado State Univ, Sch Educ, Ft Collins, CO 80523
   USA.",Colorado State Univ, Sch Educ, Ft Collins,1
299,GAMES AND CULTURE,2017,34,2,Balancing Play and Formal Training in the Design of Serious Games,13,14,"Colorado State Univ, Psychol, Ft Collins, CO 80523 USA.",Colorado State Univ, Psychol, Ft Collins,1
300,GAMES AND CULTURE,2017,34,2,Balancing Play and Formal Training in the Design of Serious Games,13,14,"Syracuse Univ, Syracuse, NY USA.",Syracuse Univ, Syracuse, NY USA.,1
301,GAMES AND CULTURE,2017,34,2,Balancing Play and Formal Training in the Design of Serious Games,13,14,"Temple Univ, Philadelphia, PA 19122 USA.",Temple Univ, Philadelphia, PA 19122 USA.,1
302,GAMES AND CULTURE,2017,34,2,Balancing Play and Formal Training in the Design of Serious Games,13,14,"Sage Coll Albany, Albany, NY USA.",Sage Coll Albany, Albany, NY USA.,1
303,GAMES AND CULTURE,2017,34,2,Balancing Play and Formal Training in the Design of Serious Games,13,14,"1st Playable Inc, Troy, NY USA.",1st Playable Inc, Troy, NY USA.,2
304,GAMES AND CULTURE,2017,34,2,Balancing Play and Formal Training in the Design of Serious Games,13,14,"Taylor Consulting Inc, Falls Church, VA USA.",Taylor Consulting Inc, Falls Church, VA USA.,1
305,GAMES AND CULTURE,2017,34,2,Balancing Play and Formal Training in the Design of Serious Games,13,14,"Univ Arizona, Dept Commun, Tucson, AZ USA.",Univ Arizona, Dept Commun, Tucson,1
306,GAMES AND CULTURE,2017,34,2,Balancing Play and Formal Training in the Design of Serious Games,13,14,"Univ Arizona, Sch Govt &amp; Publ Policy, Tucson, AZ USA.",Univ Arizona, Sch Govt &amp; Publ Policy, Tucson,1
307,GAMES AND CULTURE,2017,34,2,Balancing Play and Formal Training in the Design of Serious Games,13,14,"SUNY Albany, Inst Informat Logics &amp; Secur Studies,
   Albany, NY 12222 USA.",SUNY Albany, Inst Informat Logics &amp; Secur Studies,"
   Albany",1
308,GAMES AND CULTURE,2017,34,2,Balancing Play and Formal Training in the Design of Serious Games,13,14,"SUNY Albany, Comp Sci, Albany, NY 12222 USA.",SUNY Albany, Comp Sci, Albany,1
309,GAMES AND CULTURE,2017,34,2,Lessons Learned About Serious Game Design and Development,3,3,"SUNY Albany, Inst Informat Logics &amp; Secur Studies,
   Albany, NY 12222 USA.",SUNY Albany, Inst Informat Logics &amp; Secur Studies,"
   Albany",1
310,GAMES AND CULTURE,2017,34,2,Lessons Learned About Serious Game Design and Development,3,3,"SUNY Albany, Comp Sci, Albany, NY 12222 USA.",SUNY Albany, Comp Sci, Albany,1
311,GAMES AND CULTURE,2017,34,2,Lessons Learned About Serious Game Design and Development,3,3,"Leidos Inc, 4001 N. Fairfax Dr,Suite 800, Arlington,
   VA 22203 USA.",Leidos Inc, 4001 N. Fairfax Dr,Suite 800,1
312,GAMES AND CULTURE,2017,34,2,Roger Caillois and E-Sports: On the Problems of Treating Play as Work,1,1,"Manchester Metropolitan Univ, Dept Sociol, Manchester,
   Lancs, England.",Manchester Metropolitan Univ, Dept Sociol, Manchester,1
313,GAMES AND CULTURE,2017,34,2,Mimicking Gamers: Understanding Gamification Through Roger Caillois,1,1,"Univ Torino, Circe Interdept Ctr Res Commun,
   Turin, Italy.",Univ Torino, Circe Interdept Ctr Res Commun,"
   Turin",1
314,GAMES AND CULTURE,2017,34,2,"Beyond Diagonal Sciences: Applying Roger Caillois's Concepts of Symmetry
   and Dissymmetry to Journey",1,1,"Kent State Univ, Coll Educ Hlth &amp; Human Serv, 323
   Moulton Hall,POB 5190, Kent, OH 44242 USA.",Kent State Univ, Coll Educ Hlth &amp; Human Serv," 323
   Moulton Hall",1
315,GAMES AND CULTURE,2017,34,2,Roger Caillois and Marxism: A Game Studies Perspective,2,2,"Univ Skovde, Media Aesthet &amp; Narrat, Skovde, Sweden.",Univ Skovde, Media Aesthet &amp; Narrat, Skovde,1
316,GAMES AND CULTURE,2017,34,2,Roger Caillois and Marxism: A Game Studies Perspective,2,2,"Univ Skovde, Dept Game Dev, Skovde, Sweden.",Univ Skovde, Dept Game Dev, Skovde,1
317,GAMES AND CULTURE,2017,34,2,"Why Can't We All Get Along? A Study of Hygge and Janteloven in a Danish
   Social-Casual Games Community",2,2,"Univ Wolverhampton, Sch Business, Operat Management,
   Nursery St, Wolverhampton, England.",Univ Wolverhampton, Sch Business, Operat Management,1
318,GAMES AND CULTURE,2017,34,2,"Why Can't We All Get Along? A Study of Hygge and Janteloven in a Danish
   Social-Casual Games Community",2,2,"Univ Southern Denmark, Maersk Mc Kinney Moller Inst,
   Odense, Denmark.",Univ Southern Denmark, Maersk Mc Kinney Moller Inst,"
   Odense",1
319,GAMES AND CULTURE,2017,34,2,Mechanics and Metagame: Exploring Binary Expertise in League of Legends,1,1,"Curtin Univ, Sch Media Culture &amp; Creat Arts, Kent St,
   Perth, WA 6102, Australia.",Curtin Univ, Sch Media Culture &amp; Creat Arts, Kent St,1
320,GAMES AND CULTURE,2017,34,2,Why Video Game Genres Fail: A Classificatory Analysis,2,3,"Univ Washington, Informat Sch, Box
   352840, Seattle, WA 98195 USA.",Univ Washington, Informat Sch," Box
   352840",2
321,GAMES AND CULTURE,2017,34,2,Why Video Game Genres Fail: A Classificatory Analysis,2,3,"DigiPen Inst Technol, Redmond, WA USA.",DigiPen Inst Technol, Redmond, WA USA.,1
322,GAMES AND CULTURE,2017,34,2,"Need for Perspective: Introducing the Special Issue ""Reflecting and
   Evaluating Game Studies""",3,3,"Univ Tampere, Informat Studies &amp; Interact Media, Digital
   Culture &amp; Game Studies, Tampere 33014, Finland.",Univ Tampere, Informat Studies &amp; Interact Media," Digital
   Culture &amp; Game Studies",1
323,GAMES AND CULTURE,2017,34,2,"Need for Perspective: Introducing the Special Issue ""Reflecting and
   Evaluating Game Studies""",3,3,"Univ Tampere, Game Res Lab, Tampere 33014, Finland.",Univ Tampere, Game Res Lab, Tampere 33014,1
324,GAMES AND CULTURE,2017,34,2,"Need for Perspective: Introducing the Special Issue ""Reflecting and
   Evaluating Game Studies""",3,3,"Univ Tampere, Sch Informat Sci, Tampere 33014, Finland.",Univ Tampere, Sch Informat Sci, Tampere 33014,1
325,GAMES AND CULTURE,2017,34,2,The Game Definition Game: A Review,1,1,"Univ Tampere, Game Res Lab, Tampere, Finland.",Univ Tampere, Game Res Lab, Tampere,1
326,GAMES AND CULTURE,2017,34,2,"The Pyrrhic Victory of Game Studies: Assessing the Past, Present, and
   Future of Interdisciplinary Game Research",1,1,"Univ York, Digital Creat Labs, York YO10 5GE, N
   Yorkshire, England.",Univ York, Digital Creat Labs, York YO10 5GE,1
327,GAMES AND CULTURE,2017,34,2,"How to Present the History of Digital Games: Enthusiast, Emancipatory,
   Genealogical, and Pathological Approaches",1,1,"Univ Turku, Digital Culture, POB 124, Pori 28100,
   Finland.",Univ Turku, Digital Culture, POB 124,1
328,GAMES AND CULTURE,2017,34,2,"What We Know About Games: A Scientometric Approach to Game Studies in
   the 2000s",4,4,"Ecole Normale Super Lyon, Ctr Max Weber, Lyon, France.",Ecole Normale Super Lyon, Ctr Max Weber, Lyon,1
329,GAMES AND CULTURE,2017,34,2,"What We Know About Games: A Scientometric Approach to Game Studies in
   the 2000s",4,4,"Ecole Normale Super, Dept Sci Sociales, Paris, France.",Ecole Normale Super, Dept Sci Sociales, Paris,1
330,GAMES AND CULTURE,2017,34,2,"What We Know About Games: A Scientometric Approach to Game Studies in
   the 2000s",4,4,"Univ Cote dAzur, GREDEG Lab, Nice, France.",Univ Cote dAzur, GREDEG Lab, Nice,1
331,GAMES AND CULTURE,2017,34,2,"What We Know About Games: A Scientometric Approach to Game Studies in
   the 2000s",4,4,"Paris 13 Univ, EXPERICE Lab, Villetaneuse, France.",Paris 13 Univ, EXPERICE Lab, Villetaneuse,1
332,GAMES AND CULTURE,2017,34,2,What Is It Like to Be a Player? The Qualia Revolution in Game Studies,1,1,"Univ Torino, Dept Philosophy &amp; Educ, Via S Ottavio 20,
   I-10124 Turin, Italy.",Univ Torino, Dept Philosophy &amp; Educ, Via S Ottavio 20,1
333,GAMES AND CULTURE,2017,34,2,Unserious,2,2,"Concordia Univ, Dept Sociol &amp; Anthropol, Montreal, PQ,
   Canada.",Concordia Univ, Dept Sociol &amp; Anthropol, Montreal,1
334,GAMES AND CULTURE,2017,34,2,Unserious,2,2,"Concordia Univ, TAG Res Ctr, 1455 de Maisonneuve Blvd
   West, Montreal, PQ H2J 3A9, Canada.",Concordia Univ, TAG Res Ctr," 1455 de Maisonneuve Blvd
   West",1
335,GAMES AND CULTURE,2017,34,2,Measuring User Experience in Multiplayer Board Games,2,2,"St Martins Inst Higher Educ, Creat Comp, Pieta,
   Malta.",St Martins Inst Higher Educ, Creat Comp, Pieta,1
336,GAMES AND CULTURE,2017,34,2,Measuring User Experience in Multiplayer Board Games,2,2,"St Martins Inst Higher Educ, Schembri St,Hamrun HMR
   1541, Pieta, Malta.",St Martins Inst Higher Educ, Schembri St,"Hamrun HMR
   1541",1
337,GAMES AND CULTURE,2017,34,2,"The Social Network Gamer's Experience of Play: A Netnography of
   Restaurant City on Facebook",2,3,"Univ Rovira &amp;
   Virgili, Dept Business Management, Ave Univ 1, Tarragona 43204, Spain.","Univ Rovira &amp;
   Virgili", Dept Business Management, Ave Univ 1,2
338,GAMES AND CULTURE,2017,34,2,"The Social Network Gamer's Experience of Play: A Netnography of
   Restaurant City on Facebook",2,3,"Autonomous Univ Barcelona, Dept Business Econ, Ctr
   Humanities Studies &amp; Res CERHum, Barcelona, Spain.",Autonomous Univ Barcelona, Dept Business Econ," Ctr
   Humanities Studies &amp; Res CERHum",1
339,GAMES AND CULTURE,2017,34,2,"Integrating Games Into the Artworld: A Methodology and Case Study
   Exploring the Work of Jason Rohrer",1,1,"Arizona State Univ, New Coll Interdisciplinary
   Arts &amp; Sci, POB 37100,M-C 2151, Phoenix, AZ 85069 USA.",Arizona State Univ," New Coll Interdisciplinary
   Arts &amp; Sci", POB 37100,1
340,GAMES AND CULTURE,2017,34,2,"Narrative Tools for Games: Focalization, Granularity, and the Mode of
   Narration in Games",1,1,"Univ Jyvaskyla, POB 35, FI-40014 Jyvaskyla, Finland.",Univ Jyvaskyla, POB 35, FI-40014 Jyvaskyla,1
341,GAMES AND CULTURE,2017,34,2,Board Games and the Construction of Cultural Memory,1,1,"Concordia Univ, Commun Studies, 7141 Rue Sherbrooke
   W,FB-501, Montreal, PQ H4B 1R6, Canada.",Concordia Univ, Commun Studies," 7141 Rue Sherbrooke
   W",1
342,GAMES AND CULTURE,2017,34,2,"Virtual Warlords: An Ethnomethodological View of Group Identity and
   Leadership in EVE Online",1,1,"Univ Coll Dublin, UCD Sch Sociol, Newman Bldg, Dublin 4,
   Ireland.",Univ Coll Dublin, UCD Sch Sociol, Newman Bldg,1
343,GAMES AND CULTURE,2018,34,2,Dwarf Fortress: Laboratory and Homestead,1,1,"Univ Melbourne, Melbourne Network Soc Inst, Australian
   Commun Consumer Act Network, Melbourne, Vic, Australia.",Univ Melbourne, Melbourne Network Soc Inst," Australian
   Commun Consumer Act Network",1
344,GAMES AND CULTURE,2018,34,2,"Establishing Video Game Genres Using Data-Driven Modeling and Product
   Databases",4,4,"Aalto Univ, HIIT, Dept Informat &amp; Comp Sci, Espoo, Finland.",Aalto Univ, HIIT, Dept Informat &amp; Comp Sci,1
345,GAMES AND CULTURE,2018,34,2,"Establishing Video Game Genres Using Data-Driven Modeling and Product
   Databases",4,4,"Aalto Univ, Dept Neurosci &amp; Biomed Engn, Espoo, Finland.",Aalto Univ, Dept Neurosci &amp; Biomed Engn, Espoo,1
346,GAMES AND CULTURE,2018,34,2,"Establishing Video Game Genres Using Data-Driven Modeling and Product
   Databases",4,4,"Univ Jyvaskyla, Jyvaskyla Sch Business &amp; Econ,
   Seminaarinkatu 15, Jyvaskyla 40014, Finland.",Univ Jyvaskyla, Jyvaskyla Sch Business &amp; Econ,"
   Seminaarinkatu 15",1
347,GAMES AND CULTURE,2018,34,2,"Establishing Video Game Genres Using Data-Driven Modeling and Product
   Databases",4,4,"Aalto Univ, Dept Ind Engn &amp; Management, Espoo,
   Finland.",Aalto Univ, Dept Ind Engn &amp; Management, Espoo,1
348,GAMES AND CULTURE,2018,34,2,"Game-Inspired Design: Empirical Evidence in Support of Gameful Learning
   Environments",2,4,"Univ Michigan, Sch Educ, Ann
   Arbor, MI 48109 USA.",Univ Michigan, Sch Educ," Ann
   Arbor",2
349,GAMES AND CULTURE,2018,34,2,"Game-Inspired Design: Empirical Evidence in Support of Gameful Learning
   Environments",2,4,"Univ Michigan, Sch Informat, 105 S
   State St, Ann Arbor, MI 48109 USA.",Univ Michigan, Sch Informat," 105 S
   State St",2
350,GAMES AND CULTURE,2018,34,2,"Video Game Visions of Climate Futures: ARMA 3 and Implications for Games
   and Persuasion",1,Manually,No Address,No UNAME_1,No UNAME_2,No UNAME_3,Manually
351,GAMES AND CULTURE,2018,34,2,"Who Will Play Terebi Gemu When No Japanese Children Remain?: Distanced
   Engagement in Atlus' Catherine",1,1,"Univ British Columbia, Dept Asian Studies, 607-1871 West
   Mall, Vancouver, BC V6T 1Z2, Canada.",Univ British Columbia, Dept Asian Studies," 607-1871 West
   Mall",1
352,GAMES AND CULTURE,2018,34,2,Adult Play: The Dirty Secret of Grown-Ups,2,2,"Univ Utah, Salt Lake City, UT 84112 USA.",Univ Utah, Salt Lake City, UT 84112 USA.,1
353,GAMES AND CULTURE,2018,34,2,Adult Play: The Dirty Secret of Grown-Ups,2,2,"Univ Tampere, Tampere, Finland.",Univ Tampere, Tampere, Finland.,1
354,GAMES AND CULTURE,2018,34,2,Group Sex as Play: Rules and Transgression in Shared Non-monogamy,2,2,"Hanken Sch Econ, Management &amp; Org, Helsinki,
   Finland.",Hanken Sch Econ, Management &amp; Org, Helsinki,1
355,GAMES AND CULTURE,2018,34,2,Group Sex as Play: Rules and Transgression in Shared Non-monogamy,2,2,"Univ Nevada, Dept Sociol, Las Vegas, NV 89154 USA.",Univ Nevada, Dept Sociol, Las Vegas,1
356,GAMES AND CULTURE,2018,34,2,"More than Collectors: Exploring Theorists', Hobbyists' and Everyday
   Players' Rhetoric in Adult Play With Character Toys",1,1,"Univ Turku, Sch Hist Culture &amp; Arts Studies,
   Cultural Prod &amp; Landscape Studies, POB 124, Pori 28101, Finland.",Univ Turku, Sch Hist Culture &amp; Arts Studies,"
   Cultural Prod &amp; Landscape Studies",1
357,GAMES AND CULTURE,2018,34,2,"Alibis for Adult Play: A Goffmanian Account of Escaping Embarrassment in
   Adult Play",1,1,"Univ York, Digital Creat Labs, York YO10 5GE, N
   Yorkshire, England.",Univ York, Digital Creat Labs, York YO10 5GE,1
358,GAMES AND CULTURE,2018,34,2,Finding Time for Tabletop: Board Game Play and Parenting,2,4,"Microsoft Res Ctr Social Nat User
   Interfaces, Melbourne, Vic, Australia.","Microsoft Res Ctr Social Nat User
   Interfaces", Melbourne, Vic,2
359,GAMES AND CULTURE,2018,34,2,Finding Time for Tabletop: Board Game Play and Parenting,2,4,"Univ Melbourne, Dept Comp &amp;
   Informat Syst, Interact Design Lab, Doug McDonell Bldg,Level 5,
   Parkville, Vic 3010, Australia.",Univ Melbourne," Dept Comp &amp;
   Informat Syst", Interact Design Lab,2
360,GAMES AND CULTURE,2018,34,2,Playful Furniture: Breaching a Serious Setting With Interactive Seats,7,9,"Univ Tampere, Game Res Lab, Game Design, Tampere,
   Finland.",Univ Tampere, Game Res Lab, Game Design,1
361,GAMES AND CULTURE,2018,34,2,Playful Furniture: Breaching a Serious Setting With Interactive Seats,7,9,"Univ Tampere, Kanslerinrinne 1, FIN-33101 Tampere,
   Finland.",Univ Tampere, Kanslerinrinne 1, FIN-33101 Tampere,1
362,GAMES AND CULTURE,2018,34,2,Playful Furniture: Breaching a Serious Setting With Interactive Seats,7,9,"Univ Tampere, Game Res Lab, Game Culture, Tampere,
   Finland.",Univ Tampere, Game Res Lab, Game Culture,1
363,GAMES AND CULTURE,2018,34,2,Playful Furniture: Breaching a Serious Setting With Interactive Seats,7,9,"Univ Tampere, Game Res Lab,
   Tampere, Finland.",Univ Tampere, Game Res Lab,"
   Tampere",3
364,GAMES AND CULTURE,2018,34,2,Playful Furniture: Breaching a Serious Setting With Interactive Seats,7,9,"Univ Tampere, Game Res Lab, Game Design &amp; Culture,
   Tampere, Finland.",Univ Tampere, Game Res Lab, Game Design &amp; Culture,1
365,GAMES AND CULTURE,2018,34,2,Playful Furniture: Breaching a Serious Setting With Interactive Seats,7,9,"Univ Tampere, Informat Studies &amp; Interact Media, Tampere,
   Finland.",Univ Tampere, Informat Studies &amp; Interact Media, Tampere,1
366,GAMES AND CULTURE,2018,34,2,Playful Furniture: Breaching a Serious Setting With Interactive Seats,7,9,"Univ Lincoln, Sch Comp Sci, Lincoln, England.",Univ Lincoln, Sch Comp Sci, Lincoln,1
367,GAMES AND CULTURE,2018,34,2,"WoWing Alone: The Evolution of ""Multiplayer"" in World of Warcraft",1,1,"Univ Ontario Inst Technol, Commun &amp; Digital Media
   Studies, Oshawa, ON, Canada.",Univ Ontario Inst Technol," Commun &amp; Digital Media
   Studies", Oshawa,1
368,GAMES AND CULTURE,2018,34,2,"Shooting to Kill: Headshots, Twitch Reflexes, and the Mechropolitics of
   Video Games",1,1,"Univ Calif Davis, One Shields Ave, Davis, CA 95616
   USA.",Univ Calif Davis, One Shields Ave, Davis,1
369,GAMES AND CULTURE,2018,34,2,"Running With Zombies: Capturing New Worlds Through Movement and
   Visibility Practices With Zombies, Run!",1,1,"RMIT Univ, GPO Box 2476, Melbourne, Vic 3001,
   Australia.",RMIT Univ, GPO Box 2476, Melbourne,1
370,GAMES AND CULTURE,2018,34,2,"Playing for Fun, Training for War: Can Popular Claims About Recreational
   Video Gaming and Military Simulations be Reconciled?",4,4,"Monash Univ, Dept Philosophy, Clayton, Vic, Australia.",Monash Univ, Dept Philosophy, Clayton,1
371,GAMES AND CULTURE,2018,34,2,"Playing for Fun, Training for War: Can Popular Claims About Recreational
   Video Gaming and Military Simulations be Reconciled?",4,4,"Monash Univ, Ctr Human Bioeth, Clayton, Vic, Australia.",Monash Univ, Ctr Human Bioeth, Clayton,1
372,GAMES AND CULTURE,2018,34,2,"Playing for Fun, Training for War: Can Popular Claims About Recreational
   Video Gaming and Military Simulations be Reconciled?",4,4,"Univ Melbourne, Parkville, Vic, Australia.",Univ Melbourne, Parkville, Vic,1
373,GAMES AND CULTURE,2018,34,2,"Playing for Fun, Training for War: Can Popular Claims About Recreational
   Video Gaming and Military Simulations be Reconciled?",4,4,"RMIT, Melbourne, Vic, Australia.",RMIT, Melbourne, Vic,1
374,GAMES AND CULTURE,2018,34,2,"The Phenomenology of the ""Other"" in Computer Game Worlds",1,1,"RMIT Univ, Social Res, Melbourne, Vic, Australia.",RMIT Univ, Social Res, Melbourne,1
375,GAMES AND CULTURE,2018,34,2,"Gamers Who Protest: Small-Group Play and Social Resources for Civic
   Action",2,2,"Amer Univ, Sch Commun, Washington, DC 20016 USA.",Amer Univ, Sch Commun, Washington,1
376,GAMES AND CULTURE,2018,34,2,"Gamers Who Protest: Small-Group Play and Social Resources for Civic
   Action",2,2,"Univ Southern Calif, Annenberg Sch Commun &amp;
   Journalism, Los Angeles, CA USA.",Univ Southern Calif," Annenberg Sch Commun &amp;
   Journalism", Los Angeles,1
377,GAMES AND CULTURE,2018,34,2,Platform Studies' Epistemic Threshold,2,2,"UNSW Australia, Sydney, NSW 2052, Australia.",UNSW Australia, Sydney, NSW 2052,1
378,GAMES AND CULTURE,2018,34,2,Platform Studies' Epistemic Threshold,2,2,"Univ Southampton, Winchester Sch Arts, Winchester,
   Hants, England.",Univ Southampton, Winchester Sch Arts, Winchester,1
379,GAMES AND CULTURE,2018,34,2,"Lost and Found and Lost Again: Island Utopias and Dystopias in the
   BioShock Series",1,2,"Univ Louisiana Lafayette, Dept Polit
   Sci, Lafayette, LA 70504 USA.",Univ Louisiana Lafayette," Dept Polit
   Sci", Lafayette,2
380,GAMES AND CULTURE,2018,34,2,"Problematic Mobile Gameplay Among the World's Most Intense Players: A
   Modern Pandemic or Casual Recreational Pursuit?",2,2,"Korea Univ, 145 Anam Ro, Seoul 136701, South Korea.",Korea Univ, 145 Anam Ro, Seoul 136701,1
381,GAMES AND CULTURE,2018,34,2,"Problematic Mobile Gameplay Among the World's Most Intense Players: A
   Modern Pandemic or Casual Recreational Pursuit?",2,2,"Solers Res Grp, Orlando, FL USA.",Solers Res Grp, Orlando, FL USA.,1
382,GAMES AND CULTURE,2018,34,2,"Attitudes Toward Punishment and Rehabilitation as Perceived Through
   Playing a Prison Tycoon Game",2,5,"Univ
   Wroclaw, Inst Psychol, Wroclaw, Poland.","Univ
   Wroclaw", Inst Psychol, Wroclaw,4
383,GAMES AND CULTURE,2018,34,2,"Attitudes Toward Punishment and Rehabilitation as Perceived Through
   Playing a Prison Tycoon Game",2,5,"Tech Univ Dresden, Dept Otorhinolaryngol, Smell &amp; Taste
   Clin, Fetscherstr 74,Haus 5, D-01307 Dresden, Germany.",Tech Univ Dresden, Dept Otorhinolaryngol," Smell &amp; Taste
   Clin",1
384,GAMES AND CULTURE,2018,34,2,Performance and Becoming: Rethinking Nativeness in Virtual Communities,1,1,"Univ Manchester, Manchester, Lancs, England.",Univ Manchester, Manchester, Lancs,1
385,GAMES AND CULTURE,2018,34,2,Building Worlds: A Connective Ethnography of Play in Minecraft,2,3,"Univ Maryland, Coll Informat Studies,
   College Pk, MD 20742 USA.",Univ Maryland, Coll Informat Studies,"
   College Pk",2
386,GAMES AND CULTURE,2018,34,2,Building Worlds: A Connective Ethnography of Play in Minecraft,2,3,"Univ Maryland, Coll Educ, College Pk, MD 20742 USA.",Univ Maryland, Coll Educ, College Pk,1
387,GAMES AND CULTURE,2018,34,2,"The Game of Politics: Examining the Role of Work, Play, and Subjectivity
   Formation in Papers, Please",1,1,"Univ Pittsburgh, Dept English, 526 Cathedral
   Learning,4200 Fifth Ave, Pittsburgh, PA 15232 USA.",Univ Pittsburgh, Dept English," 526 Cathedral
   Learning",1
388,GAMES AND CULTURE,2018,34,2,"Writing ""Gamers"": The Gendered Construction of Gamer Identity in
   Nintendo Power (1994-1999)",1,1,"Univ Michigan, Dept Commun Studies, Ann Arbor, MI
   48109 USA.",Univ Michigan, Dept Commun Studies, Ann Arbor,1
389,GAMES AND CULTURE,2018,34,2,Playing Subaltern: Video Games and Postcolonialism,1,1,"Presidency Univ, Dept English, Kolkata 700090, W
   Bengal, India.",Presidency Univ, Dept English, Kolkata 700090,1
390,GAMES AND CULTURE,2018,34,2,"Guild Wars 2, the Frankfurt School and Dialectical Fairy Scenes: A
   Critical Approach Towards Massively Multiplayer Online Video Games",1,1,"Univ Hawaii Manoa, Coll Social Sci, Dept Anthropol,
   Honolulu, HI 96822 USA.",Univ Hawaii Manoa, Coll Social Sci, Dept Anthropol,1
391,GAMES AND CULTURE,2018,34,2,"Race, Colonial History and National Identity: Resident Evil 5 as a
   Japanese Game",1,1,"Univ Nottingham Ningbo China, Sch Int Commun, 199 Taikang
   East Rd, Ningbo 315100, Zhejiang, Peoples R China.",Univ Nottingham Ningbo China, Sch Int Commun," 199 Taikang
   East Rd",1
392,GAMES AND CULTURE,2018,34,2,"Sort Mii Out: Learning to Value Portable Gaming Encounters Through
   Nintendo's Streetpass Software",1,1,"Univ Sydney, Dept Media &amp; Commun, Sydney, NSW, Australia.",Univ Sydney, Dept Media &amp; Commun, Sydney,1
393,GAMES AND CULTURE,2018,34,2,Three Waves of Awkwardness: A Meta-Analysis of Sex in Game Studies,3,3,"Hanken Sch Econ, Management &amp; Org, Helsinki,
   Finland.",Hanken Sch Econ, Management &amp; Org, Helsinki,1
394,GAMES AND CULTURE,2018,34,2,Three Waves of Awkwardness: A Meta-Analysis of Sex in Game Studies,3,3,"Brunel Univ London, Digital Games Theory &amp; Design,
   Oxford, England.",Brunel Univ London, Digital Games Theory &amp; Design,"
   Oxford",1
395,GAMES AND CULTURE,2018,34,2,Three Waves of Awkwardness: A Meta-Analysis of Sex in Game Studies,3,3,"Univ Turku, Digital Culture, Pori, Finland.",Univ Turku, Digital Culture, Pori,1
396,GAMES AND CULTURE,2018,34,2,"Penguins, Hype, and MMOGs for Kids: A Critical Reexamination of the 2008
   ""Boom"" in Children's Virtual Worlds Development",1,1,"Univ Toronto, Fac Informat, 140 St George St, Toronto,
   ON M5S 3G6, Canada.",Univ Toronto, Fac Informat, 140 St George St,1
397,GAMES AND CULTURE,2018,34,2,Introduction to Special Issue Ludic Economies: Ludic Economics 101,2,2,"Univ Southampton, Winchester Sch Art, Winchester,
   Hants, England.",Univ Southampton, Winchester Sch Art, Winchester,1
398,GAMES AND CULTURE,2018,34,2,Introduction to Special Issue Ludic Economies: Ludic Economics 101,2,2,"Univ Leicester, Sch Media Commun &amp; Sociol, Leicester,
   Leics, England.",Univ Leicester, Sch Media Commun &amp; Sociol, Leicester,1
399,GAMES AND CULTURE,2018,34,2,"The Fame Game: Working Your Way Up the Celebrity Ladder in Kim
   Kardashian: Hollywood",1,1,"Univ Leicester, Sch Media Commun &amp; Sociol, Leicester,
   Leics, England.",Univ Leicester, Sch Media Commun &amp; Sociol, Leicester,1
400,GAMES AND CULTURE,2018,34,2,"Indie Dreams: Video Games, Creative Economy, and the Hyperindustrial
   Epoch",1,1,"Univ West England, Dept Arts &amp; Cultural Ind, Frenchay
   Campus,Coldharbour Lane, Bristol BS16 1QY, Avon, England.",Univ West England, Dept Arts &amp; Cultural Ind," Frenchay
   Campus",1
401,GAMES AND CULTURE,2018,34,2,"The Discourse of Digital Dispossession: Paid Modifications and Community
   Crisis on Steam",1,1,"Univ Toronto, 3359 Mississauga Rd, Mississauga,
   ON L5L 1C6, Canada.",Univ Toronto, 3359 Mississauga Rd, Mississauga,1
402,GAMES AND CULTURE,2018,34,2,"Game Jam as Feminist Methodology: The Affective Labors of Intervention
   in the Ludic Economy",1,1,"Univ Brighton, Media, Brighton, E Sussex, England.",Univ Brighton, Media, Brighton,1
403,GAMES AND CULTURE,2018,34,2,"""The Entrepreneurial Gamer"": Regendering the Order of Play",3,3,"York Univ, Pedag &amp; Technol, Toronto, ON, Canada.",York Univ, Pedag &amp; Technol, Toronto,1
404,GAMES AND CULTURE,2018,34,2,"""The Entrepreneurial Gamer"": Regendering the Order of Play",3,3,"York Univ, Inst Res Digital Learning, Toronto, ON,
   Canada.",York Univ, Inst Res Digital Learning, Toronto,1
405,GAMES AND CULTURE,2018,34,2,"""The Entrepreneurial Gamer"": Regendering the Order of Play",3,3,"Univ Ontario Inst Technol, Literacy &amp; Learning,
   Oshawa, ON, Canada.",Univ Ontario Inst Technol, Literacy &amp; Learning,"
   Oshawa",1
406,GAMES AND CULTURE,2018,34,2,"""How Do Those Danish Bastards Sleep at Night?""*: Fan Labor and the Power
   of Cuteness",1,1,"Univ Amsterdam, Literature, Amsterdam, Netherlands.",Univ Amsterdam, Literature, Amsterdam,1
407,GAMES AND CULTURE,2018,34,2,Accursed Play: The Economic Imaginary of Early Game Studies,1,1,"Univ Southampton, Winchester Sch Art, Winchester SO23
   8DL, Hants, England.",Univ Southampton, Winchester Sch Art," Winchester SO23
   8DL",1
408,GAMES AND CULTURE,2018,34,2,"Anger, Fear, and Games: The Long Event of #GamerGate",1,1,"IT Univ Copenhagen, Digital Soc &amp; Commun
   DiSCo, Copenhagen, Denmark.",IT Univ Copenhagen," Digital Soc &amp; Commun
   DiSCo", Copenhagen,1
409,GAMES AND CULTURE,2018,34,2,"The Rhythm of Game Interactions: Player Experience and Rhythm in
   Minecraft and Don't Starve",1,1,"UNSW Australia, Sch Arts &amp; Media, Sydney, NSW
   2052, Australia.",UNSW Australia, Sch Arts &amp; Media, Sydney,1
410,GAMES AND CULTURE,2018,34,2,"Life Is Strange and ""Games Are Made'': A Philosophical Interpretation of
   a Multiple-Choice Existential Simulator With Copilot Sartre",1,1,"Univ Edinburgh, 50 George Sq, Edinburgh EH8 9YL,
   Midlothian, Scotland.",Univ Edinburgh, 50 George Sq, Edinburgh EH8 9YL,1
411,GAMES AND CULTURE,2018,34,2,"Depictions of Female Protagonists in Digital Games: A Narrative Analysis
   of 2013 DICE Award-Winning Digital Games",2,3,"Appalachian State
   Univ, Boone, NC 28608 USA.","Appalachian State
   Univ", Boone, NC 28608 USA.,2
412,GAMES AND CULTURE,2018,34,2,"Depictions of Female Protagonists in Digital Games: A Narrative Analysis
   of 2013 DICE Award-Winning Digital Games",2,3,"Missouri Sch Journalism, Columbia, MO USA.",Missouri Sch Journalism, Columbia, MO USA.,1
