,Journal,Year,Journal_Rank,Q_Position,Title,Total_Units,Total_Authors,Unit_Address,Unit_Name_1,Unit_Name_2,Unit_Name_3,Author_Number
0,FEMINIST MEDIA STUDIES,2015,36,2,"BECOMING VISIBLE IN THE DIGITAL AGE The class and media dimensions of
   the Pussy Riot affair",2,2,"Western Michigan Univ, Sociol, Kalamazoo, MI 49008 USA.",Western Michigan Univ, Sociol, Kalamazoo,1
1,FEMINIST MEDIA STUDIES,2015,36,2,"BECOMING VISIBLE IN THE DIGITAL AGE The class and media dimensions of
   the Pussy Riot affair",2,2,"European Humanities Univ, Ctr Gender Studies, Vilnius,
   Lithuania.",European Humanities Univ, Ctr Gender Studies, Vilnius,1
2,FEMINIST MEDIA STUDIES,2015,36,2,"FEMININE LIBIDINAL ENTREPRENEURSHIP Towards a reparative reading of the
   sponzorusa in turbo folk",1,1,"St Johns Univ, Dept Rhetor Commun &amp; Theater, New York,
   NY 11439 USA.",St Johns Univ, Dept Rhetor Commun &amp; Theater, New York,1
3,FEMINIST MEDIA STUDIES,2015,36,2,FEMININE VOICE IN POLAND The case of Danuta Walesa,1,2,"Warsaw Univ, Inst Polish Culture,
   Warsaw, Poland.",Warsaw Univ, Inst Polish Culture,"
   Warsaw",2
4,FEMINIST MEDIA STUDIES,2015,36,2,"WATCHING PINK REALITY TV Gendered commercial ethno-nationalism in Bosnia
   and Herzegovina",2,2,"Univ Queensland, Ctr Crit &amp; Cultural Studies, Brisbane,
   Qld 4072, Australia.",Univ Queensland, Ctr Crit &amp; Cultural Studies, Brisbane,1
5,FEMINIST MEDIA STUDIES,2015,36,2,"WATCHING PINK REALITY TV Gendered commercial ethno-nationalism in Bosnia
   and Herzegovina",2,2,"Univ Ljubljana, Fac Social Sci, Journalism Studies,
   Ljubljana, Slovenia.",Univ Ljubljana, Fac Social Sci, Journalism Studies,1
6,FEMINIST MEDIA STUDIES,2015,36,2,"OLD TITLE, NEW TRADITIONS Negotiating ideals of femininity in
   Krest'ianka magazine",1,1,"Univ Tampere, Sch Language Translat &amp; Literary
   Studies, Tampere, Finland.",Univ Tampere," Sch Language Translat &amp; Literary
   Studies", Tampere,1
7,FEMINIST MEDIA STUDIES,2015,36,2,"THE EGOIST LIFESTYLE Gender, community, and the ""new generation"" of
   post-communist Bulgaria",1,1,"Macalester Coll, Polit Sci Dept, St Paul, MN
   55105 USA.",Macalester Coll, Polit Sci Dept, St Paul,1
8,FEMINIST MEDIA STUDIES,2015,36,2,"BETWEEN SOVIETISM AND AMERICANIZATION Ideals of femininity during and
   after the Cold War in Finland",1,1,"Univ Tampere, Res Ctr Commun Media &amp; Journalism
   COMET, Tampere, Finland.",Univ Tampere," Res Ctr Commun Media &amp; Journalism
   COMET", Tampere,1
9,FEMINIST MEDIA STUDIES,2015,36,2,"HASH TAGGING BUT NOT TRENDING: THE SUCCESS AND FAILURE OF THE NEWS MEDIA
   TO ENGAGE WITH ONLINE FEMINIST ACTIVISM IN INDIA",1,1,"Univ Maryland, College Pk, MD 20742 USA.",Univ Maryland, College Pk, MD 20742 USA.,1
10,FEMINIST MEDIA STUDIES,2015,36,2,"DISRUPTING DOMINANT DISCOURSES: #HERESPROOF OF INTEREST IN WOMEN'S
   SPORTS",1,2,"Penn State Univ, University Pk, PA
   16802 USA.",Penn State Univ, University Pk," PA
   16802 USA.",2
11,FEMINIST MEDIA STUDIES,2015,36,2,"#TAKEBACKTHETECH AND #WHATAREYOUDOINGABOUTVAW. RECLAIMING ICTS AND
   SOLICITING STAKEHOLDERS' RESPONSIBILITY TO END VIOLENCE AGAINST WOMEN",1,1,"Univ Trento, Trento, Italy.",Univ Trento, Trento, Italy.,1
12,FEMINIST MEDIA STUDIES,2015,36,2,"ADVOCACY AND POLITICAL POTENTIAL AT THE CONVERGENCE OF HASHTAG ACTIVISM
   AND COMMERCE",1,1,"Northern Illinois Univ, De Kalb, IL 60115 USA.",Northern Illinois Univ, De Kalb, IL 60115 USA.,1
13,FEMINIST MEDIA STUDIES,2015,36,2,"NO MORE EXCUSES: USING TWITTER TO CHALLENGE THE SYMBOLIC ANNIHILATION OF
   WOMEN IN GAMES",1,1,"Suffolk Univ, Boston, MA 02108 USA.",Suffolk Univ, Boston, MA 02108 USA.,1
14,FEMINIST MEDIA STUDIES,2015,36,2,"SCENE OF THE CRIME News discourse of rape in India and the geopolitics
   of sexual assault",1,1,"Univ Iowa, Sch Journalism &amp; Mass Commun, Iowa
   City, IA 52242 USA.",Univ Iowa, Sch Journalism &amp; Mass Commun," Iowa
   City",1
15,FEMINIST MEDIA STUDIES,2015,36,2,"PORTRAIT OF A SERIAL KILLER Intertextuality and gender in the portrait
   film",2,2,"Univ Stirling, Ctr Gender &amp; Feminist Studies, Stirling,
   Scotland.",Univ Stirling, Ctr Gender &amp; Feminist Studies, Stirling,1
16,FEMINIST MEDIA STUDIES,2015,36,2,"PORTRAIT OF A SERIAL KILLER Intertextuality and gender in the portrait
   film",2,2,"Univ Glasgow, Glasgow, Lanark, Scotland.",Univ Glasgow, Glasgow, Lanark,1
17,FEMINIST MEDIA STUDIES,2015,36,2,"EXPURGATING THE MONSTROUS An analysis of the South African Daily Sun's
   coverage of gang rape",2,2,"Rhodes Univ, Sch Journalism &amp; Media Studies, Media
   Studies, Grahamstown, South Africa.",Rhodes Univ, Sch Journalism &amp; Media Studies," Media
   Studies",1
18,FEMINIST MEDIA STUDIES,2015,36,2,"EXPURGATING THE MONSTROUS An analysis of the South African Daily Sun's
   coverage of gang rape",2,2,"Rhodes Univ, Journalism &amp; Media Studies, Grahamstown,
   South Africa.",Rhodes Univ, Journalism &amp; Media Studies, Grahamstown,1
19,FEMINIST MEDIA STUDIES,2015,36,2,GENDER AND CHINA'S ONLINE CENSORSHIP PROTEST CULTURE,1,1,"Texas A&amp;M Univ, Dept Commun, College Stn, TX 77843 USA.",Texas A&amp;M Univ, Dept Commun, College Stn,1
20,FEMINIST MEDIA STUDIES,2015,36,2,ARE YOU THE ONE? CHINA'S TV DATING SHOWS AND THE SHENG NU'S PREDICAMENT,2,2,"Indiana Univ Purdue Univ, Commun, Ft Wayne, IN 46805 USA.",Indiana Univ Purdue Univ, Commun, Ft Wayne,1
21,FEMINIST MEDIA STUDIES,2015,36,2,ARE YOU THE ONE? CHINA'S TV DATING SHOWS AND THE SHENG NU'S PREDICAMENT,2,2,"Univ Utah, Commun, Salt Lake City, UT 84112 USA.",Univ Utah, Commun, Salt Lake City,1
22,FEMINIST MEDIA STUDIES,2015,36,2,BECOMING PREGNANT Disrupting expectations of girlhood in Juno (2007),1,1,"Univ Western Australia, Nedlands, WA, Australia.",Univ Western Australia, Nedlands, WA,1
23,FEMINIST MEDIA STUDIES,2015,36,2,"CINDERELLA'S HAVING A BALL Humoring Mexico's ""ugly"" TV formula",1,1,"Australian Commun Ind, Media Relat &amp; Publ Affairs,
   Sydney, NSW, Australia.",Australian Commun Ind, Media Relat &amp; Publ Affairs,"
   Sydney",1
24,FEMINIST MEDIA STUDIES,2015,36,2,GENDER AND DEVELOPMENT IN YOUTH MEDIA,3,3,"Univ British Columbia, Language &amp; Literacy Educ,
   Vancouver, BC, Canada.",Univ British Columbia, Language &amp; Literacy Educ,"
   Vancouver",1
25,FEMINIST MEDIA STUDIES,2015,36,2,GENDER AND DEVELOPMENT IN YOUTH MEDIA,3,3,"Univ British Columbia, Fac Arts, Inst Gender Race
   Sexual &amp; Social Justice, Vancouver, BC, Canada.",Univ British Columbia, Fac Arts," Inst Gender Race
   Sexual &amp; Social Justice",1
26,FEMINIST MEDIA STUDIES,2015,36,2,GENDER AND DEVELOPMENT IN YOUTH MEDIA,3,3,"Univ British Columbia, Fac Educ, Dept Language &amp;
   Literacy Educ, Vancouver, BC, Canada.",Univ British Columbia, Fac Educ," Dept Language &amp;
   Literacy Educ",1
27,FEMINIST MEDIA STUDIES,2015,36,2,"YOU KNOW YOU LOVE ME Gossip Girl fanvids and the amplification of
   emotion",1,1,"Univ Calgary, Fac Educ, Calgary, AB, Canada.",Univ Calgary, Fac Educ, Calgary,1
28,FEMINIST MEDIA STUDIES,2015,36,2,"NOT ""SIMPLY THE BREAST"" Media discourses of celebrity, breastfeeding,
   and normalcy",1,1,"Univ South Carolina Aiken, Commun, Aiken, SC
   29801 USA.",Univ South Carolina Aiken, Commun, Aiken,1
29,FEMINIST MEDIA STUDIES,2015,36,2,"STRANGE, INCOMPETENT AND OUT-OF-PLACE Media, Muslim sportswomen and
   London 2012",1,1,"Univ Cambridge, Social Anthropol, Cambridge,
   England.",Univ Cambridge, Social Anthropol, Cambridge,1
30,FEMINIST MEDIA STUDIES,2015,36,2,UNCANNY GAMING The Ravenhearst video games and gothic appropriation,1,1,"Univ Georgia, Grady Coll Journalism &amp; Mass Commun, Mass
   Media Arts, Athens, GA 30602 USA.",Univ Georgia, Grady Coll Journalism &amp; Mass Commun," Mass
   Media Arts",1
31,FEMINIST MEDIA STUDIES,2015,36,2,"JILL MEAGHER CCTV Gothic tendencies in narratives of violence and gender
   justice",1,1,"Deakin Univ, Sch Commun &amp; Creat Arts, Geelong,
   Vic, Australia.",Deakin Univ, Sch Commun &amp; Creat Arts, Geelong,1
32,FEMINIST MEDIA STUDIES,2015,36,2,"""THEY ARE ALL GOOD BOYS"" The role of the Israeli media in the social
   construction of gang rape",2,2,"Hebrew Univ Jerusalem, David Yellin Acad Coll,
   Nonformal Educ Dept, Jerusalem, Israel.",Hebrew Univ Jerusalem, David Yellin Acad Coll,"
   Nonformal Educ Dept",1
33,FEMINIST MEDIA STUDIES,2015,36,2,"""THEY ARE ALL GOOD BOYS"" The role of the Israeli media in the social
   construction of gang rape",2,2,"Hebrew Univ Jerusalem, Inst Criminol, Grad
   Sch, Jerusalem, Israel.",Hebrew Univ Jerusalem, Inst Criminol," Grad
   Sch",1
34,FEMINIST MEDIA STUDIES,2015,36,2,"SLEEPING WITH A VAMPIRE Empowerment, submission, and female desire in
   contemporary vampire fiction",1,1,"Univ Warsaw, Inst Polish Culture, Warsaw, Poland.",Univ Warsaw, Inst Polish Culture, Warsaw,1
35,FEMINIST MEDIA STUDIES,2015,36,2,"DOMESTICATING HERMIONE The emergence of genre and community from WIKTT's
   feminist romance debates",1,1,"Univ Amsterdam, Televis &amp; Cross Media Culture,
   Amsterdam, Netherlands.",Univ Amsterdam, Televis &amp; Cross Media Culture,"
   Amsterdam",1
36,FEMINIST MEDIA STUDIES,2015,36,2,"NURSING AT THE SCREEN Post-feminist daughters and demonized mothers on
   Toddlers and Tiaras",1,1,"Univ Southern Calif, Annenberg Sch Commun &amp;
   Journalism, Los Angeles, CA 90089 USA.",Univ Southern Calif," Annenberg Sch Commun &amp;
   Journalism", Los Angeles,1
37,FEMINIST MEDIA STUDIES,2015,36,2,"POLITICS OF SEX APPEAL IN ADVERTISING Female creatives and post-feminist
   sensibility in South Korea",1,1,"NYU, Dept East Asian Studies, 550 1St Ave, New York,
   NY 10003 USA.",NYU, Dept East Asian Studies, 550 1St Ave,1
38,FEMINIST MEDIA STUDIES,2015,36,2,"""FLAWED VESSELS"" Media framing of feminism in the 2008 presidential
   election",3,3,"St Anselm College, Dept Sociol, Manchester, NH 03102 USA.",St Anselm College, Dept Sociol, Manchester,1
39,FEMINIST MEDIA STUDIES,2015,36,2,"""FLAWED VESSELS"" Media framing of feminism in the 2008 presidential
   election",3,3,"St Anselm College, Polit, Manchester, NH 03102 USA.",St Anselm College, Polit, Manchester,1
40,FEMINIST MEDIA STUDIES,2015,36,2,"""FLAWED VESSELS"" Media framing of feminism in the 2008 presidential
   election",3,3,"Univ Maryland, College Pk, MD 20742 USA.",Univ Maryland, College Pk, MD 20742 USA.,1
41,FEMINIST MEDIA STUDIES,2015,36,2,"FEMININE SEXUALITIES INTHECHICKGENRE Women's readings and preferred
   readings",1,1,"Univ South Australia, Sch Psychol Social Work &amp;
   Social Policy, Adelaide, SA 5001, Australia.",Univ South Australia," Sch Psychol Social Work &amp;
   Social Policy", Adelaide,1
42,FEMINIST MEDIA STUDIES,2015,36,2,The Absent Presence of Gender in Webcomicsq,1,1,"Univ South Calif, Los Angeles, CA 90007 USA.",Univ South Calif, Los Angeles, CA 90007 USA.,1
43,FEMINIST MEDIA STUDIES,2015,36,2,"MY JOB IS ME Postfeminist celebrity culture and the gendering of
   authenticity",1,1,"Edge Hill Univ, Media &amp; Culture, Ormskirk, England.",Edge Hill Univ, Media &amp; Culture, Ormskirk,1
44,FEMINIST MEDIA STUDIES,2015,36,2,"ROMANCE RE-SCRIPTED Lost in Austen's comparative historical analysis of
   post-feminist culture",1,1,"Aberystwyth Univ, Film &amp; Televis, Aberystwyth, Dyfed,
   Wales.",Aberystwyth Univ, Film &amp; Televis, Aberystwyth,1
45,FEMINIST MEDIA STUDIES,2015,36,2,"""EVERYONE CAN MAKE GAMES!"" The post-feminist context of women in digital
   game production",2,2,"Univ Leicester, Media &amp; Commun, Leicester, Leics,
   England.",Univ Leicester, Media &amp; Commun, Leicester,1
46,FEMINIST MEDIA STUDIES,2015,36,2,"""EVERYONE CAN MAKE GAMES!"" The post-feminist context of women in digital
   game production",2,2,"York Univ, Language Culture &amp; Teaching Program,
   Toronto, ON, Canada.",York Univ, Language Culture &amp; Teaching Program,"
   Toronto",1
47,FEMINIST MEDIA STUDIES,2015,36,2,"THE SYMBOLIC ANNIHILATION OF MOTHERS IN POPULAR CULTURE Single Father
   and the death of the mother",1,1,"Umea Univ, Umea, Sweden.",Umea Univ, Umea, Sweden.,1
48,FEMINIST MEDIA STUDIES,2015,36,2,"WEIGHING MOTHERS DOWN Diets, daughters, and maternal obligation",2,2,"De Paul Univ, Coll Commun, Chicago, IL 60604 USA.",De Paul Univ, Coll Commun, Chicago,1
49,FEMINIST MEDIA STUDIES,2015,36,2,"WEIGHING MOTHERS DOWN Diets, daughters, and maternal obligation",2,2,"Univ Maryland, Coll Journalism, College Pk, MD 20742
   USA.",Univ Maryland, Coll Journalism, College Pk,1
50,FEMINIST MEDIA STUDIES,2015,36,2,"A MATERNAL HEART Angelina Jolie, choices of maternity, and hegemonic
   femininity in People magazine",2,2,"Sch Journalism &amp; Commun &amp; Grad Teaching, Eugene, OR
   97403 USA.",Sch Journalism &amp; Commun &amp; Grad Teaching, Eugene," OR
   97403 USA.",1
51,FEMINIST MEDIA STUDIES,2015,36,2,"A MATERNAL HEART Angelina Jolie, choices of maternity, and hegemonic
   femininity in People magazine",2,2,"Univ Oregon, Womens &amp; Gender Studies Dept, Eugene, OR
   97403 USA.",Univ Oregon, Womens &amp; Gender Studies Dept, Eugene,1
52,FEMINIST MEDIA STUDIES,2015,36,2,"""FREAKISH FAT,"" ""WRETCHED BLACK"" Female abject beings in contemporary
   Colombian media and culture",1,1,"Univ Lausanne, Dept English, Gender Studies, Lausanne,
   Switzerland.",Univ Lausanne, Dept English, Gender Studies,1
53,FEMINIST MEDIA STUDIES,2015,36,2,"FRONTLINE FARMERS, BACKLINE SOURCES Women as a tertiary voice in climate
   change coverage",1,1,"Uganda Christian Univ, Mukono, Uganda.",Uganda Christian Univ, Mukono, Uganda.,1
54,FEMINIST MEDIA STUDIES,2015,36,2,"""YOU BRING GREAT MASCULINITY AND TRUTH"" Sexuality, whiteness, and the
   regulation of the male body in motion",1,1,"Univ British Columbia, Dept Sociol, Vancouver, BC, Canada.",Univ British Columbia, Dept Sociol, Vancouver,1
55,FEMINIST MEDIA STUDIES,2015,36,2,"WOMEN AUTO KNOW Automotive knowledge, auto activism, and women's online
   car advice",1,1,"Bowling Green State Univ, Amer Culture Studies, Bowling
   Green, OH 43403 USA.",Bowling Green State Univ, Amer Culture Studies," Bowling
   Green",1
56,FEMINIST MEDIA STUDIES,2015,36,2,"""BATTLE OF THE MEI-MEIS"" Materialism, maternalism, and the gendering of
   Singapore's 2011 general election (GE2011)",1,1,"Natl Inst Educ, English, Singapore, Singapore.",Natl Inst Educ, English, Singapore,1
57,FEMINIST MEDIA STUDIES,2015,36,2,"ACTING ON THE BODY OF THE AUDIENCE Dictatorship, hegemony, and gender
   censorship in Portugal",2,2,"Univ Beira Interior, Commun &amp; Arts Dept, Covilha,
   Portugal.",Univ Beira Interior, Commun &amp; Arts Dept, Covilha,1
58,FEMINIST MEDIA STUDIES,2015,36,2,"ACTING ON THE BODY OF THE AUDIENCE Dictatorship, hegemony, and gender
   censorship in Portugal",2,2,"Univ Coimbra, Fac Letters, Commun &amp; Media Studies,
   Coimbra, Portugal.",Univ Coimbra, Fac Letters, Commun &amp; Media Studies,1
59,FEMINIST MEDIA STUDIES,2015,36,2,"MEDIA, STATE, AND PATRIARCHY Discourses of state control in Jordanian
   discussions of virginity",2,2,"Univ Edinburghs Islamic, Edinburgh, Midlothian,
   Scotland.",Univ Edinburghs Islamic, Edinburgh, Midlothian,1
60,FEMINIST MEDIA STUDIES,2015,36,2,"MEDIA, STATE, AND PATRIARCHY Discourses of state control in Jordanian
   discussions of virginity",2,2,"Middle Eastern Studies Dept, Edinburgh, Midlothian,
   Scotland.",Middle Eastern Studies Dept, Edinburgh, Midlothian,1
61,FEMINIST MEDIA STUDIES,2015,36,2,"""THE CONSUMMATE MATERIAL GIRL?"" The contested consumption of Winnie
   Madikizela-Mandela in early post-apartheid media representations",1,1,"Univ Witwatersrand, Media Studies, Johannesburg, South
   Africa.",Univ Witwatersrand, Media Studies, Johannesburg,1
62,FEMINIST MEDIA STUDIES,2015,36,2,"NEOLIBERALISM, SOUL FOOD, AND THE WEIGHT OF BLACK WOMEN",2,2,"McGill Univ, Commun Studies, Montreal, PQ, Canada.",McGill Univ, Commun Studies, Montreal,1
63,FEMINIST MEDIA STUDIES,2015,36,2,"NEOLIBERALISM, SOUL FOOD, AND THE WEIGHT OF BLACK WOMEN",2,2,"Univ Toronto, Toronto, ON, Canada.",Univ Toronto, Toronto, ON,1
64,FEMINIST MEDIA STUDIES,2015,36,2,"""LITTLE LENA'S A BIG GIRL NOW"" Lena Zavaroni and the anorexic star",1,1,"Univ East Anglia, Televis, Norwich, Norfolk, England.",Univ East Anglia, Televis, Norwich,1
65,FEMINIST MEDIA STUDIES,2015,36,2,PORTRAYING TRAFFICKING IN LUKAS MOODYSSON'S LILYA 4-EVER,1,1,"San Diego State Univ, European Studies, San
   Diego, CA 92182 USA.",San Diego State Univ, European Studies," San
   Diego",1
66,FEMINIST MEDIA STUDIES,2015,36,2,CAREER GIRLS Women at work in Compact and The Rag Trade,1,1,"Northumbria Univ, Media, Newcastle Upon Tyne, Tyne &amp; Wear,
   England.",Northumbria Univ, Media, Newcastle Upon Tyne,1
67,FEMINIST MEDIA STUDIES,2015,36,2,PLAYING WITH OUR SELVES Multiplicity and identity in online gaming,3,3,"York Univ, Inst Res Learning Technol, N York, ON,
   Canada.",York Univ, Inst Res Learning Technol, N York,1
68,FEMINIST MEDIA STUDIES,2015,36,2,PLAYING WITH OUR SELVES Multiplicity and identity in online gaming,3,3,"North Carolina State Univ, Dept Commun, Raleigh, NC
   27695 USA.",North Carolina State Univ, Dept Commun, Raleigh,1
69,FEMINIST MEDIA STUDIES,2015,36,2,PLAYING WITH OUR SELVES Multiplicity and identity in online gaming,3,3,"Univ Ontarios, Fac Educ, Inst Technol, London, ON,
   Canada.",Univ Ontarios, Fac Educ, Inst Technol,1
70,FEMINIST MEDIA STUDIES,2015,36,2,"WELFARE QUEENS, THRIFTY HOUSEWIVES, AND DO-IT-ALL MUMS Celebrity
   motherhood and the cultural politics of austerity",3,3,"Univ Leeds, Sociol, Leeds, W Yorkshire, England.",Univ Leeds, Sociol, Leeds,1
71,FEMINIST MEDIA STUDIES,2015,36,2,"WELFARE QUEENS, THRIFTY HOUSEWIVES, AND DO-IT-ALL MUMS Celebrity
   motherhood and the cultural politics of austerity",3,3,"Brunel Univ, Educ, Uxbridge, Middx, England.",Brunel Univ, Educ, Uxbridge,1
72,FEMINIST MEDIA STUDIES,2015,36,2,"WELFARE QUEENS, THRIFTY HOUSEWIVES, AND DO-IT-ALL MUMS Celebrity
   motherhood and the cultural politics of austerity",3,3,"Univ Surrey, Sociol, Surrey, England.",Univ Surrey, Sociol, Surrey,1
73,FEMINIST MEDIA STUDIES,2015,36,2,"PREGNANCY, THEN IT'S ""BACK TO BUSINESS"" Beyonce, black femininity, and
   the politics of a post-feminist gender regime",1,1,"Univ Southern Calif, Annenberg Sch Commun &amp; Journalism,
   Los Angeles, CA 90089 USA.",Univ Southern Calif, Annenberg Sch Commun &amp; Journalism,"
   Los Angeles",1
74,FEMINIST MEDIA STUDIES,2015,36,2,"""TAKING MAMA STEPS"" TOWARD AUTHORITY, ALTERNATIVES, AND ADVOCACY
   Feminist consciousness-raising within a digital motherhood community",2,2,"Univ Minnesota, Minneapolis, MN 55455 USA.",Univ Minnesota, Minneapolis, MN 55455 USA.,1
75,FEMINIST MEDIA STUDIES,2015,36,2,"""TAKING MAMA STEPS"" TOWARD AUTHORITY, ALTERNATIVES, AND ADVOCACY
   Feminist consciousness-raising within a digital motherhood community",2,2,"Hastings Coll Law, Hastings, NE 68901 USA.",Hastings Coll Law, Hastings, NE 68901 USA.,1
76,FEMINIST MEDIA STUDIES,2015,36,2,FOR WESTERN GIRLS ONLY? Post-feminism as transnational culture,1,1,"Kings Coll London, Culture Media &amp; Creat Ind,
   London, England.",Kings Coll London, Culture Media &amp; Creat Ind,"
   London",1
77,FEMINIST MEDIA STUDIES,2015,36,2,"TWENTY-SOMETHING GIRLS V. THIRTYSOMETHING SEX AND THE CITY WOMEN Paving
   the way for ""post? feminism""",2,2,"Univ Tasmania, Sociol, Hobart, Tas, Australia.",Univ Tasmania, Sociol, Hobart,1
78,FEMINIST MEDIA STUDIES,2015,36,2,"TWENTY-SOMETHING GIRLS V. THIRTYSOMETHING SEX AND THE CITY WOMEN Paving
   the way for ""post? feminism""",2,2,"Univ Tasmania, Arts Honours, Majoring Sociol &amp; Gender
   Studies, Hobart, Tas, Australia.",Univ Tasmania, Arts Honours," Majoring Sociol &amp; Gender
   Studies",1
79,FEMINIST MEDIA STUDIES,2015,36,2,"PUTTING HER ON THE SHELF Pop star fragrances and post-feminist
   entrepreneurialism",1,Manually,No Address,No UNAME_1,No UNAME_2,No UNAME_3,Manually
80,FEMINIST MEDIA STUDIES,2015,36,2,CALL ME KUCHU Post-colonial dynamics in transnational LGBT filmmaking,3,3,"Univ N Carolina, Educ &amp; Cultural Studies, Greensboro, NC
   27412 USA.",Univ N Carolina, Educ &amp; Cultural Studies, Greensboro,1
81,FEMINIST MEDIA STUDIES,2015,36,2,CALL ME KUCHU Post-colonial dynamics in transnational LGBT filmmaking,3,3,"UNCG, Womens &amp; Gender Studies, Greensboro, NC 27412 USA.",UNCG, Womens &amp; Gender Studies, Greensboro,1
82,FEMINIST MEDIA STUDIES,2015,36,2,CALL ME KUCHU Post-colonial dynamics in transnational LGBT filmmaking,3,3,"UNCG, Media Studies Program, Greensboro, NC 27412 USA.",UNCG, Media Studies Program, Greensboro,1
83,FEMINIST MEDIA STUDIES,2015,36,2,"MEDIA CAPITAL OR MEDIA DEFICIT? Representations of women in leadership
   roles in old and new media",1,1,"Univ Bedfordshire, Dept Performing Arts &amp; English,
   English, Luton, Beds, England.",Univ Bedfordshire, Dept Performing Arts &amp; English,"
   English",1
84,FEMINIST MEDIA STUDIES,2015,36,2,"""SO TIGHT IN THE THIGHS, SO LOOSE IN THE WAIST"" Embodying the female
   athlete online",1,1,"Univ Louisville, Womens &amp; Gender Studies, Louisville,
   KY 40292 USA.",Univ Louisville, Womens &amp; Gender Studies, Louisville,1
85,FEMINIST MEDIA STUDIES,2016,36,2,"Redoing feminism: digital activism, body politics, and neoliberalism",1,1,"Univ Maryland, Sch Languages Literatures &amp; Cultures,
   College Pk, MD 20742 USA.",Univ Maryland, Sch Languages Literatures &amp; Cultures,"
   College Pk",1
86,FEMINIST MEDIA STUDIES,2016,36,2,"Online feminist protest against sexism: the German-language hashtag
   #aufschrei",1,2,"Salzburg Univ, Dept Commun Studies,
   A-5020 Salzburg, Austria.",Salzburg Univ, Dept Commun Studies,"
   A-5020 Salzburg",2
87,FEMINIST MEDIA STUDIES,2016,36,2,"From #aufschrei to hatr.org: digital-material entanglements in the
   context of German digital feminist activisms",1,1,"Linkoping Univ, Tema Genus, Linkoping, Sweden.",Linkoping Univ, Tema Genus, Linkoping,1
88,FEMINIST MEDIA STUDIES,2016,36,2,"How (not) to ""Hollaback"": towards a transnational debate on the ""Red
   Zora"" and militant tactics in the feminist struggle against gender-based
   violence",1,1,"Univ Cambridge, Dept German &amp; Dutch, Cambridge,
   England.",Univ Cambridge, Dept German &amp; Dutch, Cambridge,1
89,FEMINIST MEDIA STUDIES,2016,36,2,"The communicative construction of FEMEN: naked protest in self-mediation
   and German media discourse",1,2,"Univ Tubingen, Inst Media Studies,
   Tubingen, Germany.",Univ Tubingen, Inst Media Studies,"
   Tubingen",2
90,FEMINIST MEDIA STUDIES,2016,36,2,"Kubra Gumusay, Muslim digital feminism and the politics of visuality in
   Germany",1,1,"Univ Colorado, Dept German &amp; Slav Languages &amp;
   Literatures, Boulder, CO 80309 USA.",Univ Colorado," Dept German &amp; Slav Languages &amp;
   Literatures", Boulder,1
91,FEMINIST MEDIA STUDIES,2016,36,2,"Performing the ""quing of berlin"": transnational digital interfaces in
   queer feminist protest culture",1,1,"Univ Lancaster, Dept European Languages &amp; Cultures,
   Lancaster, England.",Univ Lancaster, Dept European Languages &amp; Cultures,"
   Lancaster",1
92,FEMINIST MEDIA STUDIES,2016,36,2,"""Allow access to location?"": Digital feminist geographies",1,1,"Univ Kassel, Dept Sociol Divers, D-34125 Kassel, Germany.",Univ Kassel, Dept Sociol Divers, D-34125 Kassel,1
93,FEMINIST MEDIA STUDIES,2016,36,2,"Tagging for activist ends and strategic ephemerality: creating the Sex
   Work Database as an activist digital archived",1,2,"Univ Manitoba, Fac Arts, Dept Womens
   &amp; Gender Studies, Winnipeg, MB, Canada.",Univ Manitoba, Fac Arts," Dept Womens
   &amp; Gender Studies",2
94,FEMINIST MEDIA STUDIES,2016,36,2,"Dividing women: the framing of trafficking for sexual exploitation in
   magazines",1,1,"Univ Kansas, William Allen White Sch Journalism &amp;
   Mass Commun, Lawrence, KS 66045 USA.",Univ Kansas," William Allen White Sch Journalism &amp;
   Mass Commun", Lawrence,1
95,FEMINIST MEDIA STUDIES,2016,36,2,"""Sober encounters"": the neoliberal logics of human rights documentary
   and Indian feminist documentary filmmakers",1,1,"Symbiosis Sch Media &amp; Commun, Elect City Phase 1,
   Bengaluru, India.",Symbiosis Sch Media &amp; Commun, Elect City Phase 1,"
   Bengaluru",1
96,FEMINIST MEDIA STUDIES,2016,36,2,"Visibility and denial: accounts of sexual violence in race- and
   gender-specific magazines",1,1,"Univ Maryland, Dept Sociol, College Pk, MD 20742 USA.",Univ Maryland, Dept Sociol, College Pk,1
97,FEMINIST MEDIA STUDIES,2016,36,2,"What are true women not made of? Agency and identities of ""violent""
   women in tabloids in Finland",1,1,"Univ Helsinki, Dept Social Res, Helsinki, Finland.",Univ Helsinki, Dept Social Res, Helsinki,1
98,FEMINIST MEDIA STUDIES,2016,36,2,"The perceptions of female media professionals in Kuwait about their job:
   an empowerment perspective",2,2,"Gulf Univ Sci &amp; Technol, Mass Commun Dept, Salmiya,
   Kuwait.",Gulf Univ Sci &amp; Technol, Mass Commun Dept, Salmiya,1
99,FEMINIST MEDIA STUDIES,2016,36,2,"The perceptions of female media professionals in Kuwait about their job:
   an empowerment perspective",2,2,"Rollins Coll, Dept Commun Studies, Winter Pk, FL 32789
   USA.",Rollins Coll, Dept Commun Studies, Winter Pk,1
100,FEMINIST MEDIA STUDIES,2016,36,2,Women politicians in the UK press: not seen and not heard?,3,3,"Univ Huddersfield, Dept Journalism &amp; Media,
   Huddersfield HD1 3DH, W Yorkshire, England.",Univ Huddersfield, Dept Journalism &amp; Media,"
   Huddersfield HD1 3DH",1
101,FEMINIST MEDIA STUDIES,2016,36,2,Women politicians in the UK press: not seen and not heard?,3,3,"Bournemouth Univ, Media Sch, Polit, Bournemouth,
   Dorset, England.",Bournemouth Univ, Media Sch, Polit,1
102,FEMINIST MEDIA STUDIES,2016,36,2,Women politicians in the UK press: not seen and not heard?,3,3,"Univ E Anglia, Fac Arts &amp; Humanities, Norwich NR4 7TJ,
   Norfolk, England.",Univ E Anglia, Fac Arts &amp; Humanities, Norwich NR4 7TJ,1
103,FEMINIST MEDIA STUDIES,2016,36,2,"What can television do? Cultural representations of border violence in
   FX's The Bridge",1,1,"San Francisco State Univ, Dept Women &amp; Gender
   Studies, San Francisco, CA 94132 USA.",San Francisco State Univ," Dept Women &amp; Gender
   Studies", San Francisco,1
104,FEMINIST MEDIA STUDIES,2016,36,2,"Gender and jockography: post-feminism and resistance in female sports
   autobiographies",1,1,"Univ Louisville, Womens &amp; Gender Studies, Louisville,
   KY 40292 USA.",Univ Louisville, Womens &amp; Gender Studies, Louisville,1
105,FEMINIST MEDIA STUDIES,2016,36,2,"Beyond ""filling in the gap"": the state and status of Latina/o Feminist
   Media Studies",1,1,"Williams Coll, Latinao Studies, Williamstown, MA
   01267 USA.",Williams Coll, Latinao Studies, Williamstown,1
106,FEMINIST MEDIA STUDIES,2016,36,2,"""Emasculation nation has arrived"": sexism rearticulated in online
   responses to Lose the Lads' Mags campaign",1,2,"City Univ London, Dept Sociol,
   London EC1V 0HB, England.",City Univ London, Dept Sociol,"
   London EC1V 0HB",2
107,FEMINIST MEDIA STUDIES,2016,36,2,"Marketing, media, and misogyny: interactive advertising critique in a
   Huffington Post forum",1,1,"Quinnipiac Univ, Dept Media Studies, Hamden, CT USA.",Quinnipiac Univ, Dept Media Studies, Hamden,1
108,FEMINIST MEDIA STUDIES,2016,36,2,"Feminist collectives or private owners: both used media to advance
   lesbian goals",1,1,"Univ Melbourne, Fac Arts, Sch Hist &amp; Philosoph Studies,
   Parkville, Vic 3052, Australia.",Univ Melbourne, Fac Arts, Sch Hist &amp; Philosoph Studies,1
109,FEMINIST MEDIA STUDIES,2016,36,2,"Taking time between g-string changes to educate ourselves: Sinead
   O'Connor, Miley Cyrus, and celebrity feminism",1,1,"Victoria Univ Wellington, Media Studies Programme, Sch
   English Film Theatre &amp; Media Studies, Wellington, New Zealand.",Victoria Univ Wellington, Media Studies Programme," Sch
   English Film Theatre &amp; Media Studies",1
110,FEMINIST MEDIA STUDIES,2016,36,2,"Is she he? Drag discourse and drag logic in online media reports of
   gender variance",1,1,"No Arizona Univ, Womens &amp; Gender Studies, Flagstaff,
   AZ 86011 USA.",No Arizona Univ, Womens &amp; Gender Studies, Flagstaff,1
111,FEMINIST MEDIA STUDIES,2016,36,2,Monstrous schoolteachers: women educators in popular cultural texts,1,1,"Simon Fraser Univ, Fac Educ, Vancouver, BC, Canada.",Simon Fraser Univ, Fac Educ, Vancouver,1
112,FEMINIST MEDIA STUDIES,2016,36,2,"Incongruous encounters: media representations and lived experiences of
   stay-at-home mothers",1,1,"London Sch Econ, Dept Media &amp; Commun, London WC2A 2AE,
   England.",London Sch Econ, Dept Media &amp; Commun, London WC2A 2AE,1
113,FEMINIST MEDIA STUDIES,2016,36,2,"Damaging and daunting: female journalists' experiences of sexual
   harassment in the newsroom",1,1,"Deakin Univ, Sch Commun &amp; Creat Arts, Warrnambool,
   Australia.",Deakin Univ, Sch Commun &amp; Creat Arts, Warrnambool,1
114,FEMINIST MEDIA STUDIES,2016,36,2,"Homeland and neoliberalism: text, paratexts and treatment of affective
   labor",1,1,"Missouri State Univ, Media Journalism &amp; Film Dept,
   Springfield, MO USA.",Missouri State Univ, Media Journalism &amp; Film Dept,"
   Springfield",1
115,FEMINIST MEDIA STUDIES,2016,36,2,"Entertaining mobility: the racialized and gendered nation in House
   Hunters International",1,1,"Univ Nevada Las Vegas, African Amer &amp; African
   Diaspora Studies, Las Vegas, NV 89154 USA.",Univ Nevada Las Vegas," African Amer &amp; African
   Diaspora Studies", Las Vegas,1
116,FEMINIST MEDIA STUDIES,2016,36,2,"Pretty past it? Interrogating the post-feminist makeover of ageing,
   style, and fashion",1,1,"Univ Roehampton, Dept Media Culture &amp; Language,
   London, England.",Univ Roehampton, Dept Media Culture &amp; Language,"
   London",1
117,FEMINIST MEDIA STUDIES,2016,36,2,"Handover women: Hong Kong women filmmakers and the intergenerational
   melodrama of infidelity",1,1,"Univ Hong Kong, Dept Comparat Literature, Hong Kong,
   Hong Kong, Peoples R China.",Univ Hong Kong, Dept Comparat Literature, Hong Kong,1
118,FEMINIST MEDIA STUDIES,2016,36,2,Post-postfeminism?: new feminist visibilities in postfeminist times,1,1,"City Univ London, Dept Sociol, London, England.",City Univ London, Dept Sociol, London,1
119,FEMINIST MEDIA STUDIES,2016,36,2,"""Older-wiser-lesbians"" and ""baby-dykes"": mediating age and generation in
   New Queer Cinema",1,1,"Univ Gloucestershire, Ctr Women Ageing &amp; Media,
   Cheltenham, Glos, England.",Univ Gloucestershire, Ctr Women Ageing &amp; Media,"
   Cheltenham",1
120,FEMINIST MEDIA STUDIES,2016,36,2,Growing pains: feminisms and intergenerationality in digital games,2,2,"Univ Leicester, Dept Media &amp; Commun, Leicester, Leics,
   England.",Univ Leicester, Dept Media &amp; Commun, Leicester,1
121,FEMINIST MEDIA STUDIES,2016,36,2,Growing pains: feminisms and intergenerationality in digital games,2,2,"York Univ, Fac Educ Language Culture &amp; Teaching,
   Toronto, ON, Canada.",York Univ, Fac Educ Language Culture &amp; Teaching,"
   Toronto",1
122,FEMINIST MEDIA STUDIES,2016,36,2,"In the silences of a newsroom: age, generation, and sexism in the Indian
   television newsroom",1,1,"Tata Inst Social Sci, Womens Studies, Mumbai,
   Maharashtra, India.",Tata Inst Social Sci, Womens Studies, Mumbai,1
123,FEMINIST MEDIA STUDIES,2016,36,2,"Fifty shades of fandom: the intergenerational permeability of Twilight
   fan culture",1,1,"Univ British Columbia, Dept Hist, Vancouver, BC, Canada.",Univ British Columbia, Dept Hist, Vancouver,1
124,FEMINIST MEDIA STUDIES,2016,36,2,"Bridges, ladders, sparks, and glue: celebrating and problematizing
   ""girl-driven"" intergenerational feminist activism",2,2,"SPARK, Simsbury, CT 06070 USA.",SPARK, Simsbury, CT 06070 USA.,1
125,FEMINIST MEDIA STUDIES,2016,36,2,"Bridges, ladders, sparks, and glue: celebrating and problematizing
   ""girl-driven"" intergenerational feminist activism",2,2,"Colby Coll, Dept Educ, Waterville, ME 04901 USA.",Colby Coll, Dept Educ, Waterville,1
126,FEMINIST MEDIA STUDIES,2016,36,2,"The rhetoric of the mistake in adult narratives of youth sexuality: the
   case of Amanda Todd",1,1,"Carleton Univ, Sch Journalism &amp; Commun, Ottawa, ON,
   Canada.",Carleton Univ, Sch Journalism &amp; Commun, Ottawa,1
127,FEMINIST MEDIA STUDIES,2016,36,2,Free_CeCe: the material convergence of social media activism,1,1,"Univ Minnesota, Dept Commun Studies, Minneapolis, MN
   55455 USA.",Univ Minnesota, Dept Commun Studies, Minneapolis,1
128,FEMINIST MEDIA STUDIES,2016,36,2,"#BringBackOurGirls: digital communities supporting real-world change and
   influencing mainstream media agendas",1,1,"Utah State Univ, Dept Journalism &amp; Commun, Logan,
   UT 84322 USA.",Utah State Univ, Dept Journalism &amp; Commun, Logan,1
129,FEMINIST MEDIA STUDIES,2016,36,2,"""Hope in a hashtag"": the discursive activism of #WhyIStayed",1,1,"Univ Penn, Annenberg Sch Commun, Philadelphia, PA
   19104 USA.",Univ Penn, Annenberg Sch Commun, Philadelphia,1
130,FEMINIST MEDIA STUDIES,2016,36,2,"Cyberbullying, conflict management or just messing? Teenage girls'
   understandings and experiences of gender, friendship, and conflict on
   Facebook in an Irish second-level school",2,2,"Dublin City Univ, Sch Commun, Dublin, Ireland.",Dublin City Univ, Sch Commun, Dublin,1
131,FEMINIST MEDIA STUDIES,2016,36,2,"Cyberbullying, conflict management or just messing? Teenage girls'
   understandings and experiences of gender, friendship, and conflict on
   Facebook in an Irish second-level school",2,2,"Dublin City Univ, Sch Educ Studies, Dublin,
   Ireland.",Dublin City Univ, Sch Educ Studies, Dublin,1
132,FEMINIST MEDIA STUDIES,2016,36,2,Tinder and humanitarian hook-ups: the erotics of social media racism,1,1,"Brandon Univ, Dept Sociol &amp; Gender &amp; Womens
   Studies, Brandon, MB, Canada.",Brandon Univ," Dept Sociol &amp; Gender &amp; Womens
   Studies", Brandon,1
133,FEMINIST MEDIA STUDIES,2016,36,2,"The Golden Girls Live: residual television texts, participatory culture,
   and queering TV heritage through drag",1,1,"Univ Wisconsin, Dept Commun Arts, Madison, WI 53706
   USA.",Univ Wisconsin, Dept Commun Arts, Madison,1
134,FEMINIST MEDIA STUDIES,2016,36,2,"Public to private and back again: the role of politicians' wives in
   British election campaign coverage",1,1,"Univ Loughborough, Dept Social Sci, Loughborough, Leics,
   England.",Univ Loughborough, Dept Social Sci, Loughborough,1
135,FEMINIST MEDIA STUDIES,2016,36,2,The mommy wars: on the home front and waged abroad,2,2,"Univ Maryland, Philip Merrill Coll Journalism, College
   Pk, MD 20742 USA.",Univ Maryland, Philip Merrill Coll Journalism," College
   Pk",1
136,FEMINIST MEDIA STUDIES,2016,36,2,The mommy wars: on the home front and waged abroad,2,2,"Sapir Univ, Sch Commun, Sderot, Israel.",Sapir Univ, Sch Commun, Sderot,1
137,FEMINIST MEDIA STUDIES,2016,36,2,"History retweeting itself: imperial feminist appropriations of ""Bring
   Back Our Girls""",1,1,"Bowling Green State Univ, Amer Culture Studies, Bowling
   Green, OH 43403 USA.",Bowling Green State Univ, Amer Culture Studies," Bowling
   Green",1
138,FEMINIST MEDIA STUDIES,2016,36,2,"""Open to all and everybody""? The Irish Film Board: accounting for the
   scarcity of women screenwriters",1,1,"Univ Limerick, Mary Immaculate Coll, Dept Media &amp; Commun,
   Limerick, Ireland.",Univ Limerick, Mary Immaculate Coll, Dept Media &amp; Commun,1
139,FEMINIST MEDIA STUDIES,2016,36,2,"Rape culture and social media: young critics and a feminist
   counterpublic",1,7,"Univ
   Auckland, Sch Psychol, Auckland, New Zealand.","Univ
   Auckland", Sch Psychol, Auckland,7
140,FEMINIST MEDIA STUDIES,2016,36,2,"News media on trial: towards a feminist ethics of reporting footballer
   sexual assault trials",1,1,"Macquarie Univ, Dept Media Mus Commun &amp;
   Cultural Studies, Sydney, NSW, Australia.",Macquarie Univ," Dept Media Mus Commun &amp;
   Cultural Studies", Sydney,1
141,FEMINIST MEDIA STUDIES,2016,36,2,"Beyond the ""digital divide"": the ""computer girls"" of Seelampur",1,1,"Santa Clara Univ, Dept Commun, Santa Clara, CA 95053
   USA.",Santa Clara Univ, Dept Commun, Santa Clara,1
142,FEMINIST MEDIA STUDIES,2016,36,2,"""Granny"" au pairs in online French news media: a crueller shade of
   optimism?",1,1,"Norwegian Univ Sci &amp; Technol, Dept Language &amp;
   Literature, Dept Interdisciplinary Studies Culture, French Sect,Ctr
   Gender Studies, Trondheim, Norway.",Norwegian Univ Sci &amp; Technol," Dept Language &amp;
   Literature", Dept Interdisciplinary Studies Culture,1
143,FEMINIST MEDIA STUDIES,2016,36,2,"Transgression, embodiment, and gendered madness: reading Homeland and
   Enlightened through critical disability theory",1,1,"Arizona State Univ, Dept Gender Studies, Tempe, AZ
   85281 USA.",Arizona State Univ, Dept Gender Studies, Tempe,1
144,FEMINIST MEDIA STUDIES,2016,36,2,Comic revisions? Motherhood and women's comedy in contemporary Germany,1,1,"Maynooth Univ, Dept German, Maynooth, Co Kildare,
   Ireland.",Maynooth Univ, Dept German, Maynooth,1
145,FEMINIST MEDIA STUDIES,2016,36,2,"The ""smart"" body politics of Lena Dunham's Girls",1,1,"Univ New South Wales, Sch Arts &amp; Media, Sydney, NSW,
   Australia.",Univ New South Wales, Sch Arts &amp; Media, Sydney,1
146,FEMINIST MEDIA STUDIES,2016,36,2,"The help, unscripted: constructing the black revolutionary domestic in
   Afro-Brazilian media",2,2,"Univ Michigan, Dept Afroamer &amp; African Studies, Ann
   Arbor, MI 48109 USA.",Univ Michigan, Dept Afroamer &amp; African Studies," Ann
   Arbor",1
147,FEMINIST MEDIA STUDIES,2016,36,2,"The help, unscripted: constructing the black revolutionary domestic in
   Afro-Brazilian media",2,2,"Univ Michigan, Dept Commun Studies, Ann Arbor, MI
   48109 USA.",Univ Michigan, Dept Commun Studies, Ann Arbor,1
148,FEMINIST MEDIA STUDIES,2016,36,2,The (post-)feminist condition: women filmmakers in Spain,1,1,"Univ Leeds, Sch Languages Cultures &amp; Soc, Leeds, W
   Yorkshire, England.",Univ Leeds, Sch Languages Cultures &amp; Soc, Leeds,1
149,FEMINIST MEDIA STUDIES,2016,36,2,"Learning to listen: epistemic injustice and gothic film in dementia care
   education",1,1,"Macquarie Univ, Dept Media Mus Commun &amp; Cultural
   Studies, Sydney, NSW, Australia.",Macquarie Univ," Dept Media Mus Commun &amp; Cultural
   Studies", Sydney,1
150,FEMINIST MEDIA STUDIES,2016,36,2,(Un)doing feminism in (post)-Yugoslav media spaces,1,1,"Univ Banja Luka, Dept English, Banja Luka,
   Bosnia &amp; Herceg.",Univ Banja Luka, Dept English, Banja Luka,1
151,FEMINIST MEDIA STUDIES,2017,36,2,"Lemony Liz and likable Leslie: audience understandings of feminism,
   comedy, and gender in women-led television comedies",1,1,"Univ Missouri Columbia, Dept Sociol, Columbia, MO
   65211 USA.",Univ Missouri Columbia, Dept Sociol, Columbia,1
152,FEMINIST MEDIA STUDIES,2017,36,2,"Orange Is the New Black: the popularization of lesbian sexuality and
   heterosexual modes of viewing",1,1,"Concordia Univ, Dept Commun Studies, Montreal, PQ,
   Canada.",Concordia Univ, Dept Commun Studies, Montreal,1
153,FEMINIST MEDIA STUDIES,2017,36,2,"A queerly normalized Western lesbian imaginary: online Chinese fans'
   gossip about the Danish fashion model Freja Beha Erichsen",1,1,"Univ Warwick, Dept Film &amp; Televis Studies, Coventry,
   W Midlands, England.",Univ Warwick, Dept Film &amp; Televis Studies, Coventry,1
154,FEMINIST MEDIA STUDIES,2017,36,2,"Leave a comment: mommyblogs and the everyday struggle to reclaim
   parenthood",2,2,"Univ Maryland, Philip Merrill Coll Journalism, College
   Pk, MD 20742 USA.",Univ Maryland, Philip Merrill Coll Journalism," College
   Pk",1
155,FEMINIST MEDIA STUDIES,2017,36,2,"Leave a comment: mommyblogs and the everyday struggle to reclaim
   parenthood",2,2,"Depaul Univ, Coll Commun, Media Studies, Chicago,
   IL 60604 USA.",Depaul Univ, Coll Commun, Media Studies,1
156,FEMINIST MEDIA STUDIES,2017,36,2,MirrorCameraRoom: the gendered multi-(in) stabilities of the selfie,1,1,"Kwantlen Polytech Univ, Journalism &amp; Commun, Surrey,
   BC, Canada.",Kwantlen Polytech Univ, Journalism &amp; Commun, Surrey,1
157,FEMINIST MEDIA STUDIES,2017,36,2,Fifty shades of consent?,1,1,"Univ Virginia, Dept Sociol, Charlottesville, VA
   22903 USA.",Univ Virginia, Dept Sociol, Charlottesville,1
158,FEMINIST MEDIA STUDIES,2017,36,2,"Hashtags and hip-hop: exploring the online performances of hip-hop
   identified youth using Instagram",2,4,"Univ Kentucky,
   Educ Sch &amp; Counseling Psychol, Lexington, KY 40506 USA.",Univ Kentucky,"
   Educ Sch &amp; Counseling Psychol", Lexington,3
159,FEMINIST MEDIA STUDIES,2017,36,2,"Hashtags and hip-hop: exploring the online performances of hip-hop
   identified youth using Instagram",2,4,"Univ Kentucky, Gender &amp; Womens Studies, Lexington, KY
   USA.",Univ Kentucky, Gender &amp; Womens Studies, Lexington,1
160,FEMINIST MEDIA STUDIES,2017,36,2,"Cyborg witches: class composition and social reproduction in the
   GynePunk collective",1,1,"Brock Univ, Social Justice Res Inst, St Catharines,
   ON, Canada.",Brock Univ, Social Justice Res Inst, St Catharines,1
161,FEMINIST MEDIA STUDIES,2017,36,2,"A double-take on reality television: Laverne Cox's political and
   pedagogical gestural humor",1,1,"Univ Chicago, Dept Cinema &amp; Media Studies, Chicago, IL
   60637 USA.",Univ Chicago, Dept Cinema &amp; Media Studies, Chicago,1
162,FEMINIST MEDIA STUDIES,2017,36,2,"I want my Snooki: MTV's failed subjects and post-feminist ambivalence in
   and around the Jersey Shore",1,1,"Univ Ottawa, Inst Feminist &amp; Gender Studies,
   Ottawa, ON, Canada.",Univ Ottawa, Inst Feminist &amp; Gender Studies,"
   Ottawa",1
163,FEMINIST MEDIA STUDIES,2017,36,2,Barbie and the straight-to-DVD movie: pink post-feminist pedagogy,1,2,"Flinders Univ S Australia,
   Dept Screen &amp; Media, Adelaide, SA, Australia.",Flinders Univ S Australia,"
   Dept Screen &amp; Media", Adelaide,2
164,FEMINIST MEDIA STUDIES,2017,36,2,"""And she does it all in heels"": mothers in contemporary Israeli TV
   commercials",1,1,"Tel Aviv Univ, Dept Commun, Tel Aviv, Israel.",Tel Aviv Univ, Dept Commun, Tel Aviv,1
165,FEMINIST MEDIA STUDIES,2017,36,2,"Underneath we're angry: feminism and media politics in Britain in the
   late 1970s and early 1980s",1,1,"Tel Aviv Univ, Dept Art Hist, Tel Aviv, Israel.",Tel Aviv Univ, Dept Art Hist, Tel Aviv,1
166,FEMINIST MEDIA STUDIES,2017,36,2,"Schooling the public on boys: the ongoing salience in media
   representations of the ""crisis"" in boys' education",4,5,"Univ Adelaide, Dept Gender Studies &amp;
   Social Anal, Adelaide, SA, Australia.",Univ Adelaide," Dept Gender Studies &amp;
   Social Anal", Adelaide,2
167,FEMINIST MEDIA STUDIES,2017,36,2,"Schooling the public on boys: the ongoing salience in media
   representations of the ""crisis"" in boys' education",4,5,"Univ Adelaide, Fay Gale Ctr Res Gender, Adelaide, SA,
   Australia.",Univ Adelaide, Fay Gale Ctr Res Gender, Adelaide,1
168,FEMINIST MEDIA STUDIES,2017,36,2,"Schooling the public on boys: the ongoing salience in media
   representations of the ""crisis"" in boys' education",4,5,"Univ Adelaide, English &amp; Creat Writing, Adelaide, SA,
   Australia.",Univ Adelaide, English &amp; Creat Writing, Adelaide,1
169,FEMINIST MEDIA STUDIES,2017,36,2,"Schooling the public on boys: the ongoing salience in media
   representations of the ""crisis"" in boys' education",4,5,"Univ Adelaide, Dept Psychol, Adelaide, SA,
   Australia.",Univ Adelaide, Dept Psychol, Adelaide,1
170,FEMINIST MEDIA STUDIES,2017,36,2,"Is Debbie Does Dallas dangerous? Representations of cheerleading in
   pornography and some possible effects",1,1,"Univ New South Wales, Sch Arts &amp; Media, Sydney, NSW,
   Australia.",Univ New South Wales, Sch Arts &amp; Media, Sydney,1
171,FEMINIST MEDIA STUDIES,2017,36,2,"Claudia Jones speaks to ""half the world"": gendering Cold War politics in
   the Daily Worker, 1950-1953",1,1,"Univ Missouri, Sch Journalism, Columbia, MO 65211 USA.",Univ Missouri, Sch Journalism, Columbia,1
172,FEMINIST MEDIA STUDIES,2017,36,2,Lesbian brides: post-queer popular culture,2,2,"Univ Lancaster, Dept Sociol, Gender Media &amp;
   Cultural Studies, Lancaster, England.",Univ Lancaster, Dept Sociol," Gender Media &amp;
   Cultural Studies",1
173,FEMINIST MEDIA STUDIES,2017,36,2,Lesbian brides: post-queer popular culture,2,2,"Univ Lancaster, Dept Sociol, Sociol, Lancaster, England.",Univ Lancaster, Dept Sociol, Sociol,1
174,FEMINIST MEDIA STUDIES,2017,36,2,"Countering technocracy: ""natural"" birth in The Business of Being Born
   and Call the Midwife",1,1,"Univ Calif Riverside, Gender &amp; Sexual Studies,
   Riverside, CA 92521 USA.",Univ Calif Riverside, Gender &amp; Sexual Studies,"
   Riverside",1
175,FEMINIST MEDIA STUDIES,2017,36,2,"Times for birth: chronic and kairotic mediated temporalities in TLC's A
   Baby Story",1,1,"North Carolina State Univ, Dept Commun, Raleigh, NC
   27695 USA.",North Carolina State Univ, Dept Commun, Raleigh,1
176,FEMINIST MEDIA STUDIES,2017,36,2,"""It's (not) handled"": race, gender, and refraction in Scandal",2,2,"Univ Utah, Dept Commun, Salt Lake City, UT 84112
   USA.",Univ Utah, Dept Commun, Salt Lake City,1
177,FEMINIST MEDIA STUDIES,2017,36,2,"""It's (not) handled"": race, gender, and refraction in Scandal",2,2,"Marymount Univ, Dept Commun, Commun, Arlington, VA
   USA.",Marymount Univ, Dept Commun, Commun,1
178,FEMINIST MEDIA STUDIES,2017,36,2,"From first daughter to first lady to first woman president: Park
   Geun-Hye's path to the South Korean presidency",1,1,"Univ Missouri, Dept Polit Sci, Polit Sci, St Louis, MO
   63121 USA.",Univ Missouri, Dept Polit Sci, Polit Sci,1
179,FEMINIST MEDIA STUDIES,2017,36,2,"Dingo media? The persistence of the ""trial by media"" frame in popular,
   media, and academic evaluations of the Azaria Chamberlain case",1,1,"Univ Technol, Sch Commun, Commun, Sydney, NSW,
   Australia.",Univ Technol, Sch Commun, Commun,1
180,FEMINIST MEDIA STUDIES,2017,36,2,"Constructing risk and responsibility: a gender, race, and class analysis
   of news representations of adolescent sexuality",2,4,"CUNY,
   Grad Ctr, Crit Social Personal Psychol, New York, NY 10021 USA.",CUNY,"
   Grad Ctr", Crit Social Personal Psychol,3
181,FEMINIST MEDIA STUDIES,2017,36,2,"Constructing risk and responsibility: a gender, race, and class analysis
   of news representations of adolescent sexuality",2,4,"CUNY Hunter Coll, Sch Social Work, New York, NY
   10021 USA.",CUNY Hunter Coll, Sch Social Work, New York,1
182,FEMINIST MEDIA STUDIES,2017,36,2,"""The devil destroyed us"": Satanism and gender violence in South Africa",1,1,"Univ Witwatersrand, Dept Media Studies, Media Studies,
   Johannesburg, South Africa.",Univ Witwatersrand, Dept Media Studies, Media Studies,1
183,FEMINIST MEDIA STUDIES,2017,36,2,"Beyond bruised faces and invisible men? Changes in social advertising on
   male violence against women in Italy",2,2,"Univ Rome Tre, Dept Philosophy Commun &amp; Performing
   Arts, Rome, Italy.",Univ Rome Tre," Dept Philosophy Commun &amp; Performing
   Arts", Rome,1
184,FEMINIST MEDIA STUDIES,2017,36,2,"Beyond bruised faces and invisible men? Changes in social advertising on
   male violence against women in Italy",2,2,"Univ Milano Bicocca, Dept Sociol &amp; Social Res,
   Milan, Italy.",Univ Milano Bicocca, Dept Sociol &amp; Social Res,"
   Milan",1
185,FEMINIST MEDIA STUDIES,2017,36,2,"Sexy women sports fans: femininity, sexuality, and the global sport
   spectacle",1,1,"Deakin Univ, Humanities &amp; Social Sci, Burwood,
   Australia.",Deakin Univ, Humanities &amp; Social Sci, Burwood,1
186,FEMINIST MEDIA STUDIES,2017,36,2,"Working it: the professionalization of amateurism in digital adult
   entertainment",1,1,"Univ Massachusetts Amherst, Dept Commun, Amherst,
   MA 01003 USA.",Univ Massachusetts Amherst, Dept Commun, Amherst,1
187,FEMINIST MEDIA STUDIES,2017,36,2,"Puberty Blues-then and now: diffracting semblances of being girl in
   Australia",1,1,"Monash Univ, Dept Educ, Visual Art &amp; Media Educ,
   Clayton, Vic, Australia.",Monash Univ, Dept Educ, Visual Art &amp; Media Educ,1
188,FEMINIST MEDIA STUDIES,2017,36,2,"Broadening the scope of ageing femininities on TV: the evolution of the
   older woman in two contemporary Catalan soap operas",1,2,"Univ Lleida, Dept English &amp;
   Linguist, Catalonia, Spain.",Univ Lleida," Dept English &amp;
   Linguist", Catalonia,2
189,FEMINIST MEDIA STUDIES,2017,36,2,"At home with their queerness: same-sex relationality and the Indian
   family in advertising media",1,1,"Deakin Univ, Contemporary Hist, Melbourne, Vic, Australia.",Deakin Univ, Contemporary Hist, Melbourne,1
190,FEMINIST MEDIA STUDIES,2017,36,2,"""I Am ..."": Caitlyn Jenner, Jazz Jennings and the cultural politics of
   transgender celebrity",2,2,"Univ East Anglia, Sch Art Media &amp; Amer Studies,
   Norwich, Norfolk, England.",Univ East Anglia, Sch Art Media &amp; Amer Studies,"
   Norwich",1
191,FEMINIST MEDIA STUDIES,2017,36,2,"""I Am ..."": Caitlyn Jenner, Jazz Jennings and the cultural politics of
   transgender celebrity",2,2,"Cardiff Metropolitan Univ, Sch Educ, Dept
   Humanities, Cardiff, S Glam, Wales.",Cardiff Metropolitan Univ, Sch Educ," Dept
   Humanities",1
192,FEMINIST MEDIA STUDIES,2017,36,2,"How to make victory rolls: gender, memory, and the counterarchive in
   YouTube pinup hair tutorials",1,1,"Massey Univ, Coll Creat Arts, Sch Design, Wellington, New
   Zealand.",Massey Univ, Coll Creat Arts, Sch Design,1
193,FEMINIST MEDIA STUDIES,2017,36,2,"Posing as art: the ambiguities of feminist body art and the
   misclassification of Natacha Merritt's pornographic photographs",1,1,"Glasgow Sch Art, Fine Art Crit Studies, Glasgow, Lanark,
   Scotland.",Glasgow Sch Art, Fine Art Crit Studies, Glasgow,1
194,FEMINIST MEDIA STUDIES,2017,36,2,"Autopornography and the struggle for the recognition of a sexual
   subjectivity: a theoretical analysis from Loree Erickson's testimony in
   The Feminist Porn Book",1,1,"Univ Quebec Montreal, Sexol Dept, Montreal, PQ, Canada.",Univ Quebec Montreal, Sexol Dept, Montreal,1
195,FEMINIST MEDIA STUDIES,2017,36,2,"#iamafeminist as the ""mother tag"": feminist identification and activism
   against misogyny on Twitter in South Korea",1,1,"Univ Texas Austin, Dept Radio Televis Film, Austin, TX
   78712 USA.",Univ Texas Austin, Dept Radio Televis Film, Austin,1
196,FEMINIST MEDIA STUDIES,2017,36,2,"Between conformity and transgression: Chinese women's gendered discourse
   of fan authenticity for European football",1,1,"Univ Massachusetts Amherst, Dept Commun, Amherst, MA 01003
   USA.",Univ Massachusetts Amherst, Dept Commun, Amherst,1
197,FEMINIST MEDIA STUDIES,2017,36,2,Feminine or feminist? Women's media leadership,1,1,"Maynooth Univ, Dept Media Studies, Maynooth, Kildare,
   Ireland.",Maynooth Univ, Dept Media Studies, Maynooth,1
198,FEMINIST MEDIA STUDIES,2017,36,2,The female antihero and police power in FX's Justified,1,2,"Univ Colorado Denver, Dept English,
   Denver, CO 80204 USA.",Univ Colorado Denver, Dept English,"
   Denver",2
199,FEMINIST MEDIA STUDIES,2017,36,2,Argumentum ad misericordiam: the cultural politics of victim media,1,1,"Univ Sussex, Sch Media Film &amp; Mus, Brighton, E Sussex,
   England.",Univ Sussex, Sch Media Film &amp; Mus, Brighton,1
200,FEMINIST MEDIA STUDIES,2017,36,2,Affective encounters: tools of interruption for activist media practices,2,2,"Univ Texas Austin, Ctr Women &amp; Gender Studies, Austin,
   TX 78712 USA.",Univ Texas Austin, Ctr Women &amp; Gender Studies, Austin,1
201,FEMINIST MEDIA STUDIES,2017,36,2,Affective encounters: tools of interruption for activist media practices,2,2,"Univ Utrecht, Dept Media &amp; Culture Studies,
   Utrecht, Netherlands.",Univ Utrecht, Dept Media &amp; Culture Studies,"
   Utrecht",1
202,FEMINIST MEDIA STUDIES,2017,36,2,"The mediatized border: technologies and affects of migrant reception in
   the Greek and Italian borders",2,2,"London Sch Econ &amp; Polit Sci, Dept Media &amp; Commun,
   London, England.",London Sch Econ &amp; Polit Sci, Dept Media &amp; Commun,"
   London",1
203,FEMINIST MEDIA STUDIES,2017,36,2,"The mediatized border: technologies and affects of migrant reception in
   the Greek and Italian borders",2,2,"Univ Bologna, Dept Sociol &amp; Business Law, Bologna,
   Italy.",Univ Bologna, Dept Sociol &amp; Business Law, Bologna,1
204,FEMINIST MEDIA STUDIES,2017,36,2,"The grand interruption: death online and mediated lifelines of shared
   vulnerability",2,2,"Stockholm Univ, Dept Media Studies, Stockholm,
   Sweden.",Stockholm Univ, Dept Media Studies, Stockholm,1
205,FEMINIST MEDIA STUDIES,2017,36,2,"The grand interruption: death online and mediated lifelines of shared
   vulnerability",2,2,"Swedish Media Council, Res &amp; Anal Dept, Stockholm,
   Sweden.",Swedish Media Council, Res &amp; Anal Dept, Stockholm,1
206,FEMINIST MEDIA STUDIES,2017,36,2,"Bystander intervention, feminist hashtag activism, and the anti-carceral
   politics of care",1,1,"McGill Univ, Inst Gender Sexual &amp; Feminist
   Studies, Dept Art Hist &amp; Commun Studies, Montreal, PQ, Canada.",McGill Univ," Inst Gender Sexual &amp; Feminist
   Studies", Dept Art Hist &amp; Commun Studies,1
207,FEMINIST MEDIA STUDIES,2017,36,2,"White noise, white affects: filtering the sameness of queer suffering",2,2,"Univ Toronto, Inst Commun Culture Informat &amp; Technol,
   Mississauga, ON, Canada.",Univ Toronto, Inst Commun Culture Informat &amp; Technol,"
   Mississauga",1
208,FEMINIST MEDIA STUDIES,2017,36,2,"White noise, white affects: filtering the sameness of queer suffering",2,2,"Univ Mississauga, Dept Sociol, Mississauga, ON, Canada.",Univ Mississauga, Dept Sociol, Mississauga,1
209,FEMINIST MEDIA STUDIES,2017,36,2,"Affective radicality: prisons, Palestine, and interactive documentary",1,1,"Misericordia Univ, Dept Fine Arts, Film &amp; Visual Media,
   Dallas, PA 18612 USA.",Misericordia Univ, Dept Fine Arts, Film &amp; Visual Media,1
210,FEMINIST MEDIA STUDIES,2017,36,2,"No happy returns: aesthetics, labor, and affect in Julie Dash's
   experimental short film, Four Women (1975)",1,1,"McGill Univ, Art Hist &amp; Commun Studies, Montreal, PQ,
   Canada.",McGill Univ, Art Hist &amp; Commun Studies, Montreal,1
211,FEMINIST MEDIA STUDIES,2017,36,2,"The aesthetics of stealth: towards an activist philosophy of
   becoming-imperceptible in contemporary media",1,1,"Univ Amsterdam, Dept Media Studies, Amsterdam, Netherlands.",Univ Amsterdam, Dept Media Studies, Amsterdam,1
212,FEMINIST MEDIA STUDIES,2017,36,2,A vocabulary of revolutionary gestures: standing still,1,Manually,No Address,No UNAME_1,No UNAME_2,No UNAME_3,Manually
213,FEMINIST MEDIA STUDIES,2017,36,2,"Affect bleeds in feminist networks: an ""essay"" in six parts",1,1,"Brooklyn Coll, Film Dept, New York, NY 11210 USA.",Brooklyn Coll, Film Dept, New York,1
214,FEMINIST MEDIA STUDIES,2017,36,2,"The best friend, the boyfriend, other girls, hot guys, and creeps: the
   relational production of self on Tumblr",1,1,"Univ Newcastle, Sch Social Sci &amp; Humanities, Sociol &amp;
   Anthropol, Callaghan, NSW, Australia.",Univ Newcastle, Sch Social Sci &amp; Humanities," Sociol &amp;
   Anthropol",1
215,FEMINIST MEDIA STUDIES,2017,36,2,"Media framing of trolling and online abuse: silencing strategies,
   symbolic violence, and victim blaming",2,2,"Loughborough Univ Technol, Dept Social Sci,
   Loughborough, Leics, England.",Loughborough Univ Technol, Dept Social Sci,"
   Loughborough",1
216,FEMINIST MEDIA STUDIES,2017,36,2,"Media framing of trolling and online abuse: silencing strategies,
   symbolic violence, and victim blaming",2,2,"Univ Aberdeen, Ctr Gender Studies, Hlth Serv Res Unit,
   Aberdeen, Scotland.",Univ Aberdeen, Ctr Gender Studies, Hlth Serv Res Unit,1
217,FEMINIST MEDIA STUDIES,2017,36,2,"(Un)ethical practices: intimacy and Internet in the media coverage of
   the Ashley Madison hack",1,1,"Univ Lancaster, Dept Sociol, Lancaster, England.",Univ Lancaster, Dept Sociol, Lancaster,1
218,FEMINIST MEDIA STUDIES,2017,36,2,Happily (n)ever after: the cruel optimism of Disney's romantic ideal,2,2,"Georgia Southern Univ, Dept Teaching &amp; Learning,
   Educ, Statesboro, GA 30460 USA.",Georgia Southern Univ, Dept Teaching &amp; Learning,"
   Educ",1
219,FEMINIST MEDIA STUDIES,2017,36,2,Happily (n)ever after: the cruel optimism of Disney's romantic ideal,2,2,"Arizona State Univ, Sch Social Transformat,
   Tempe, AZ USA.",Arizona State Univ, Sch Social Transformat,"
   Tempe",1
220,FEMINIST MEDIA STUDIES,2017,36,2,"Photos of breastfeeding in uniform: contesting discourses of
   masculinity, nationalism, and the military",1,1,"Temple Univ, Media &amp; Commun Doctoral Program,
   Philadelphia, PA 19122 USA.",Temple Univ, Media &amp; Commun Doctoral Program,"
   Philadelphia",1
221,FEMINIST MEDIA STUDIES,2017,36,2,"Location shooting in ""the Wild East"": risk and masculinity in Hollywood
   productions in the Philippines",1,1,"Univ Calif Los Angeles, Dept Film Televis &amp;
   Digital Media, Los Angeles, CA 90095 USA.",Univ Calif Los Angeles," Dept Film Televis &amp;
   Digital Media", Los Angeles,1
222,FEMINIST MEDIA STUDIES,2017,36,2,"Whose sexuality is it anyway? Women's experiences of viewing lesbians on
   screen",2,2,"Northumbria Univ, Humanities Dept, Newcastle, England.",Northumbria Univ, Humanities Dept, Newcastle,1
223,FEMINIST MEDIA STUDIES,2017,36,2,"Whose sexuality is it anyway? Women's experiences of viewing lesbians on
   screen",2,2,"Northumbria Univ, Dept Social Sci, Sociol, Newcastle,
   England.",Northumbria Univ, Dept Social Sci, Sociol,1
224,FEMINIST MEDIA STUDIES,2017,36,2,"The Real Housewives, gendered affluence, and the rise of the docusoap",2,2,"Miami Univ, Dept Media Journalism &amp; Film, Oxford, OH
   45056 USA.",Miami Univ, Dept Media Journalism &amp; Film, Oxford,1
225,FEMINIST MEDIA STUDIES,2017,36,2,"The Real Housewives, gendered affluence, and the rise of the docusoap",2,2,"Univ Massachusetts, Dept Commun, Amherst, MA 01003 USA.",Univ Massachusetts, Dept Commun, Amherst,1
226,FEMINIST MEDIA STUDIES,2017,36,2,"A critical examination of visualized femininity: selective inheritance
   and intensification of gender posing from historical painting to
   contemporary advertising",1,2,"SUNY Coll Geneseo, Dept Commun,
   Geneseo, NY 14454 USA.",SUNY Coll Geneseo, Dept Commun,"
   Geneseo",2
227,FEMINIST MEDIA STUDIES,2017,36,2,"Media Action Research Group: toward an antiauthoritarian profeminist
   media research methodology",1,4,"Lakehead Univ, Interdisciplinary Studies, Orillia, ON, Canada.",Lakehead Univ, Interdisciplinary Studies, Orillia,4
228,FEMINIST MEDIA STUDIES,2017,36,2,"Mad/Fat/Diary: exploring contemporary feminist thought through My Mad
   Fat Diary",1,1,"Ryerson Univ, Sch Social Work, Toronto, ON, Canada.",Ryerson Univ, Sch Social Work, Toronto,1
229,FEMINIST MEDIA STUDIES,2017,36,2,"Political battlefield: aggressive metaphors, gender, and power in news
   coverage of Canadian party leadership contests",4,5,"Queens Univ, Dept Polit Studies, Kingston, ON, Canada.",Queens Univ, Dept Polit Studies, Kingston,1
230,FEMINIST MEDIA STUDIES,2017,36,2,"Political battlefield: aggressive metaphors, gender, and power in news
   coverage of Canadian party leadership contests",4,5,"Univ Alberta, Dept Polit Sci, Edmonton,
   AB, Canada.",Univ Alberta, Dept Polit Sci, Edmonton,2
231,FEMINIST MEDIA STUDIES,2017,36,2,"Political battlefield: aggressive metaphors, gender, and power in news
   coverage of Canadian party leadership contests",4,5,"McGill Univ, Dept Polit Sci, Montreal, PQ, Canada.",McGill Univ, Dept Polit Sci, Montreal,1
232,FEMINIST MEDIA STUDIES,2017,36,2,"Political battlefield: aggressive metaphors, gender, and power in news
   coverage of Canadian party leadership contests",4,5,"Univ Winnipeg, Dept Polit Studies, Winnipeg, MB,
   Canada.",Univ Winnipeg, Dept Polit Studies, Winnipeg,1
233,FEMINIST MEDIA STUDIES,2018,36,2,"Cougars or kittens? The representation of celebrity cougars and their
   toyboys in gossip media",1,1,"Erasmus Univ, Erasmus Res Ctr Media Commun &amp; Culture
   ERMeCC, Rotterdam, Netherlands.",Erasmus Univ," Erasmus Res Ctr Media Commun &amp; Culture
   ERMeCC", Rotterdam,1
234,FEMINIST MEDIA STUDIES,2018,36,2,"Invisible golden girls? Post-feminist discourses and female ageing
   bodies in contemporary television fiction",1,1,"Univ Ghent, Dept Commun Sci, Ghent, Belgium.",Univ Ghent, Dept Commun Sci, Ghent,1
235,FEMINIST MEDIA STUDIES,2018,36,2,"Women, ageing, and Hip Hop: discourses and imageries of ageing
   femininity",1,1,"Univ Leeds, Sch Performance &amp; Cultural Ind, Leeds, W
   Yorkshire, England.",Univ Leeds, Sch Performance &amp; Cultural Ind, Leeds,1
236,FEMINIST MEDIA STUDIES,2018,36,2,"#BlackDontCrack: a content analysis of the aging Black woman in social
   media",1,1,"Wingate Univ, Sociol, Wingate, NC 28174 USA.",Wingate Univ, Sociol, Wingate,1
237,FEMINIST MEDIA STUDIES,2018,36,2,"Visibly ageing femininities: women's visual discourses of being over-40
   and over-50 on Instagram",2,2,"Aarhus Univ, Sch Commun &amp; Culture Informat Sci,
   Aarhus, Denmark.",Aarhus Univ, Sch Commun &amp; Culture Informat Sci,"
   Aarhus",1
238,FEMINIST MEDIA STUDIES,2018,36,2,"Visibly ageing femininities: women's visual discourses of being over-40
   and over-50 on Instagram",2,2,"Tallinn Univ, Inst Social Studies, Balt Film Media
   Arts &amp; Commun Sch, Tallinn, Estonia.",Tallinn Univ, Inst Social Studies," Balt Film Media
   Arts &amp; Commun Sch",1
239,FEMINIST MEDIA STUDIES,2018,36,2,"Visibility patterns of gendered ageism in the media buzz: a study of the
   representation of gender and age over three decades",1,1,"Univ Gothenburg, Dept Journalism Media &amp; Commun,
   Gothenburg, Sweden.",Univ Gothenburg, Dept Journalism Media &amp; Commun,"
   Gothenburg",1
240,FEMINIST MEDIA STUDIES,2018,36,2,Iron lady to old lady: the neutering of James Bond's M,1,1,"Natl Univ Singapore, Dept English Language &amp; Literature,
   Singapore, Singapore.",Natl Univ Singapore, Dept English Language &amp; Literature,"
   Singapore",1
241,FEMINIST MEDIA STUDIES,2018,36,2,"The quiver is full: metonymy and affiliation in 19 Kids and Counting's
   depiction of pregnancy loss in advanced maternal age",2,2,"Kansas State Univ, Dept Commun Studies,
   Manhattan, KS 66506 USA.",Kansas State Univ, Dept Commun Studies,"
   Manhattan",1
242,FEMINIST MEDIA STUDIES,2018,36,2,"The quiver is full: metonymy and affiliation in 19 Kids and Counting's
   depiction of pregnancy loss in advanced maternal age",2,2,"North Carolina State Univ, Dept Commun, Raleigh, NC
   27695 USA.",North Carolina State Univ, Dept Commun, Raleigh,1
243,FEMINIST MEDIA STUDIES,2018,36,2,"Mumbling Beauty: Louise Bourgeois-portraits of the artist as a much
   older woman",2,2,"Maastricht Univ UM, CGD, Fac Arts &amp; Social Sci FASoS,
   Maastricht, Netherlands.",Maastricht Univ UM, CGD, Fac Arts &amp; Social Sci FASoS,1
244,FEMINIST MEDIA STUDIES,2018,36,2,"Mumbling Beauty: Louise Bourgeois-portraits of the artist as a much
   older woman",2,2,"Maastricht Univ UM, Dept Literature &amp; Art, Fac Arts &amp;
   Social Sci FASoS, Maastricht, Netherlands.",Maastricht Univ UM, Dept Literature &amp; Art," Fac Arts &amp;
   Social Sci FASoS",1
245,FEMINIST MEDIA STUDIES,2018,36,2,"Gender trouble in the workplace: applying Judith Butler's theory of
   performativity to news organizations",2,2,"Univ Missouri, Sch Journalism, Columbia, MO 65211 USA.",Univ Missouri, Sch Journalism, Columbia,1
246,FEMINIST MEDIA STUDIES,2018,36,2,"Gender trouble in the workplace: applying Judith Butler's theory of
   performativity to news organizations",2,2,"South Dakota State Univ, Journalism &amp; Mass Commun,
   Brookings, SD 57007 USA.",South Dakota State Univ, Journalism &amp; Mass Commun,"
   Brookings",1
247,FEMINIST MEDIA STUDIES,2018,36,2,"Gendering of success: fashion designers in designer stories in the
   Finnish lifestyle magazine Gloria",2,2,"Univ Tampere, Sch Commun Media &amp; Theatre, Tampere,
   Finland.",Univ Tampere, Sch Commun Media &amp; Theatre, Tampere,1
248,FEMINIST MEDIA STUDIES,2018,36,2,"Gendering of success: fashion designers in designer stories in the
   Finnish lifestyle magazine Gloria",2,2,"Univ Vaasa, English Studies, Vaasa, Finland.",Univ Vaasa, English Studies, Vaasa,1
249,FEMINIST MEDIA STUDIES,2018,36,2,Tedious: feminized labor in machine-readable cataloging,1,1,"Univ Toronto, Fac Informat, Toronto, ON, Canada.",Univ Toronto, Fac Informat, Toronto,1
250,FEMINIST MEDIA STUDIES,2018,36,2,Babes in tech land: expo labor as capitalist technology's erotic body,1,1,"McGill Univ, Dept Art Hist &amp; Commun Studies, Montreal,
   PQ, Canada.",McGill Univ, Dept Art Hist &amp; Commun Studies, Montreal,1
251,FEMINIST MEDIA STUDIES,2018,36,2,The fetish of the click: a small history of the computer mouse as vulva,1,1,"Univ North Carolina Chapel Hill, Dept Commun, Durham, NC 27707
   USA.",Univ North Carolina Chapel Hill, Dept Commun, Durham,1
252,FEMINIST MEDIA STUDIES,2018,36,2,"Of Internet born: idolatry, the Slender Man meme, and the feminization
   of digital spaces",1,1,"Univ Georgia, Grady Coll Journalism &amp; Mass Commun,
   Athens, GA 30602 USA.",Univ Georgia, Grady Coll Journalism &amp; Mass Commun,"
   Athens",1
253,FEMINIST MEDIA STUDIES,2018,36,2,"Queer (in)frequencies: SiriusXM's OutQ and the limits of queer listening
   publics",1,1,"Univ Colorado, Dept Commun, Denver, CO 80202
   USA.",Univ Colorado, Dept Commun, Denver,1
254,FEMINIST MEDIA STUDIES,2018,36,2,"Pleasurable critiques: feminist viewership and criticism in Feminist
   Frequency, Jezebel, and Rosie Recaps",1,1,"Curtin Univ, Sch Media Culture &amp; Creat Arts, Bentley,
   WA, Australia.",Curtin Univ, Sch Media Culture &amp; Creat Arts, Bentley,1
255,FEMINIST MEDIA STUDIES,2018,36,2,"Having it both ways: Two and a Half Men, Entourage, and televising
   post-feminist masculinity",1,1,"Merrimack Coll, Commun &amp; Media, N Andover, MA 01845
   USA.",Merrimack Coll, Commun &amp; Media, N Andover,1
256,FEMINIST MEDIA STUDIES,2018,36,2,"The sexual politics of veggies: Beyonce's ""commodity veg*ism""",2,2,"Goldsmiths Univ London, Dept Media &amp; Commun, London,
   England.",Goldsmiths Univ London, Dept Media &amp; Commun, London,1
257,FEMINIST MEDIA STUDIES,2018,36,2,"The sexual politics of veggies: Beyonce's ""commodity veg*ism""",2,2,"Royal Holloway Univ London, Management Dept, Egham,
   Surrey, England.",Royal Holloway Univ London, Management Dept, Egham,1
258,FEMINIST MEDIA STUDIES,2018,36,2,"#wheresRey: feminism, protest, and merchandising sexism in Star Wars:
   The Force Awakens",1,1,"Bowling Green State Univ, Dept Popular Culture,
   Toledo, OH 43403 USA.",Bowling Green State Univ, Dept Popular Culture,"
   Toledo",1
259,FEMINIST MEDIA STUDIES,2018,36,2,"Doing and denying sexism: online responses to a New Zealand feminist
   campaign against sexist advertising",1,3,"Univ Auckland,
   Sch Psychol, Auckland, New Zealand.",Univ Auckland,"
   Sch Psychol", Auckland,3
260,FEMINIST MEDIA STUDIES,2018,36,2,"Too sexy too soon, or just another moral panic? Sexualization, children,
   and ""technopanics"" in the Australian media 2004-2015",1,1,"Univ Canberra, Fac Arts &amp; Design, Canberra,
   ACT, Australia.",Univ Canberra, Fac Arts &amp; Design, Canberra,1
261,FEMINIST MEDIA STUDIES,2018,36,2,Superheroes and third-wave feminism,2,2,"Univ Auckland, Media &amp; Commun, Auckland, New Zealand.",Univ Auckland, Media &amp; Commun, Auckland,1
262,FEMINIST MEDIA STUDIES,2018,36,2,Superheroes and third-wave feminism,2,2,"Univ Southampton, Winchester Sch Art, Digital Polit
   Commun, Winchester, Hants, England.",Univ Southampton, Winchester Sch Art," Digital Polit
   Commun",1
263,FEMINIST MEDIA STUDIES,2018,36,2,"Sadistic scopophilia in contemporary rape culture: I Spit On Your Grave
   (2010) and the practice of ""media rape""",1,1,"Univ Sussex, Sch Media Film &amp; Mus, Brighton, E
   Sussex, England.",Univ Sussex, Sch Media Film &amp; Mus, Brighton,1
264,FEMINIST MEDIA STUDIES,2018,36,2,"Towards an audiovisual archaeology of reproduction: gestures of migrant
   sex work in contemporary European cinema",1,1,"Univ Leicester, Hist Art &amp; Film, Leicester, Leics,
   England.",Univ Leicester, Hist Art &amp; Film, Leicester,1
265,FEMINIST MEDIA STUDIES,2018,36,2,"""Come on, [...] let's go find your inner princess"": (post-)feminist
   generationalism in tween fairy tales",1,1,"Univ Leicester, Sch Media Commun &amp; Sociol, Leicester,
   Leics, England.",Univ Leicester, Sch Media Commun &amp; Sociol, Leicester,1
266,FEMINIST MEDIA STUDIES,2018,36,2,"The faces of local TV news in America: youth, whiteness, and gender
   disparities in station publicity photos",2,5,"Univ Texas Austin, Sch Journalism, Austin, TX 78712
   USA.",Univ Texas Austin, Sch Journalism, Austin,4
267,FEMINIST MEDIA STUDIES,2018,36,2,"The faces of local TV news in America: youth, whiteness, and gender
   disparities in station publicity photos",2,5,"Eastern Univ, Dept Commun Studies, Philadelphia, PA USA.",Eastern Univ, Dept Commun Studies, Philadelphia,1
268,FEMINIST MEDIA STUDIES,2018,36,2,"Sex/love skirmishes: ""swinging,"" ""polyamory,"" and the politics of naming",1,1,"Univ Sydney, Sch Philosoph &amp; Hist Inquiry, Dept
   Gender &amp; Cultural Studies, Sydney, NSW, Australia.",Univ Sydney, Sch Philosoph &amp; Hist Inquiry," Dept
   Gender &amp; Cultural Studies",1
269,FEMINIST MEDIA STUDIES,2018,36,2,"Is fantasy just fantasy? An ethnography of female fanship: viewing Sex
   and the City",1,1,"Jinan Univ, Shenzhen Tourism Coll, Dept English,
   Shenzhen, Peoples R China.",Jinan Univ, Shenzhen Tourism Coll, Dept English,1
270,FEMINIST MEDIA STUDIES,2018,36,2,"Attack of the 50-foot social justice warrior: the discursive
   construction of SJW memes as the monstrous feminine",2,2,"Univ Illinois, Dept Commun, Chicago, IL 60607
   USA.",Univ Illinois, Dept Commun, Chicago,1
271,FEMINIST MEDIA STUDIES,2018,36,2,"Attack of the 50-foot social justice warrior: the discursive
   construction of SJW memes as the monstrous feminine",2,2,"Univ Georgia, Grady Coll Journalism &amp; Mass Commun,
   Entertainment &amp; Media Studies, Athens, GA 30602 USA.",Univ Georgia, Grady Coll Journalism &amp; Mass Commun,"
   Entertainment &amp; Media Studies",1
272,FEMINIST MEDIA STUDIES,2018,36,2,"Drinking male tears: language, the manosphere, and networked harassment",3,3,"Data &amp; Soc Res Inst, Media Manipulat Initiat, New
   York, NY 10011 USA.",Data &amp; Soc Res Inst, Media Manipulat Initiat," New
   York",1
273,FEMINIST MEDIA STUDIES,2018,36,2,"Drinking male tears: language, the manosphere, and networked harassment",3,3,"Data &amp; Soc Res Inst, New York, NY 10011 USA.",Data &amp; Soc Res Inst, New York, NY 10011 USA.,1
274,FEMINIST MEDIA STUDIES,2018,36,2,"Drinking male tears: language, the manosphere, and networked harassment",3,3,"Univ N Carolina, Dept Commun, Chapel Hill, NC 27515
   USA.",Univ N Carolina, Dept Commun, Chapel Hill,1
275,FEMINIST MEDIA STUDIES,2018,36,2,A media archaeology of the creepshot,1,2,"Univ Melbourne, Sch Social &amp; Polit
   Sci, Melbourne, Vic, Australia.",Univ Melbourne," Sch Social &amp; Polit
   Sci", Melbourne,2
276,FEMINIST MEDIA STUDIES,2018,36,2,Gendered cyberhate as workplace harassment and economic vandalism,1,1,"Univ New South Wales, Sch Arts &amp; Media, Sydney, NSW,
   Australia.",Univ New South Wales, Sch Arts &amp; Media, Sydney,1
277,FEMINIST MEDIA STUDIES,2018,36,2,"""It's a terrible way to go to work:"" what 70 million readers' comments
   on the Guardian revealed about hostility to women and minorities online",1,1,"Univ London, Goldsmiths Coll, Dept Media &amp; Commun,
   London, England.",Univ London, Goldsmiths Coll, Dept Media &amp; Commun,1
278,FEMINIST MEDIA STUDIES,2018,36,2,"Technology facilitated coercive control: domestic violence and the
   competing roles of digital media platforms",4,8,"Queensland Univ
   Technol, Fac Law, Sch Justice, Brisbane, Qld, Australia.","Queensland Univ
   Technol", Fac Law, Sch Justice,3
279,FEMINIST MEDIA STUDIES,2018,36,2,"Technology facilitated coercive control: domestic violence and the
   competing roles of digital media platforms",4,8,"Queensland Univ Technol, DMRC, Brisbane, Qld, Australia.",Queensland Univ Technol, DMRC, Brisbane,3
280,FEMINIST MEDIA STUDIES,2018,36,2,"Technology facilitated coercive control: domestic violence and the
   competing roles of digital media platforms",4,8,"Western Sydney Univ, Sch Social Sci &amp; Psychol,
   Penrith, NSW, Australia.",Western Sydney Univ, Sch Social Sci &amp; Psychol,"
   Penrith",1
281,FEMINIST MEDIA STUDIES,2018,36,2,"Technology facilitated coercive control: domestic violence and the
   competing roles of digital media platforms",4,8,"Univ New England, Sch Behav &amp; Social Sci, Armidale,
   NSW, Australia.",Univ New England, Sch Behav &amp; Social Sci, Armidale,1
282,FEMINIST MEDIA STUDIES,2018,36,2,"The Magaluf Girl: a public sex scandal and the digital class relations
   of social contagion",1,1,"Univ Leicester, Sch Media Commun &amp; Sociol, Leicester,
   Leics, England.",Univ Leicester, Sch Media Commun &amp; Sociol, Leicester,1
283,FEMINIST MEDIA STUDIES,2018,36,2,"Shameless hags and tolerance whores: feminist resistance and the
   affective circuits of online hate",2,2,"Sodertorn Univ, Gender Studies, Stockholm, Sweden.",Sodertorn Univ, Gender Studies, Stockholm,1
284,FEMINIST MEDIA STUDIES,2018,36,2,"Shameless hags and tolerance whores: feminist resistance and the
   affective circuits of online hate",2,2,"Univ Turku, Media Studies, Turku, Finland.",Univ Turku, Media Studies, Turku,1
285,FEMINIST MEDIA STUDIES,2018,36,2,"Online staging of femininity: disciplining through public exposure in
   Brazilian social media",2,2,"Lusofona Univ, Lisbon, Portugal.",Lusofona Univ, Lisbon, Portugal.,1
286,FEMINIST MEDIA STUDIES,2018,36,2,"Online staging of femininity: disciplining through public exposure in
   Brazilian social media",2,2,"Inst Univ Lisboa, ISCTE, CIES, Lisbon, Portugal.",Inst Univ Lisboa, ISCTE, CIES,1
287,FEMINIST MEDIA STUDIES,2018,36,2,"""Feminist_brevity_in_light_of_masculine_long-windedness:"" code, space,
   and online misogyny",1,1,"Univ Wisconsin, Composit &amp; Rhetor Program, English,
   Madison, WI 53706 USA.",Univ Wisconsin, Composit &amp; Rhetor Program, English,1
288,FEMINIST MEDIA STUDIES,2018,36,2,"Remixing misandry, manspreading, and dick pics: networked feminist
   humour on Tumblr",1,2,"UCL Inst Educ, Dept Educ Practice
   &amp; Soc, London, England.",UCL Inst Educ," Dept Educ Practice
   &amp; Soc", London,2
289,FEMINIST MEDIA STUDIES,2018,36,2,"We take the red pill, we confront the DickTrix: online feminist activism
   and the augmentation of gendered realities in South Korea",2,2,"Univ York, Ctr Womens Studies, York, N Yorkshire,
   England.",Univ York, Ctr Womens Studies, York,1
290,FEMINIST MEDIA STUDIES,2018,36,2,"We take the red pill, we confront the DickTrix: online feminist activism
   and the augmentation of gendered realities in South Korea",2,2,"Univ Copenhagen, Dept Anthropol, Copenhagen, Denmark.",Univ Copenhagen, Dept Anthropol, Copenhagen,1
291,FEMINIST MEDIA STUDIES,2018,36,2,"Policing responses to crime against women: unpacking the logic of
   Cyberabad's ""SHE Teams""",1,2,"Univ Hyderabad, Dept Commun,
   Hyderabad, Telangana, India.",Univ Hyderabad, Dept Commun,"
   Hyderabad",2
292,FEMINIST MEDIA STUDIES,2018,36,2,"Searching for an online space for feminism? The Chinese feminist group
   Gender Watch Women's Voice and its changing approaches to online
   misogyny",1,1,"Commun Univ China, Mobile Internet &amp; Social Media Res Ctr,
   Beijing, Peoples R China.",Commun Univ China, Mobile Internet &amp; Social Media Res Ctr,"
   Beijing",1
293,FEMINIST MEDIA STUDIES,2018,36,2,"Covering Clinton (2010-2015): meaning-making strategies in US magazine
   covers",3,3,"Pontificia Univ Catolica Chile, Sch Commun, Santiago,
   Chile.",Pontificia Univ Catolica Chile, Sch Commun, Santiago,1
294,FEMINIST MEDIA STUDIES,2018,36,2,"Covering Clinton (2010-2015): meaning-making strategies in US magazine
   covers",3,3,"Univ Texas Arlington, Dept Commun, Arlington, TX 76019
   USA.",Univ Texas Arlington, Dept Commun, Arlington,1
295,FEMINIST MEDIA STUDIES,2018,36,2,"Covering Clinton (2010-2015): meaning-making strategies in US magazine
   covers",3,3,"Texas Christian Univ, Bob Schieffer Sch Commun, Ft Worth,
   TX 76129 USA.",Texas Christian Univ, Bob Schieffer Sch Commun, Ft Worth,1
296,FEMINIST MEDIA STUDIES,2018,36,2,"Branding the self as an ""authentic feminist"": negotiating feminist
   values in post-feminist digital cultural production",1,1,"Temple Univ, Klein Coll Media &amp; Commun,
   Philadelphia, PA 19122 USA.",Temple Univ, Klein Coll Media &amp; Commun,"
   Philadelphia",1
297,FEMINIST MEDIA STUDIES,2018,36,2,"Innocent victims, creepy boys: discursive framings of sexuality in
   online news coverage of the celebrity nude photo hack",1,1,"Univ Michigan, Commun Studies, Ann Arbor, MI 48109
   USA.",Univ Michigan, Commun Studies, Ann Arbor,1
298,FEMINIST MEDIA STUDIES,2018,36,2,"From under the veil to under the knife: women, cosmetic surgery, and the
   politics of choice in Afghanistan",1,1,"Penn State Univ, Donald P Bellisario Coll Commun, State
   Coll, PA 16801 USA.",Penn State Univ, Donald P Bellisario Coll Commun," State
   Coll",1
299,FEMINIST MEDIA STUDIES,2018,36,2,Feminism and science in Masters of Sex,1,1,"Tech Univ Darmstadt, Zentrum Interkulturelle
   Kompetenz, Sprachenzentrum, Darmstadt, Germany.",Tech Univ Darmstadt," Zentrum Interkulturelle
   Kompetenz", Sprachenzentrum,1
300,FEMINIST MEDIA STUDIES,2018,36,2,"Soap operas, women, and the nation: Sri Lankan women's interpretations
   of home-grown mega teledramas",1,1,"La Trobe Univ, Dept Commun &amp; Media,
   Melbourne, Vic, Australia.",La Trobe Univ, Dept Commun &amp; Media,"
   Melbourne",1
301,FEMINIST MEDIA STUDIES,2018,36,2,Homing blogs as ambivalent spaces for feminine agency,3,5,"Univ Jyvaskyla, Dept Language &amp; Commun
   Studies, Jyvaskyla, Finland.",Univ Jyvaskyla," Dept Language &amp; Commun
   Studies", Jyvaskyla,2
302,FEMINIST MEDIA STUDIES,2018,36,2,Homing blogs as ambivalent spaces for feminine agency,3,5,"Univ Jyvaskyla, Dept Mus Art &amp; Culture
   Studies, Jyvaskyla, Finland.",Univ Jyvaskyla," Dept Mus Art &amp; Culture
   Studies", Jyvaskyla,2
303,FEMINIST MEDIA STUDIES,2018,36,2,Homing blogs as ambivalent spaces for feminine agency,3,5,"Tilburg Univ, Dept Culture Studies, Sch Humanities,
   Tilburg, Netherlands.",Tilburg Univ, Dept Culture Studies, Sch Humanities,1
304,FEMINIST MEDIA STUDIES,2018,36,2,"Critical feminist hope: the encounter of neoliberalism and popular
   feminism in WWE 24: Women's Evolution",2,2,"Sheffield Hallam Univ, Dept Psychol Sociol &amp; Polit,
   Sheffield, S Yorkshire, England.",Sheffield Hallam Univ, Dept Psychol Sociol &amp; Polit,"
   Sheffield",1
305,FEMINIST MEDIA STUDIES,2018,36,2,"Critical feminist hope: the encounter of neoliberalism and popular
   feminism in WWE 24: Women's Evolution",2,2,"Univ Huddersfield, Ctr Participatory Culture,
   Huddersfield, W Yorkshire, England.",Univ Huddersfield, Ctr Participatory Culture,"
   Huddersfield",1
306,FEMINIST MEDIA STUDIES,2018,36,2,On not really being there: trans* presence/absence in Dallas Buyers Club,2,2,"Univ Utrecht, Dept Media &amp; Culture Studies, Fac
   Humanities, Utrecht, Netherlands.",Univ Utrecht, Dept Media &amp; Culture Studies," Fac
   Humanities",1
307,FEMINIST MEDIA STUDIES,2018,36,2,On not really being there: trans* presence/absence in Dallas Buyers Club,2,2,"Leiden Univ, Ctr Arts Soc, Dept Film &amp; Literary
   Studies, Leiden, Netherlands.",Leiden Univ, Ctr Arts Soc," Dept Film &amp; Literary
   Studies",1
308,FEMINIST MEDIA STUDIES,2018,36,2,"Gamers, gender, and cruel optimism: the limits of social identity
   constructs in The Guild",2,2,"Univ Michigan, Commun Studies, Ann Arbor, MI 48109 USA.",Univ Michigan, Commun Studies, Ann Arbor,1
309,FEMINIST MEDIA STUDIES,2018,36,2,"Gamers, gender, and cruel optimism: the limits of social identity
   constructs in The Guild",2,2,"Michigan State Univ, English, Lansing, MI USA.",Michigan State Univ, English, Lansing,1
310,FEMINIST MEDIA STUDIES,2018,36,2,"Rape, storytelling and social media: how Twitter interrupted the news
   media's ability to construct collective memory",3,3,"Univ Texas Arlington, Dept Commun, Arlington, TX 76019
   USA.",Univ Texas Arlington, Dept Commun, Arlington,1
311,FEMINIST MEDIA STUDIES,2018,36,2,"Rape, storytelling and social media: how Twitter interrupted the news
   media's ability to construct collective memory",3,3,"Louisiana State Univ, Manship Sch Mass Commun, Baton
   Rouge, LA 70803 USA.",Louisiana State Univ, Manship Sch Mass Commun," Baton
   Rouge",1
312,FEMINIST MEDIA STUDIES,2018,36,2,"Rape, storytelling and social media: how Twitter interrupted the news
   media's ability to construct collective memory",3,3,"Texas Christian Univ, Bob Schieffer Coll Commun, Ft Worth,
   TX 76129 USA.",Texas Christian Univ, Bob Schieffer Coll Commun, Ft Worth,1
313,FEMINIST MEDIA STUDIES,2018,36,2,"""He's a total TubeCrush"": post-feminist sensibility as intimate publics",2,2,"Coventry Univ, Sch Media &amp; Performing Arts, Coventry,
   W Midlands, England.",Coventry Univ, Sch Media &amp; Performing Arts, Coventry,1
314,FEMINIST MEDIA STUDIES,2018,36,2,"""He's a total TubeCrush"": post-feminist sensibility as intimate publics",2,2,"Aberystwyth Univ, Psychol Dept, Aberystwyth, Dyfed, Wales.",Aberystwyth Univ, Psychol Dept, Aberystwyth,1
315,FEMINIST MEDIA STUDIES,2018,36,2,"From housekeeper to status-oriented consumer and hypersexual imagery:
   images of alcohol targeted to Italian women from the 1960s to the 2000s",2,4,"Eclect Inst Res &amp;
   Training, Turin, Italy.","Eclect Inst Res &amp;
   Training", Turin, Italy.,3
316,FEMINIST MEDIA STUDIES,2018,36,2,"From housekeeper to status-oriented consumer and hypersexual imagery:
   images of alcohol targeted to Italian women from the 1960s to the 2000s",2,4,"Stockholm Univ, Ctr Social Res Alcohol &amp; Drugs,
   Stockholm, Sweden.",Stockholm Univ, Ctr Social Res Alcohol &amp; Drugs,"
   Stockholm",1
317,FEMINIST MEDIA STUDIES,2018,36,2,The rebelling orphan: adopting the found photograph,1,1,"Univ Amsterdam, European Studies, Dept Hist, Amsterdam,
   Netherlands.",Univ Amsterdam, European Studies, Dept Hist,1
318,FEMINIST MEDIA STUDIES,2018,36,2,The body of the queen and the prize of science,1,1,"Stockholm Univ, Dept Ethnol Hist Relig &amp; Gender
   Studies, Stockholm, Sweden.",Stockholm Univ," Dept Ethnol Hist Relig &amp; Gender
   Studies", Stockholm,1
319,FEMINIST MEDIA STUDIES,2018,36,2,"Under the watchful eyes of men: theorising the implications of male
   surveillance practices for feminist activism on social media",1,1,"Univ Melbourne, Sch Social &amp; Polit Sci, Melbourne,
   Vic, Australia.",Univ Melbourne, Sch Social &amp; Polit Sci, Melbourne,1
320,FEMINIST MEDIA STUDIES,2018,36,2,"Magical manes and untamable tresses: (en)coding computer-animated hair
   for the post-feminist Disney Princess",1,1,"Univ Wisconsin, Dept Commun Arts, Madison, WI
   53706 USA.",Univ Wisconsin, Dept Commun Arts, Madison,1
321,FEMINIST MEDIA STUDIES,2018,36,2,"""Western sexy?"": the West, the rest and sexualised media",1,1,"Flinders Univ South Australia, Sociol Dept,
   Adelaide, SA, Australia.",Flinders Univ South Australia, Sociol Dept,"
   Adelaide",1
