,Journal,Year,Journal_Rank,Q_Position,Title,Total_Units,Total_Authors,Unit_Address,Unit_Name_1,Unit_Name_2,Unit_Name_3,Author_Number
0,INTERNATIONAL JOURNAL OF PUBLIC OPINION RESEARCH,2018,38,2,The Right Faces for Right-Wing and Left-Wing Politicians,2,2,"Univ Haifa, Dept Commun, IL-31905 Haifa, Israel.",Univ Haifa, Dept Commun, IL-31905 Haifa,1
1,INTERNATIONAL JOURNAL OF PUBLIC OPINION RESEARCH,2018,38,2,The Right Faces for Right-Wing and Left-Wing Politicians,2,2,"Univ Haifa, Sch Polit Sci, Haifa, Israel.",Univ Haifa, Sch Polit Sci, Haifa,1
2,INTERNATIONAL JOURNAL OF PUBLIC OPINION RESEARCH,2018,38,2,"Tone Matters: Effects of Exposure to Positive and Negative Tone of
   Television News Stories on Anti-Immigrant Attitudes and Carry-Over
   Effects to Uninvolved Immigrant Groups",1,2,"Univ Leuven, Ctr Citizenship &amp;
   Democracy, Parkstr 45 Box 3602, B-3000 Leuven, Belgium.",Univ Leuven," Ctr Citizenship &amp;
   Democracy", Parkstr 45 Box 3602,2
3,INTERNATIONAL JOURNAL OF PUBLIC OPINION RESEARCH,2018,38,2,"News Quality and Public Opinion: The Impact of Deliberative Quality of
   News Media on Citizens' Argument Repertoire",1,3,"Univ
   Amsterdam, Amsterdam Sch Commun Res ASCOR, Amsterdam, Netherlands.","Univ
   Amsterdam", Amsterdam Sch Commun Res ASCOR, Amsterdam,3
4,INTERNATIONAL JOURNAL OF PUBLIC OPINION RESEARCH,2018,38,2,"Framing the Participatory Society: Measuring Discrepancies Between
   Interpretation Frames and Media Frames",2,2,"Univ Amsterdam, ASCoR, Nieuwe Achtergracht 166,
   NL-1018 WV Amsterdam, Netherlands.",Univ Amsterdam, ASCoR, Nieuwe Achtergracht 166,1
5,INTERNATIONAL JOURNAL OF PUBLIC OPINION RESEARCH,2018,38,2,"Framing the Participatory Society: Measuring Discrepancies Between
   Interpretation Frames and Media Frames",2,2,"Univ Amsterdam, ASCoR, Dept Commun Sci, Media &amp;
   Soc, Amsterdam, Netherlands.",Univ Amsterdam, ASCoR, Dept Commun Sci,1
6,INTERNATIONAL JOURNAL OF PUBLIC OPINION RESEARCH,2018,38,2,"Context, Gender Framing, and Ideology Effects on Public Support for
   Spanking",1,1,"Univ Delaware, Dept Polit Sci &amp; Int Relat, 347 Smith
   Hall, Newark, DE 19716 USA.",Univ Delaware, Dept Polit Sci &amp; Int Relat," 347 Smith
   Hall",1
7,INTERNATIONAL JOURNAL OF PUBLIC OPINION RESEARCH,2018,38,2,"Perceived Community Acceptance of Same-Sex Marriage: Persuasive Press,
   Projection, and Pluralistic Ignorance",2,3,"Univ Wisconsin, Sch Journalism
   &amp; Mass Commun, 5115 Vilas Hall,821 Univ Ave, Madison, WI 53706 USA.",Univ Wisconsin," Sch Journalism
   &amp; Mass Commun", 5115 Vilas Hall,2
8,INTERNATIONAL JOURNAL OF PUBLIC OPINION RESEARCH,2018,38,2,"Perceived Community Acceptance of Same-Sex Marriage: Persuasive Press,
   Projection, and Pluralistic Ignorance",2,3,"George Washington Univ, Dept Prevent &amp; Community
   Hlth, Washington, DC 20052 USA.",George Washington Univ," Dept Prevent &amp; Community
   Hlth", Washington,1
9,INTERNATIONAL JOURNAL OF PUBLIC OPINION RESEARCH,2018,38,2,Measuring Populist Attitudes on Three Dimensions,2,6,"Univ Zurich, Inst Mass Commun &amp; Media Res, Zurich, Switzerland.",Univ Zurich, Inst Mass Commun &amp; Media Res, Zurich,4
10,INTERNATIONAL JOURNAL OF PUBLIC OPINION RESEARCH,2018,38,2,Measuring Populist Attitudes on Three Dimensions,2,6,"Johannes Gutenberg Univ Mainz,
   Dept Commun, Mainz, Germany.",Johannes Gutenberg Univ Mainz,"
   Dept Commun", Mainz,2
11,INTERNATIONAL JOURNAL OF PUBLIC OPINION RESEARCH,2018,38,2,"Rating Scale Design Among Ethiopian Entrepreneurs: A Split-Ballot
   Experiment",1,1,"RTI Int, Res Triangle Pk, NC 27709 USA.",RTI Int, Res Triangle Pk, NC 27709 USA.,1
12,INTERNATIONAL JOURNAL OF PUBLIC OPINION RESEARCH,2018,38,2,"Ideology Through the Partisan Lens: Applying Anchoring Vignettes to US
   Survey Research",1,1,"Univ Houston, Dept Polit Sci, 3551 Cullen
   Blvd,Room 447,Philip Guthrie Hall, Houston, TX 77204 USA.",Univ Houston, Dept Polit Sci," 3551 Cullen
   Blvd",1
13,INTERNATIONAL JOURNAL OF PUBLIC OPINION RESEARCH,2018,38,2,"Obama's Economy: Conditional Racial Spillover Into Evaluations of the
   Economy",3,3,"Univ Calgary, Dept Polit Sci, Calgary, AB, Canada.",Univ Calgary, Dept Polit Sci, Calgary,1
14,INTERNATIONAL JOURNAL OF PUBLIC OPINION RESEARCH,2018,38,2,"Obama's Economy: Conditional Racial Spillover Into Evaluations of the
   Economy",3,3,"PricewaterhouseCoopers LLP, Transfer Pricing,
   Washington, DC USA.",PricewaterhouseCoopers LLP, Transfer Pricing,"
   Washington",1
15,INTERNATIONAL JOURNAL OF PUBLIC OPINION RESEARCH,2018,38,2,"Obama's Economy: Conditional Racial Spillover Into Evaluations of the
   Economy",3,3,"Beloit Coll, Dept Polit Sci, 700 Coll St, Beloit, WI
   53511 USA.",Beloit Coll, Dept Polit Sci, 700 Coll St,1
16,INTERNATIONAL JOURNAL OF PUBLIC OPINION RESEARCH,2018,38,2,"Silencing Fellow Citizens: Conceptualization, Measurement, and
   Validation of a Scale for Measuring the Belief in the Importance of
   Actively Silencing Others",2,2,"Univ Haifa, Dept Commun, IL-31905 Haifa, Israel.",Univ Haifa, Dept Commun, IL-31905 Haifa,1
17,INTERNATIONAL JOURNAL OF PUBLIC OPINION RESEARCH,2018,38,2,"Silencing Fellow Citizens: Conceptualization, Measurement, and
   Validation of a Scale for Measuring the Belief in the Importance of
   Actively Silencing Others",2,2,"Tel Aviv Univ, Tel Aviv, Israel.",Tel Aviv Univ, Tel Aviv, Israel.,1
18,INTERNATIONAL JOURNAL OF PUBLIC OPINION RESEARCH,2018,38,2,"Perceived Versus Actual Polling Effects: Biases in Perceptions of
   Election Poll Effects on Candidate Evaluations",1,3,"Sungkyunkwan Univ, Dept
   Journalism &amp; Mass Commun, Seoul 110745, South Korea.",Sungkyunkwan Univ," Dept
   Journalism &amp; Mass Commun", Seoul 110745,3
19,INTERNATIONAL JOURNAL OF PUBLIC OPINION RESEARCH,2018,38,2,"In the Eye of the Beholder: How News Media Exposure and Audience Schema
   Affect the Image of the United States Among the Chinese Public",3,3,"Hong Kong Baptist Univ, Dept Commun Studies,
   Commun &amp; Visual Arts Bldg,5 Hereford Rd, Kowloon Tong, Hong Kong,
   Peoples R China.",Hong Kong Baptist Univ, Dept Commun Studies,"
   Commun &amp; Visual Arts Bldg",1
20,INTERNATIONAL JOURNAL OF PUBLIC OPINION RESEARCH,2018,38,2,"In the Eye of the Beholder: How News Media Exposure and Audience Schema
   Affect the Image of the United States Among the Chinese Public",3,3,"Zhejiang Univ, Coll Media &amp; Int Culture, Hangzhou,
   Zhejiang, Peoples R China.",Zhejiang Univ, Coll Media &amp; Int Culture, Hangzhou,1
21,INTERNATIONAL JOURNAL OF PUBLIC OPINION RESEARCH,2018,38,2,"In the Eye of the Beholder: How News Media Exposure and Audience Schema
   Affect the Image of the United States Among the Chinese Public",3,3,"Univ Penn, Annenberg Publ Policy Ctr, Philadelphia, PA
   19104 USA.",Univ Penn, Annenberg Publ Policy Ctr, Philadelphia,1
22,INTERNATIONAL JOURNAL OF PUBLIC OPINION RESEARCH,2018,38,2,"Understanding the Relationship Between Public Opinion and Experience
   With the Criminal Justice System",2,3,"Univ Montreal, Sch Criminol, CP
   6128,Suc Ctr Ville, Montreal, PQ H3C 3J7, Canada.",Univ Montreal, Sch Criminol," CP
   6128",2
23,INTERNATIONAL JOURNAL OF PUBLIC OPINION RESEARCH,2018,38,2,"Understanding the Relationship Between Public Opinion and Experience
   With the Criminal Justice System",2,3,"Univ Rennes 2, Dept Psychol, LP3C, EA 1285, Rennes, France.",Univ Rennes 2, Dept Psychol, LP3C,1
24,INTERNATIONAL JOURNAL OF PUBLIC OPINION RESEARCH,2018,38,2,"The Role of Future Orientation, Cultural Worldviews, and Collective
   Efficacy in the American Public's Climate Change Attitudes and Policy
   Support",1,1,"Rochester Inst Technol, 92 Lomb Mem Dr, Rochester, NY 14623
   USA.",Rochester Inst Technol, 92 Lomb Mem Dr, Rochester,1
25,INTERNATIONAL JOURNAL OF PUBLIC OPINION RESEARCH,2018,38,2,"Foreign Voices, Party Cues, and US Public Opinion about Military Action",2,2,"Providence Coll, Polit Sci, Providence, RI 02918 USA.",Providence Coll, Polit Sci, Providence,1
26,INTERNATIONAL JOURNAL OF PUBLIC OPINION RESEARCH,2018,38,2,"Foreign Voices, Party Cues, and US Public Opinion about Military Action",2,2,"George Washington Univ, Polit Sci, Washington, DC USA.",George Washington Univ, Polit Sci, Washington,1
27,INTERNATIONAL JOURNAL OF PUBLIC OPINION RESEARCH,2018,38,2,"The Virtue of Moderation: A Cross-National Analysis of Exposure to
   Cross-Cutting Information and Turnout",2,2,"Univ Fribourg, Dept Commun &amp; Media Res, Off
   F304,Bd Perolles 90, CH-1700 Fribourg, Switzerland.",Univ Fribourg, Dept Commun &amp; Media Res," Off
   F304",1
28,INTERNATIONAL JOURNAL OF PUBLIC OPINION RESEARCH,2018,38,2,"The Virtue of Moderation: A Cross-National Analysis of Exposure to
   Cross-Cutting Information and Turnout",2,2,"Univ Southern Denmark, Ctr Journalism, Odense,
   Denmark.",Univ Southern Denmark, Ctr Journalism, Odense,1
29,INTERNATIONAL JOURNAL OF PUBLIC OPINION RESEARCH,2018,38,2,"Knowledge Distortion in Direct Democracy: A Longitudinal Study of Biased
   Empirical Beliefs on Statewide Ballot Measures",3,3,"Penn State Univ, Dept Commun Arts &amp; Sci, 240H Sparks
   Bldg, University Pk, PA 16802 USA.",Penn State Univ, Dept Commun Arts &amp; Sci," 240H Sparks
   Bldg",1
30,INTERNATIONAL JOURNAL OF PUBLIC OPINION RESEARCH,2018,38,2,"Knowledge Distortion in Direct Democracy: A Longitudinal Study of Biased
   Empirical Beliefs on Statewide Ballot Measures",3,3,"Univ Oklahoma, Dept Commun, Norman, OK 73019 USA.",Univ Oklahoma, Dept Commun, Norman,1
31,INTERNATIONAL JOURNAL OF PUBLIC OPINION RESEARCH,2018,38,2,"Knowledge Distortion in Direct Democracy: A Longitudinal Study of Biased
   Empirical Beliefs on Statewide Ballot Measures",3,3,"Univ Wisconsin, Sch Journalism &amp; Mass Commun, Madison, WI
   53706 USA.",Univ Wisconsin, Sch Journalism &amp; Mass Commun, Madison,1
32,INTERNATIONAL JOURNAL OF PUBLIC OPINION RESEARCH,2018,38,2,"Media and Corruption: The Other Way Round-Exploring Macro Determinants
   of Journalists' Perceptions of the Accountability Instruments and
   Governmental Pressures",1,2,"Univ Milan, Dept Social &amp;
   Polit Sci, Via Conservatorio 7, I-20122 Milan, Italy.",Univ Milan," Dept Social &amp;
   Polit Sci", Via Conservatorio 7,2
33,INTERNATIONAL JOURNAL OF PUBLIC OPINION RESEARCH,2018,38,2,"When Readers Believe Journalists: Effects of Adjudication in Varied
   Dispute Contexts",1,1,"Univ Exeter, Dept Polit, Exeter, Devon, England.",Univ Exeter, Dept Polit, Exeter,1
34,INTERNATIONAL JOURNAL OF PUBLIC OPINION RESEARCH,2018,38,2,"Personal Issue Importance and Motivated-Reasoning Goals for Pro- and
   Counterattitudinal Exposure: A Moderated Mediation Model of Motivations
   and Information Selectivity on Elaborative Reasoning",1,1,"Chinese Univ Hong Kong, Sch Journalism &amp; Commun,
   Shatin, Hong Kong, Peoples R China.",Chinese Univ Hong Kong, Sch Journalism &amp; Commun,"
   Shatin",1
35,INTERNATIONAL JOURNAL OF PUBLIC OPINION RESEARCH,2018,38,2,"""Fear-of-the-State Bias'' in Survey Data",1,1,"Johns Hopkins Univ, SAIS, Dept African Studies, 1740
   Massachusetts Ave, Washington, DC 20036 USA.",Johns Hopkins Univ, SAIS, Dept African Studies,1
36,INTERNATIONAL JOURNAL OF PUBLIC OPINION RESEARCH,2018,38,2,"The Indirect Effect of Political Identity Salience on Voting Intention
   Through In-Group-Out-Group Difference in the Perceived Influence of
   Polling Reports",1,1,"Keimyung Univ, Dept Journalism &amp; Visual Commun, 1095
   Dalgubeol Daero, Daegu 42601, South Korea.",Keimyung Univ, Dept Journalism &amp; Visual Commun," 1095
   Dalgubeol Daero",1
37,INTERNATIONAL JOURNAL OF PUBLIC OPINION RESEARCH,2018,38,2,"Disentangling the Direction of Causality Between Competence Issue
   Ownership and Party Preference",2,2,"Univ Amsterdam, Amsterdam Sch Commun Res ASCoR,
   Media &amp; Soc, Amsterdam, Netherlands.",Univ Amsterdam, Amsterdam Sch Commun Res ASCoR,"
   Media &amp; Soc",1
38,INTERNATIONAL JOURNAL OF PUBLIC OPINION RESEARCH,2018,38,2,"Disentangling the Direction of Causality Between Competence Issue
   Ownership and Party Preference",2,2,"Vesalius Coll Brussels, Commun, Brussels, Belgium.",Vesalius Coll Brussels, Commun, Brussels,1
39,INTERNATIONAL JOURNAL OF PUBLIC OPINION RESEARCH,2018,38,2,Evaluating Survey Items of Buddhism Religiosity in China,2,2,"Fudan Univ, Dept Sociol, Shanghai, Peoples R China.",Fudan Univ, Dept Sociol, Shanghai,1
40,INTERNATIONAL JOURNAL OF PUBLIC OPINION RESEARCH,2018,38,2,Evaluating Survey Items of Buddhism Religiosity in China,2,2,"1118 Liberal Arts Bldg,220 Handan Rd, Shanghai 200433,
   Peoples R China.",1118 Liberal Arts Bldg,220 Handan Rd, Shanghai 200433,1
41,INTERNATIONAL JOURNAL OF PUBLIC OPINION RESEARCH,2018,38,2,"Gender Gaps in the Measurement of Public Opinion About Homosexuality in
   Cross-national Surveys: A Question-Wording Experiment",3,4,"Netherlands Inst Social Res, Dept Hlth &amp; Wellbeing,
   SCP, The Hague, Netherlands.",Netherlands Inst Social Res, Dept Hlth &amp; Wellbeing,"
   SCP",1
42,INTERNATIONAL JOURNAL OF PUBLIC OPINION RESEARCH,2018,38,2,"Gender Gaps in the Measurement of Public Opinion About Homosexuality in
   Cross-national Surveys: A Question-Wording Experiment",3,4,"Univ Amsterdam, Res Ctr Child Dev &amp; Educ, Amsterdam,
   Netherlands.",Univ Amsterdam, Res Ctr Child Dev &amp; Educ, Amsterdam,1
43,INTERNATIONAL JOURNAL OF PUBLIC OPINION RESEARCH,2018,38,2,"Gender Gaps in the Measurement of Public Opinion About Homosexuality in
   Cross-national Surveys: A Question-Wording Experiment",3,4,"City Univ London, Ctr Comparat Social
   Surveys, ESS ERIC Headquarters, London, England.",City Univ London," Ctr Comparat Social
   Surveys", ESS ERIC Headquarters,2
