,Journal,Year,Journal_Rank,Q_Position,Title,Total_Units,Total_Authors,Unit_Address,Unit_Name_1,Unit_Name_2,Unit_Name_3,Author_Number
0,DISCOURSE & SOCIETY,2015,42,2,"Conversational practices promoting a discourse of agency for adults with
   intellectual disabilities",2,2,"Univ Loughborough, Language &amp; Social Psychol, Dept
   Social Sci, Loughborough LE11 3TU, Leics, England.",Univ Loughborough, Language &amp; Social Psychol," Dept
   Social Sci",1
1,DISCOURSE & SOCIETY,2015,42,2,"Conversational practices promoting a discourse of agency for adults with
   intellectual disabilities",2,2,"Limehurst Acad, Loughborough, Leics, England.",Limehurst Acad, Loughborough, Leics,1
2,DISCOURSE & SOCIETY,2015,42,2,"The infusion of Islam into pluralistic politics: The need to explore the
   Islamist identity beyond ideological boundaries - The case of the
   Moroccan Party of Justice and Development",1,1,"Mohamed V Univ Agdal, Rabat, Morocco.",Mohamed V Univ Agdal, Rabat, Morocco.,1
3,DISCOURSE & SOCIETY,2015,42,2,"Through 'seas never before sailed': Portuguese government discursive
   legitimation strategies in a context of financial crisis",1,2,"Univ Lisbon, CAPP, P-1300663
   Lisbon, Portugal.",Univ Lisbon, CAPP," P-1300663
   Lisbon",2
4,DISCOURSE & SOCIETY,2015,42,2,"Regina v John Terry: The discursive construction of an alleged racist
   event",2,2,"Univ Sheffield, Literary Linguist, Sheffield S3 7RA, S
   Yorkshire, England.",Univ Sheffield, Literary Linguist, Sheffield S3 7RA,1
5,DISCOURSE & SOCIETY,2015,42,2,"Regina v John Terry: The discursive construction of an alleged racist
   event",2,2,"Queens Univ Belfast, English Language, Belfast BT7 1NN,
   Antrim, North Ireland.",Queens Univ Belfast, English Language, Belfast BT7 1NN,1
6,DISCOURSE & SOCIETY,2015,42,2,"Satire, racist humour and the power of (un)laughter: On the restrained
   nature of Swedish online racist discourse targeting EU-migrants begging
   for money",1,1,"Univ Gothenburg, SE-40530 Gothenburg, Sweden.",Univ Gothenburg, SE-40530 Gothenburg, Sweden.,1
7,DISCOURSE & SOCIETY,2015,42,2,"Dialectics of argument and rhetoric: Protesting the Iraq War in
   US-British opinion press",1,1,"King Abdulaziz Univ, Business English, Fac Econ &amp; Adm,
   Jeddah 21589, Saudi Arabia.",King Abdulaziz Univ, Business English, Fac Econ &amp; Adm,1
8,DISCOURSE & SOCIETY,2016,42,2,"A corpus analysis of discursive constructions of the Sunflower Student
   Movement in the English-language Taiwanese press",1,1,"St Johns Univ, Appl English &amp; Linguist, New Taipei
   City 25135, Taiwan.",St Johns Univ, Appl English &amp; Linguist," New Taipei
   City 25135",1
9,DISCOURSE & SOCIETY,2016,42,2,"Online discourse of masculinities in transnational football fandom:
   Chinese Arsenal fans' talk around ""gaofushuai' and ""diaosi'",1,1,"Univ Massachusetts, Dept Commun, Amherst, MA 01003 USA.",Univ Massachusetts, Dept Commun, Amherst,1
10,DISCOURSE & SOCIETY,2016,42,2,"To lead without governing in the knowledge society: The enlightened
   despotism in European techno-corporative discourse",1,1,"Int Ctr Adv Studies Commun Latin Amer CIESPAL,
   Quito 170517, Ecuador.",Int Ctr Adv Studies Commun Latin Amer CIESPAL,"
   Quito 170517", Ecuador.,1
11,DISCOURSE & SOCIETY,2016,42,2,"The denial of racism in Latina/o students' narratives about
   discrimination in the classroom",1,1,"SUNY Coll New Paltz, Dept Languages Literatures &amp;
   Cultures, New Paltz, NY 12561 USA.",SUNY Coll New Paltz," Dept Languages Literatures &amp;
   Cultures", New Paltz,1
12,DISCOURSE & SOCIETY,2016,42,2,The cowboy and the goddess: Television news mythmaking about immigrants,1,1,"Univ Calif Los Angeles, Cesar E Chavez Dept Chicana &amp;
   Chicano Studies, Los Angeles, CA 90095 USA.",Univ Calif Los Angeles," Cesar E Chavez Dept Chicana &amp;
   Chicano Studies", Los Angeles,1
13,DISCOURSE & SOCIETY,2016,42,2,A comparative study of metaphors in press reporting of the Euro crisis,2,2,"Univ Navarra, PhD Program Publ Commun, Sch Commun,
   Navarra 31009, Spain.",Univ Navarra, PhD Program Publ Commun, Sch Commun,1
14,DISCOURSE & SOCIETY,2016,42,2,A comparative study of metaphors in press reporting of the Euro crisis,2,2,"Univ Navarra, Media Management Dept, Sch Commun,
   Navarra 31009, Spain.",Univ Navarra, Media Management Dept, Sch Commun,1
15,DISCOURSE & SOCIETY,2016,42,2,"We-focused and I-focused stories of World War II in guided tours at a
   Japanese American museum",1,1,"Osaka Univ, Japanese Linguist, Grad Sch Letters,
   Toyanaka, Osaka 5608532, Japan.",Osaka Univ, Japanese Linguist, Grad Sch Letters,1
16,DISCOURSE & SOCIETY,2016,42,2,"The power of persuasion: Modality and issue framing in the 2012 Taiwan
   Presidential Debates",1,1,"City Univ Hong Kong, Dept Linguist &amp; Translat, Translat,
   Hong Kong, Hong Kong, Peoples R China.",City Univ Hong Kong, Dept Linguist &amp; Translat, Translat,1
17,DISCOURSE & SOCIETY,2016,42,2,"Negotiating stance within discourses of class: Reactions to Benefits
   Street",2,3,"Univ Lancaster, Discourses Distressed Communities
   Project, CASS, Lancaster LA1 4YW, England.",Univ Lancaster," Discourses Distressed Communities
   Project", CASS,1
18,DISCOURSE & SOCIETY,2016,42,2,"Negotiating stance within discourses of class: Reactions to Benefits
   Street",2,3,"Sheffield Hallam Univ, Sheffield
   S1 1WB, S Yorkshire, England.",Sheffield Hallam Univ," Sheffield
   S1 1WB", S Yorkshire,2
19,DISCOURSE & SOCIETY,2016,42,2,"The collective need to be inside, the individual spectacle of the outer:
   Critical Discourse Analysis of the construction of discursive
   representations about transvestites on Argentinean television",1,1,"Univ Buenos Aires, CONICET, Puan 480,4th Floor,Off 431,
   RA-1053 Buenos Aires, DF, Argentina.",Univ Buenos Aires, CONICET, Puan 480,1
20,DISCOURSE & SOCIETY,2016,42,2,"Fissures in the discourse-scape: Critique, rationality and validity in
   post-foundational approaches to CDS",2,2,"Georg Eckert Inst Int Textbook Res, Media
   Dept, Celler Str 3, D-38114 Braunschweig, Germany.",Georg Eckert Inst Int Textbook Res," Media
   Dept", Celler Str 3,1
21,DISCOURSE & SOCIETY,2016,42,2,"Fissures in the discourse-scape: Critique, rationality and validity in
   post-foundational approaches to CDS",2,2,"Univ Gottingen, Media Res, Gottingen, Germany.",Univ Gottingen, Media Res, Gottingen,1
22,DISCOURSE & SOCIETY,2016,42,2,"Discourse analysis as immanent critique: Possibilities and limits of
   normative critique in empirical discourse studies",2,2,"Univ Valencia, Social Theory &amp; Methods Social Res, Dept
   Sociol, ES-46021 Valencia, Spain.",Univ Valencia, Social Theory &amp; Methods Social Res," Dept
   Sociol",1
23,DISCOURSE & SOCIETY,2016,42,2,"Discourse analysis as immanent critique: Possibilities and limits of
   normative critique in empirical discourse studies",2,2,"Univ Valencia, Dept Sociol &amp; Social Anthropol, Despacho
   4D11,Av Tarongers 4b, ES-46021 Valencia, Spain.",Univ Valencia, Dept Sociol &amp; Social Anthropol," Despacho
   4D11",1
24,DISCOURSE & SOCIETY,2016,42,2,"Collective learning in social fields: Bourdieu, Habermas and critical
   discourse studies",2,2,"Univ Leicester, Dept Media &amp; Commun, Bankfield
   House,132 New Walk, Leicester LE1 7JA, Leics, England.",Univ Leicester, Dept Media &amp; Commun," Bankfield
   House",1
25,DISCOURSE & SOCIETY,2016,42,2,"Collective learning in social fields: Bourdieu, Habermas and critical
   discourse studies",2,2,"Univ Magdeburg, Inst Sociol, D-39106 Magdeburg,
   Germany.",Univ Magdeburg, Inst Sociol, D-39106 Magdeburg,1
26,DISCOURSE & SOCIETY,2016,42,2,"Recontextualisation of neoliberalism and the increasingly conceptual
   nature of discourse: Challenges for critical discourse studies",1,1,"Univ Orebro, Res Media &amp; Commun Studies, SE-70182
   Orebro, Sweden.",Univ Orebro, Res Media &amp; Commun Studies," SE-70182
   Orebro",1
27,DISCOURSE & SOCIETY,2016,42,2,"The need for a social and affordance-driven multimodal critical
   discourse studies",1,1,"Univ Orebro, Media &amp; Commun, SE-70182 Orebro, Sweden.",Univ Orebro, Media &amp; Commun, SE-70182 Orebro,1
28,DISCOURSE & SOCIETY,2016,42,2,"The visual basis of linguistic meaning and its implications for critical
   discourse studies: Integrating cognitive linguistic and multimodal
   methods",1,1,"Univ Lancaster, Linguist, Lancaster LA1 4YT, England.",Univ Lancaster, Linguist, Lancaster LA1 4YT,1
29,DISCOURSE & SOCIETY,2016,42,2,"""Talk, listen, think': Discourses of agency and unintentional violence
   in consent guidance for gay, bisexual and trans men",1,1,"Queen Mary Univ London, Linguist, London
   E1 4NS, England.",Queen Mary Univ London, Linguist," London
   E1 4NS",1
30,DISCOURSE & SOCIETY,2016,42,2,"Constructing multiculturalism at school: Negotiating tensions in talk
   about ethnic diversity",1,1,"Univ Lancaster, Lancaster LA1 4YL, England.",Univ Lancaster, Lancaster LA1 4YL, England.,1
31,DISCOURSE & SOCIETY,2016,42,2,"Combining CDA and topic modeling: Analyzing discursive connections
   between Islamophobia and anti-feminism on an online forum",2,2,"Univ Gothenburg, Dept Sociol &amp; Work Sci,
   Interdisciplinary Project, S-40530 Gothenburg, Sweden.",Univ Gothenburg, Dept Sociol &amp; Work Sci,"
   Interdisciplinary Project",1
32,DISCOURSE & SOCIETY,2016,42,2,"Combining CDA and topic modeling: Analyzing discursive connections
   between Islamophobia and anti-feminism on an online forum",2,2,"Chalmers, Complex Syst Grp, Phys Resource Theory,
   Gothenburg, Sweden.",Chalmers, Complex Syst Grp, Phys Resource Theory,1
33,DISCOURSE & SOCIETY,2016,42,2,Discourses of legitimation and loss of sons who stay behind,1,2,"Univ New Mexico,
   Dept Language Literacy &amp; Sociocultural Studies, MSC05 3040,1 Univ Dr,
   Albuquerque, NM 87131 USA.",Univ New Mexico,"
   Dept Language Literacy &amp; Sociocultural Studies", MSC05 3040,2
34,DISCOURSE & SOCIETY,2016,42,2,"Recontextualization and transformation in media discourse: An analysis
   of the First-Instance Judgment of the Peng Yu Case",2,3,"S China Univ Technol, Sch Foreign Languages,
   Guangzhou 510641, Guangdong, Peoples R China.",S China Univ Technol, Sch Foreign Languages,"
   Guangzhou 510641",2
35,DISCOURSE & SOCIETY,2016,42,2,"Recontextualization and transformation in media discourse: An analysis
   of the First-Instance Judgment of the Peng Yu Case",2,3,"S China Univ Technol, Guangzhou 510641, Guangdong,
   Peoples R China.",S China Univ Technol, Guangzhou 510641, Guangdong,1
36,DISCOURSE & SOCIETY,2016,42,2,"Literacy mediation in marriage migration from Pakistan to the United
   Kingdom: Appropriating bureaucratic discourses to get a visa",2,2,"Univ Reading, TESOL, Reading RG6 2AH, Berks, England.",Univ Reading, TESOL, Reading RG6 2AH,1
37,DISCOURSE & SOCIETY,2016,42,2,"Literacy mediation in marriage migration from Pakistan to the United
   Kingdom: Appropriating bureaucratic discourses to get a visa",2,2,"Univ Reading, Appl Linguist, Reading RG6 2AH, Berks,
   England.",Univ Reading, Appl Linguist, Reading RG6 2AH,1
38,DISCOURSE & SOCIETY,2016,42,2,"The recontextualization of revolutionary symbolic capital in Chinese
   online grassroots discourse",1,2,"Guangdong Univ Foreign Studies, Fac English
   Language &amp; Culture, North Baiyun Ave, Guangzhou 510420, Guangdong,
   Peoples R China.",Guangdong Univ Foreign Studies," Fac English
   Language &amp; Culture", North Baiyun Ave,2
39,DISCOURSE & SOCIETY,2016,42,2,"""Exceptional', ""normal' or a ""myth'? The discursive construction of the
   ""crisis' by Greek employees",1,2,"Univ Autonoma Barcelona,
   Dept Social Psychol, Edifici B,Despacho B5-040, E-08193 Barcelona, Spain.",Univ Autonoma Barcelona,"
   Dept Social Psychol", Edifici B,2
40,DISCOURSE & SOCIETY,2016,42,2,"On the relevance of gender in the analysis of discourse: A case study
   from Hillary Rodham Clinton's presidential bid in 2007-2008",1,1,"Portland State Univ, Portland, OR 97207 USA.",Portland State Univ, Portland, OR 97207 USA.,1
41,DISCOURSE & SOCIETY,2016,42,2,"Going off-script and reframing the frame: The dialogic intertwining of
   the centripetal and centrifugal voices in the Truth and Reconciliation
   Commission hearings",1,1,"Howard Univ, Dept English, Washington, DC 20059 USA.",Howard Univ, Dept English, Washington,1
42,DISCOURSE & SOCIETY,2016,42,2,"Visually negotiating hegemonic discourse through Photovoice:
   Understanding youth representations of safety",3,8,"Univ
   South Africa, Inst Social &amp; Hlth Sci, Tygerberg, South Africa.","Univ
   South Africa", Inst Social &amp; Hlth Sci, Tygerberg,4
43,DISCOURSE & SOCIETY,2016,42,2,"Visually negotiating hegemonic discourse through Photovoice:
   Understanding youth representations of safety",3,8,"Univ South Africa,
   South African Med Res Council, Violence Injury &amp; Peace Res Unit, POB
   19070, ZA-7505 Tygerberg, South Africa.",Univ South Africa,"
   South African Med Res Council", Violence Injury &amp; Peace Res Unit,3
44,DISCOURSE & SOCIETY,2016,42,2,"Visually negotiating hegemonic discourse through Photovoice:
   Understanding youth representations of safety",3,8,"Univ Western Cape, Dept Psychol, ZA-7535 Bellville, South
   Africa.",Univ Western Cape, Dept Psychol, ZA-7535 Bellville,1
45,DISCOURSE & SOCIETY,2016,42,2,"""I was just gobsmacked': Care workers' responses to BBC Panorama's
   ""Undercover Care: The Abuse Exposed'; invoking mental states as a means
   of distancing from abusive practices",1,2,"Univ Nottingham, Sch Sociol &amp; Social
   Policy, Law &amp; Social Sci Bldg,Univ Pk, Nottingham NG7 2RD, England.",Univ Nottingham," Sch Sociol &amp; Social
   Policy", Law &amp; Social Sci Bldg,2
46,DISCOURSE & SOCIETY,2016,42,2,"""You who are an immigrant - why are you in the Sweden Democrats?'",1,3,"Univ Helsinki,
   Dept Social Res, Social Psychol, Helsinki, Finland.",Univ Helsinki,"
   Dept Social Res", Social Psychol,3
47,DISCOURSE & SOCIETY,2016,42,2,"Peter Black, Christopher Stevens, class and inequality in the Daily Mail",1,1,"Univ Birmingham, English Language, Birmingham, W
   Midlands, England.",Univ Birmingham, English Language, Birmingham,1
48,DISCOURSE & SOCIETY,2017,42,2,"Bridging language barriers, bonding against immigrants: A visual case
   study of transnational network publics created by far-right activists in
   Europe",1,1,"Univ Copenhagen, Sociol, Copenhagen, Denmark.",Univ Copenhagen, Sociol, Copenhagen,1
49,DISCOURSE & SOCIETY,2017,42,2,"The mother's picong: A discursive approach to gender, identity and
   political leadership in Trinidad and Tobago",1,1,"Univ Naples Federico II, Discourse Studies, Naples,
   Italy.",Univ Naples Federico II, Discourse Studies, Naples,1
50,DISCOURSE & SOCIETY,2017,42,2,"The representation of mental health sufferers in administrative and
   legal discourse",3,3,"Natl Council Sci &amp; Technol Res, Federico Lacroze
   2100, RA-1426 Buenos Aires, DF, Argentina.",Natl Council Sci &amp; Technol Res," Federico Lacroze
   2100", RA-1426 Buenos Aires,1
51,DISCOURSE & SOCIETY,2017,42,2,"The representation of mental health sufferers in administrative and
   legal discourse",3,3,"Univ Buenos Aires, Federico Lacroze 2100, RA-1426
   Buenos Aires, DF, Argentina.",Univ Buenos Aires, Federico Lacroze 2100," RA-1426
   Buenos Aires",1
52,DISCOURSE & SOCIETY,2017,42,2,"The representation of mental health sufferers in administrative and
   legal discourse",3,3,"Univ Buenos Aires, Contract Law, Sch Law &amp; Social
   Sci, Buenos Aires, DF, Argentina.",Univ Buenos Aires, Contract Law," Sch Law &amp; Social
   Sci",1
53,DISCOURSE & SOCIETY,2017,42,2,"Narrative discourse in the construction of Mapuche ethnic identity in
   context of displacement",5,5,"Univ Catolica Temuco, Linguist &amp; Discourse Anal,
   Fac Educ, Temuco, Chile.",Univ Catolica Temuco, Linguist &amp; Discourse Anal,"
   Fac Educ",1
54,DISCOURSE & SOCIETY,2017,42,2,"Narrative discourse in the construction of Mapuche ethnic identity in
   context of displacement",5,5,"Univ Catolica Temuco, Fac Educ, Temuco, Chile.",Univ Catolica Temuco, Fac Educ, Temuco,1
55,DISCOURSE & SOCIETY,2017,42,2,"Narrative discourse in the construction of Mapuche ethnic identity in
   context of displacement",5,5,"Univ Catolica Temuco, Educ Psychol &amp; Educ Res, Temuco,
   Chile.",Univ Catolica Temuco, Educ Psychol &amp; Educ Res, Temuco,1
56,DISCOURSE & SOCIETY,2017,42,2,"Narrative discourse in the construction of Mapuche ethnic identity in
   context of displacement",5,5,"Georgetown Univ, Italian Language &amp; Linguist, Italian
   Dept, Washington, DC 20057 USA.",Georgetown Univ, Italian Language &amp; Linguist," Italian
   Dept",1
57,DISCOURSE & SOCIETY,2017,42,2,"Narrative discourse in the construction of Mapuche ethnic identity in
   context of displacement",5,5,"Georgetown Univ, Dept Linguist, Washington, DC 20057 USA.",Georgetown Univ, Dept Linguist, Washington,1
58,DISCOURSE & SOCIETY,2017,42,2,"Constructing immigrants in UK legislation and Administration informative
   texts: A corpus-driven study (2007-2011)",3,3,"Univ Cambridge, Fac Educ, 184 Hills Rd,
   Cambridge CB2 8PQ, England.",Univ Cambridge, Fac Educ, 184 Hills Rd,1
59,DISCOURSE & SOCIETY,2017,42,2,"Constructing immigrants in UK legislation and Administration informative
   texts: A corpus-driven study (2007-2011)",3,3,"Univ Murcia, Gen English &amp; English Specif
   Purposes ESP, Dept English, Murcia, Spain.",Univ Murcia," Gen English &amp; English Specif
   Purposes ESP", Dept English,1
60,DISCOURSE & SOCIETY,2017,42,2,"Constructing immigrants in UK legislation and Administration informative
   texts: A corpus-driven study (2007-2011)",3,3,"Univ Murcia, Dept English, Murcia,
   Spain.",Univ Murcia, Dept English, Murcia,1
61,DISCOURSE & SOCIETY,2017,42,2,"Legitimizing ethno-sectarian conflicts for power: Construction of
   victimhood and disenfranchisement in Iraqi media interactions",1,1,"Al Mustansiriyah Univ, Dept English
   Language &amp; Literature, Baghdad, Iraq.",Al Mustansiriyah Univ," Dept English
   Language &amp; Literature", Baghdad,1
62,DISCOURSE & SOCIETY,2017,42,2,"The ideological construction of mother identity in the discourse of four
   women of the lower socio-economic group from Santiago, Chile",2,2,"Pontificia Univ Catolica Chile, Linguist Program,
   Santiago, Chile.",Pontificia Univ Catolica Chile, Linguist Program,"
   Santiago",1
63,DISCOURSE & SOCIETY,2017,42,2,"The ideological construction of mother identity in the discourse of four
   women of the lower socio-economic group from Santiago, Chile",2,2,"Pontificia Univ Catolica Chile, Campus San Joaquin,Ave
   Vicuna Mackenna 4860, Santiago, Chile.",Pontificia Univ Catolica Chile, Campus San Joaquin,"Ave
   Vicuna Mackenna 4860",1
64,DISCOURSE & SOCIETY,2017,42,2,"'They are not Muslims': A critical discourse analysis of the Ahmadiyya
   sect issue in Indonesia",2,2,"Univ Islam Makassar, Jl Perintis Kemerdekaan,Km
   9, Sulawesi 90245, Selatan, Indonesia.",Univ Islam Makassar, Jl Perintis Kemerdekaan,"Km
   9",1
65,DISCOURSE & SOCIETY,2017,42,2,"'They are not Muslims': A critical discourse analysis of the Ahmadiyya
   sect issue in Indonesia",2,2,"Univ New England, Armidale, NSW, Australia.",Univ New England, Armidale, NSW,1
66,DISCOURSE & SOCIETY,2017,42,2,"'Today I offer you, and we offer the country a new vision': The
   strategic use of first person pronouns in party conference speeches of
   the Third Way",1,1,"Edinburgh Napier Univ, Languages, Edinburgh,
   Midlothian, Scotland.",Edinburgh Napier Univ, Languages, Edinburgh,1
67,DISCOURSE & SOCIETY,2017,42,2,"Monitoring discriminatory political discourse on immigration: A pilot
   study in Catalonia",1,2,"Univ Pompeu Fabra,
   Barcelona, Spain.",Univ Pompeu Fabra,"
   Barcelona", Spain.,2
68,DISCOURSE & SOCIETY,2017,42,2,"'There is no alternative': How Italian and Spanish leaders' discourse
   obscured the political nature of austerity",1,1,"Univ Libre Bruxelles, Cevipol Bur S-11-216,44 Ave
   Jeanne,CP 124, Brussels, Belgium.",Univ Libre Bruxelles, Cevipol Bur S-11-216,"44 Ave
   Jeanne",1
69,DISCOURSE & SOCIETY,2017,42,2,"Confrontational yet submissive: Calculated ambivalence and populist
   parties' strategies of responding to racism accusations in the media",2,3,"Univ Turku, Turku, Finland.",Univ Turku, Turku, Finland.,2
70,DISCOURSE & SOCIETY,2017,42,2,"Confrontational yet submissive: Calculated ambivalence and populist
   parties' strategies of responding to racism accusations in the media",2,3,"Univ Strathclyde, Glasgow, Lanark, Scotland.",Univ Strathclyde, Glasgow, Lanark,1
71,DISCOURSE & SOCIETY,2017,42,2,"'One can hardly call them homophobic': Denials of antigay prejudice
   within the same-sex marriage debate",1,1,"Coventry Univ, Coventry, W Midlands, England.",Coventry Univ, Coventry, W Midlands,1
72,DISCOURSE & SOCIETY,2017,42,2,"'Can we have a child exchange?' Constructing and subverting the 'good
   mother' through play in Mumsnet Talk",1,1,"Univ Birmingham, Birmingham, W Midlands, England.",Univ Birmingham, Birmingham, W Midlands,1
73,DISCOURSE & SOCIETY,2017,42,2,Decoding images: Toward a theory of pictorial framing,1,1,"Assoc Crit Educ, Wroclaw, Poland.",Assoc Crit Educ, Wroclaw, Poland.,1
74,DISCOURSE & SOCIETY,2017,42,2,"Greetings and compliments or street harassment? Competing evaluations of
   street remarks in a recorded collection",1,1,"Univ Massachusetts, Dept Commun, Amherst, MA 01003
   USA.",Univ Massachusetts, Dept Commun, Amherst,1
75,DISCOURSE & SOCIETY,2017,42,2,"""Mum, the pot broke': Taking responsibility (or not) in language",2,2,"Univ Sydney, Sydney, NSW, Australia.",Univ Sydney, Sydney, NSW,1
76,DISCOURSE & SOCIETY,2017,42,2,"""Mum, the pot broke': Taking responsibility (or not) in language",2,2,"Univ Wollongong, Wollongong, NSW, Australia.",Univ Wollongong, Wollongong, NSW,1
77,DISCOURSE & SOCIETY,2017,42,2,"Debating the 2015 Islam law in Austrian Parliament: Between legal
   recognition and Islamophobic populism",1,1,"Univ Salzburg, Dept Polit Sci, Salzburg, Austria.",Univ Salzburg, Dept Polit Sci, Salzburg,1
78,DISCOURSE & SOCIETY,2017,42,2,"Representations of the Chinese Communist Party's political ideologies in
   President Xi Jinping's discourse",1,1,"Natl Univ Singapore, Dept English Language &amp; Literature,
   Singapore, Singapore.",Natl Univ Singapore, Dept English Language &amp; Literature,"
   Singapore",1
79,DISCOURSE & SOCIETY,2017,42,2,"Understanding the Hong Kong Umbrella Movement: A critical discourse
   historiographical approach",1,1,"Univ Lancaster, Lancaster, England.",Univ Lancaster, Lancaster, England.,1
80,DISCOURSE & SOCIETY,2017,42,2,"""Transborder conversation' and oppositional codes: Mediatised diffusion
   of social movement discourse between Hong Kong and China",1,1,"Chinese Univ Hong Kong, Sch Journalism &amp;
   Commun, Shatin, Hong Kong, Peoples R China.",Chinese Univ Hong Kong," Sch Journalism &amp;
   Commun", Shatin,1
81,DISCOURSE & SOCIETY,2017,42,2,Arguments for exception in US security discourse,2,2,"Univ Hull, Kingston Upon Hull, N Humberside, England.",Univ Hull, Kingston Upon Hull, N Humberside,1
82,DISCOURSE & SOCIETY,2017,42,2,Arguments for exception in US security discourse,2,2,"Univ Warwick, Ctr Appl Linguist, Coventry, W
   Midlands, England.",Univ Warwick, Ctr Appl Linguist, Coventry,1
83,DISCOURSE & SOCIETY,2017,42,2,"Telling stories: Credibility and the representation of social actors in
   Australian asylum appeals",1,1,"Macquarie Univ, Dept Linguist, Level 5,Bldg
   C5A,Balaclava Rd, N Ryde, NSW 2109, Australia.",Macquarie Univ, Dept Linguist, Level 5,1
84,DISCOURSE & SOCIETY,2017,42,2,"The discursive production and maintenance of class privilege: Permeable
   geographies, slippery rhetorics",2,2,"Univ Bern, Dept English, Language &amp; Commun, Bern,
   Switzerland.",Univ Bern, Dept English, Language &amp; Commun,1
85,DISCOURSE & SOCIETY,2017,42,2,"The discursive production and maintenance of class privilege: Permeable
   geographies, slippery rhetorics",2,2,"Univ Hong Kong, Sociolinguist, Sch English, Hong Kong,
   Hong Kong, Peoples R China.",Univ Hong Kong, Sociolinguist, Sch English,1
86,DISCOURSE & SOCIETY,2017,42,2,"Memes as reasonably hostile laments: A discourse analysis of political
   dissent in Oman",1,1,"Sultan Qaboos Univ, Dept English, Coll Arts &amp; Social
   Sci, POB 42, Muscat 123, Oman.",Sultan Qaboos Univ, Dept English," Coll Arts &amp; Social
   Sci",1
87,DISCOURSE & SOCIETY,2017,42,2,"The construction of anger in comments on the public behavior of members
   of the social elite in Chile",1,2,"Pontificia Univ Catolica
   Chile, Macul, Codigo, Chile.","Pontificia Univ Catolica
   Chile", Macul, Codigo,2
88,DISCOURSE & SOCIETY,2017,42,2,"""Unassimilable and undesirable': News elites' discursive construction of
   the American immigrant during the Ellis Island years",2,2,"Sam Houston State Univ, Sociol, Huntsville, TX
   77340 USA.",Sam Houston State Univ, Sociol, Huntsville,1
89,DISCOURSE & SOCIETY,2017,42,2,"""Unassimilable and undesirable': News elites' discursive construction of
   the American immigrant during the Ellis Island years",2,2,"Texas Hlth &amp; Human Serv Commiss, Behav Hlth, San
   Antonio, TX USA.",Texas Hlth &amp; Human Serv Commiss, Behav Hlth," San
   Antonio",1
90,DISCOURSE & SOCIETY,2017,42,2,"The moral construction of worry about radiation exposure: Emotion,
   knowledge, and tests",1,1,"Chiba Univ, Sociol, Chiba, Japan.",Chiba Univ, Sociol, Chiba,1
91,DISCOURSE & SOCIETY,2017,42,2,"In the theater of political style: Touches of populism, pluralism and
   elitism in speeches of politicians",1,1,"Maastricht Univ, Fac Arts &amp; Social Sci, Maastricht,
   Netherlands.",Maastricht Univ, Fac Arts &amp; Social Sci, Maastricht,1
92,DISCOURSE & SOCIETY,2018,42,2,"Teacher's ethnic teasing: Playing with ambiguity and exploiting in-group
   communication",1,1,"Leuphana Univ Luneburg, Teaching, Luneburg, Germany.",Leuphana Univ Luneburg, Teaching, Luneburg,1
93,DISCOURSE & SOCIETY,2018,42,2,"Discursive scaling: Moral stability and neoliberal dominance in the
   narratives of transnational migrant women",1,1,"Univ Illinois, Dept Linguist Focus Discourse Anal &amp;
   Sociolinguis, Urbana, IL USA.",Univ Illinois," Dept Linguist Focus Discourse Anal &amp;
   Sociolinguis", Urbana,1
94,DISCOURSE & SOCIETY,2018,42,2,"Morality at dinnertime: The sense of the Other as a practical
   accomplishment in family interaction",2,2,"Univ Bologna, Dept Philosophy &amp; Commun, Psychol,
   Bologna, Italy.",Univ Bologna, Dept Philosophy &amp; Commun, Psychol,1
95,DISCOURSE & SOCIETY,2018,42,2,"Morality at dinnertime: The sense of the Other as a practical
   accomplishment in family interaction",2,2,"Univ Bologna, Dept Educ, Bologna, Italy.",Univ Bologna, Dept Educ, Bologna,1
96,DISCOURSE & SOCIETY,2018,42,2,Judge discourse moves that enact and endanger procedural justice,2,2,"Univ Colorado Boulder, Commun, Boulder, CO USA.",Univ Colorado Boulder, Commun, Boulder,1
97,DISCOURSE & SOCIETY,2018,42,2,Judge discourse moves that enact and endanger procedural justice,2,2,"Univ Colorado Boulder, Dept Commun, Boulder, CO 80309
   USA.",Univ Colorado Boulder, Dept Commun, Boulder,1
98,DISCOURSE & SOCIETY,2018,42,2,The selfie as a global discourse,2,2,"Univ Coll Southeast Norway, Text &amp; Commun Studies, Borre,
   Norway.",Univ Coll Southeast Norway, Text &amp; Commun Studies, Borre,1
99,DISCOURSE & SOCIETY,2018,42,2,The selfie as a global discourse,2,2,"Univ Coll Southeast Norway, Borre,
   Norway.",Univ Coll Southeast Norway, Borre,"
   Norway.",1
100,DISCOURSE & SOCIETY,2018,42,2,"Between standard, silence and exception: How texts construct defendants
   as persons in Danish pre-sentence reports",1,1,"Univ Copenhagen, Copenhagen, Denmark.",Univ Copenhagen, Copenhagen, Denmark.,1
101,DISCOURSE & SOCIETY,2018,42,2,"'Please turn it off ': Negotiations and morality around children's media
   use at home",1,1,"CUNY, BMCC, Dept Acad Literacy &amp; Linguist, 199 Chambers
   St,Off N481, New York, NY 10007 USA.",CUNY, BMCC, Dept Acad Literacy &amp; Linguist,1
102,DISCOURSE & SOCIETY,2018,42,2,"Understanding political discourses about Europe: A multilevel contextual
   approach to discourse",1,1,"Univ Cyprus, Dept Social &amp; Polit Sci, Media
   Journalism &amp; Polit Commun, Nicosia, Cyprus.",Univ Cyprus, Dept Social &amp; Polit Sci," Media
   Journalism &amp; Polit Commun",1
103,DISCOURSE & SOCIETY,2018,42,2,Opposition as victimhood in newspaper debates about same-sex marriage,5,6,"Univ Liverpool, Media, Liverpool, Merseyside, England.",Univ Liverpool, Media, Liverpool,1
104,DISCOURSE & SOCIETY,2018,42,2,Opposition as victimhood in newspaper debates about same-sex marriage,5,6,"Sheffield Hallam Univ, Linguist,
   Sheffield, S Yorkshire, England.",Sheffield Hallam Univ, Linguist,"
   Sheffield",2
105,DISCOURSE & SOCIETY,2018,42,2,Opposition as victimhood in newspaper debates about same-sex marriage,5,6,"Nottingham Trent Univ, Linguist, Nottingham,
   England.",Nottingham Trent Univ, Linguist, Nottingham,1
106,DISCOURSE & SOCIETY,2018,42,2,Opposition as victimhood in newspaper debates about same-sex marriage,5,6,"Open Univ, Appl Linguist &amp; English Language, Milton
   Keynes, Bucks, England.",Open Univ, Appl Linguist &amp; English Language," Milton
   Keynes",1
107,DISCOURSE & SOCIETY,2018,42,2,Opposition as victimhood in newspaper debates about same-sex marriage,5,6,"Univ Nottingham, Sociolinguist, Nottingham, England.",Univ Nottingham, Sociolinguist, Nottingham,1
108,DISCOURSE & SOCIETY,2018,42,2,Manipulative use of risk as a stance in political communication,1,1,"Lesya Ukrainka Eastern European Natl Univ, English
   Philol, Lutsk, Ukraine.",Lesya Ukrainka Eastern European Natl Univ," English
   Philol", Lutsk,1
109,DISCOURSE & SOCIETY,2018,42,2,"""No ordinary crowd': Foregrounding a ""hooligan schema' in the
   construction of witness narratives following the Hillsborough football
   stadium disaster",1,1,"Univ Utrecht, Univ Coll Utrecht, Linguist, Utrecht,
   Netherlands.",Univ Utrecht, Univ Coll Utrecht, Linguist,1
110,DISCOURSE & SOCIETY,2018,42,2,"Presidential campaign talk: Question-answering in ""Neutral Informational
   Interviews'",1,1,"Bentley Univ, Sociol, Waltham, MA USA.",Bentley Univ, Sociol, Waltham,1
111,DISCOURSE & SOCIETY,2018,42,2,"""Riots engulfed the city': An experimental study investigating the
   legitimating effects of fire metaphors in discourses of disorder",1,1,"Univ Lancaster, Linguist, Lancaster, England.",Univ Lancaster, Linguist, Lancaster,1
112,DISCOURSE & SOCIETY,2018,42,2,"Is Trump always rambling like a fourth-grade student? An analysis of
   stylistic features of Donald Trump's political discourse during the 2016
   election",4,4,"Zhejiang Univ, Dept Linguist, Ningbo, Zhejiang, Peoples R
   China.",Zhejiang Univ, Dept Linguist, Ningbo,1
113,DISCOURSE & SOCIETY,2018,42,2,"Is Trump always rambling like a fourth-grade student? An analysis of
   stylistic features of Donald Trump's political discourse during the 2016
   election",4,4,"Zhejiang Univ, Linguist &amp; Appl Linguist, Ningbo, Zhejiang,
   Peoples R China.",Zhejiang Univ, Linguist &amp; Appl Linguist, Ningbo,1
114,DISCOURSE & SOCIETY,2018,42,2,"Is Trump always rambling like a fourth-grade student? An analysis of
   stylistic features of Donald Trump's political discourse during the 2016
   election",4,4,"Guangdong Univ Foreign Studies, Guangzhou, Guangdong,
   Peoples R China.",Guangdong Univ Foreign Studies, Guangzhou, Guangdong,1
115,DISCOURSE & SOCIETY,2018,42,2,"Is Trump always rambling like a fourth-grade student? An analysis of
   stylistic features of Donald Trump's political discourse during the 2016
   election",4,4,"Ningbo Inst Technol, Linguist, Ningbo, Zhejiang, Peoples R
   China.",Ningbo Inst Technol, Linguist, Ningbo,1
116,DISCOURSE & SOCIETY,2018,42,2,"""It really is about telling people who asylum seekers really are,
   because we are human like anybody else': Negotiating victimhood in
   refugee advocacy work",1,1,"Langford Court Farmhouse, Bath Rd, Upper
   Langford BS40 5GD, North Somerset, England.",Langford Court Farmhouse, Bath Rd," Upper
   Langford BS40 5GD",1
117,DISCOURSE & SOCIETY,2018,42,2,"'Keep strong, remember everything you have learnt': Constructing support
   and solidarity through online interaction within a UK cancer support
   group",1,1,"Aston Univ, Appl Linguist, Birmingham, W Midlands,
   England.",Aston Univ, Appl Linguist, Birmingham,1
118,DISCOURSE & SOCIETY,2018,42,2,"'We don't want any immigrants or terrorists here': The linguistic
   manufacturing of xenophobia in the post-2015 Poland",1,1,"Univ Lodz, Linguist, Lodz, Poland.",Univ Lodz, Linguist, Lodz,1
119,DISCOURSE & SOCIETY,2018,42,2,"Presupposition as investigator certainty in a police interrogation: The
   case of Lorenzo Montoya's false confession",1,1,"Montana State Univ, English, Bozeman, MT USA.",Montana State Univ, English, Bozeman,1
120,DISCOURSE & SOCIETY,2018,42,2,"Discourse on Southeast's bad reputation: Positioning of African
   Americans in Washington, DC",1,1,"Ohio Univ, Linguist, Athens, OH 45701 USA.",Ohio Univ, Linguist, Athens,1
121,DISCOURSE & SOCIETY,2018,42,2,"Building consensus: Design media and multimodality in architecture
   education",2,2,"Univ Nebraska, Text &amp; Mat Culture, Lincoln, NE USA.",Univ Nebraska, Text &amp; Mat Culture, Lincoln,1
122,DISCOURSE & SOCIETY,2018,42,2,"Building consensus: Design media and multimodality in architecture
   education",2,2,"Univ Alberta, Mat Culture &amp; Design Studies, Edmonton, AB,
   Canada.",Univ Alberta, Mat Culture &amp; Design Studies, Edmonton,1
123,DISCOURSE & SOCIETY,2018,42,2,Discursive strategies in Nigeria's 2015 Facebook campaign discourse,1,1,"Natl Open Univ Nigeria, Abuja, Nigeria.",Natl Open Univ Nigeria, Abuja, Nigeria.,1
124,DISCOURSE & SOCIETY,2018,42,2,"""What I would say to John and everyone like John is ...': The
   construction of ordinariness through quotations in mediated political
   discourse",2,2,"Univ Augsburg, Appl Linguist, Augsburg, Germany.",Univ Augsburg, Appl Linguist, Augsburg,1
125,DISCOURSE & SOCIETY,2018,42,2,"""What I would say to John and everyone like John is ...': The
   construction of ordinariness through quotations in mediated political
   discourse",2,2,"Bar Ilan Univ, Ramat Gan, Israel.",Bar Ilan Univ, Ramat Gan, Israel.,1
126,DISCOURSE & SOCIETY,2018,42,2,Trust-building strategies in corporate discourse: An experimental study,2,2,"Univ Birmingham, English &amp; Appl Linguist Dept,
   Birmingham, W Midlands, England.",Univ Birmingham, English &amp; Appl Linguist Dept,"
   Birmingham",1
127,DISCOURSE & SOCIETY,2018,42,2,Trust-building strategies in corporate discourse: An experimental study,2,2,"Univ Lancaster, Linguist, Lancaster, England.",Univ Lancaster, Linguist, Lancaster,1
128,DISCOURSE & SOCIETY,2018,42,2,"Extremist propaganda and Qur'anic scripture: A ""radical' corpus-based
   study of the Dabiq",1,1,"Tulane Univ, African Linguist, New Orleans, LA 70118
   USA.",Tulane Univ, African Linguist, New Orleans,1
129,DISCOURSE & SOCIETY,2018,42,2,"Studying the interactional construction of identities in Critical
   Discourse Studies: A proposed analytical framework",1,1,"Aristotle Univ Thessaloniki, Sch German Language
   &amp; Literature, Dept Linguist &amp; Language Teaching, Thessaloniki 54124,
   Greece.",Aristotle Univ Thessaloniki," Sch German Language
   &amp; Literature", Dept Linguist &amp; Language Teaching,1
130,DISCOURSE & SOCIETY,2018,42,2,"A cross-linguistic analysis of the 'homework' metaphor in German and
   English political discourse",2,2,"Univ Pompeu Fabra, Barcelona, Spain.",Univ Pompeu Fabra, Barcelona, Spain.,1
131,DISCOURSE & SOCIETY,2018,42,2,"A cross-linguistic analysis of the 'homework' metaphor in German and
   English political discourse",2,2,"Univ Pompeu Fabra, Translat &amp; Discourse Studies Res
   Group, Barcelona, Spain.",Univ Pompeu Fabra," Translat &amp; Discourse Studies Res
   Group", Barcelona,1
132,DISCOURSE & SOCIETY,2018,42,2,"Exploring stance in the manifestos of 3 candidates for the Hong Kong
   Chief Executive election 2017: Combining CDA and corpus-like insights",2,2,"Univ Hong Kong, Hong Kong, Hong Kong, Peoples R
   China.",Univ Hong Kong, Hong Kong, Hong Kong,1
133,DISCOURSE & SOCIETY,2018,42,2,"Exploring stance in the manifestos of 3 candidates for the Hong Kong
   Chief Executive election 2017: Combining CDA and corpus-like insights",2,2,"Univ Queensland, Sch Languages &amp; Cultures, Room
   510, St Lucia, Qld 4072, Australia.",Univ Queensland, Sch Languages &amp; Cultures," Room
   510",1
134,DISCOURSE & SOCIETY,2018,42,2,"'The tide, change, nobody can stop it': Metaphor for social action",2,2,"Univ Autonoma Madrid, English Linguist, English Dept,
   Madrid, Spain.",Univ Autonoma Madrid, English Linguist, English Dept,1
135,DISCOURSE & SOCIETY,2018,42,2,"'The tide, change, nobody can stop it': Metaphor for social action",2,2,"Univ Alcala De Henares, English Linguist, Alcala De
   Henares, Spain.",Univ Alcala De Henares, English Linguist," Alcala De
   Henares",1
136,DISCOURSE & SOCIETY,2018,42,2,"Revealing a hidden curriculum in educational discourses: A study of the
   representation of Europe and Asia in Spanish and Japanese school
   textbooks",1,1,"Pompeu Fabra Univ, Barcelona, Spain.",Pompeu Fabra Univ, Barcelona, Spain.,1
137,DISCOURSE & SOCIETY,2018,42,2,"Inclusivity and exclusivity in the use of Cantonese ngo(5)dei(6) ('we')
   in evasive replies in Hong Kong political discourse",2,2,"Hong Kong Polytech Univ, Hong Kong, Hong Kong,
   Peoples R China.",Hong Kong Polytech Univ, Hong Kong, Hong Kong,1
138,DISCOURSE & SOCIETY,2018,42,2,"Inclusivity and exclusivity in the use of Cantonese ngo(5)dei(6) ('we')
   in evasive replies in Hong Kong political discourse",2,2,"Chinese Univ Hong Kong, Shenzhen, Peoples R China.",Chinese Univ Hong Kong, Shenzhen, Peoples R China.,1
