,Journal,Year,Journal_Rank,Q_Position,Title,Total_Units,Total_Authors,Unit_Address,Unit_Name_1,Unit_Name_2,Unit_Name_3,Author_Number
0,MEDIA CULTURE & SOCIETY,2018,43,2,"Affect, emotion, and media audiences: the case of resilient reception",1,1,"Univ Virginia, 225 Wilson Hall, Charlottesville, VA
   22904 USA.",Univ Virginia, 225 Wilson Hall, Charlottesville,1
1,MEDIA CULTURE & SOCIETY,2018,43,2,The surveillant consumer,2,2,"Dartmouth Coll, Hanover, NH 03755 USA.",Dartmouth Coll, Hanover, NH 03755 USA.,1
2,MEDIA CULTURE & SOCIETY,2018,43,2,The surveillant consumer,2,2,"Cornell Univ, Ithaca, NY 14853 USA.",Cornell Univ, Ithaca, NY 14853 USA.,1
3,MEDIA CULTURE & SOCIETY,2018,43,2,"Alternative forms of media, ICTs, and underprivileged groups in China",1,1,"Univ Massachusetts, Amherst, MA 01003 USA.",Univ Massachusetts, Amherst, MA 01003 USA.,1
4,MEDIA CULTURE & SOCIETY,2018,43,2,"Illusionary fairness and controlled democracy: a critical examination of
   blind audition and voting system in The Voice of China",2,2,"Southwestern Univ Finance &amp; Econ, Chengdu, Sichuan,
   Peoples R China.",Southwestern Univ Finance &amp; Econ, Chengdu, Sichuan,1
5,MEDIA CULTURE & SOCIETY,2018,43,2,"Illusionary fairness and controlled democracy: a critical examination of
   blind audition and voting system in The Voice of China",2,2,"Bowling Green State Univ, Bowling Green, OH 43403 USA.",Bowling Green State Univ, Bowling Green, OH 43403 USA.,1
6,MEDIA CULTURE & SOCIETY,2018,43,2,"What do we mean when we talk about populism? Local politics, global
   movements and ""the people' in political coverage of the 2016 Australian
   federal and United States presidential elections",1,1,"Monash Univ, Caulfield, Vic, Australia.",Monash Univ, Caulfield, Vic,1
7,MEDIA CULTURE & SOCIETY,2018,43,2,"Media ownership and market structures: banes of news media
   sustainability in Nigeria?",1,1,"York Univ, Toronto, ON, Canada.",York Univ, Toronto, ON,1
8,MEDIA CULTURE & SOCIETY,2018,43,2,Visual pleasure from motherhood: Alyssa Milano challenging the male gaze,1,1,"Iowa State Univ, 2420 Lincoln Way,Suite 202, Ames, IA
   50014 USA.",Iowa State Univ, 2420 Lincoln Way,Suite 202,1
