,Journal,Year,Journal_Rank,Q_Position,Title,Total_Units,Total_Authors,Unit_Address,Unit_Name_1,Unit_Name_2,Unit_Name_3,Author_Number
0,JOURNAL OF LANGUAGE AND SOCIAL PSYCHOLOGY,2018,45,2,"Emotional Content in Wikipedia Articles on Negative Man-Made and
   Nature-Made Events",4,7,"Leibniz Inst Wissensmedien,
   Knowledge Construct Lab, Schleichstr 6, D-72076 Tubingen, Germany.",Leibniz Inst Wissensmedien,"
   Knowledge Construct Lab", Schleichstr 6,2
1,JOURNAL OF LANGUAGE AND SOCIAL PSYCHOLOGY,2018,45,2,"Emotional Content in Wikipedia Articles on Negative Man-Made and
   Nature-Made Events",4,7,"Leibniz Inst Wissensmedien, Tubingen,
   Germany.",Leibniz Inst Wissensmedien, Tubingen,"
   Germany.",2
2,JOURNAL OF LANGUAGE AND SOCIAL PSYCHOLOGY,2018,45,2,"Emotional Content in Wikipedia Articles on Negative Man-Made and
   Nature-Made Events",4,7,"Johannes Gutenberg Univ Mainz, Dept Psychol, Mainz,
   Germany.",Johannes Gutenberg Univ Mainz, Dept Psychol, Mainz,1
3,JOURNAL OF LANGUAGE AND SOCIAL PSYCHOLOGY,2018,45,2,"Emotional Content in Wikipedia Articles on Negative Man-Made and
   Nature-Made Events",4,7,"Eberhard Karls Univ Tubingen, Dept
   Psychol, Tubingen, Germany.",Eberhard Karls Univ Tubingen," Dept
   Psychol", Tubingen,2
4,JOURNAL OF LANGUAGE AND SOCIAL PSYCHOLOGY,2018,45,2,Managing the Moral Accountability of Stereotyping,1,1,"Univ Witwatersrand, Dept Psychol, Private Bag 3,PO
   Wits, ZA-2050 Johannesburg, South Africa.",Univ Witwatersrand, Dept Psychol, Private Bag 3,1
5,JOURNAL OF LANGUAGE AND SOCIAL PSYCHOLOGY,2018,45,2,"The Effect of Bilingual Congruence on the Persuasive Influence of Videos
   and Comments on YouTube",5,5,"Nanyang Technol Univ, Commun Studies, Singapore,
   Singapore.",Nanyang Technol Univ, Commun Studies, Singapore,1
6,JOURNAL OF LANGUAGE AND SOCIAL PSYCHOLOGY,2018,45,2,"The Effect of Bilingual Congruence on the Persuasive Influence of Videos
   and Comments on YouTube",5,5,"Univ Duisburg Essen, Grp Social Psychol Media &amp;
   Commun, Duisburg, Germany.",Univ Duisburg Essen," Grp Social Psychol Media &amp;
   Commun", Duisburg,1
7,JOURNAL OF LANGUAGE AND SOCIAL PSYCHOLOGY,2018,45,2,"The Effect of Bilingual Congruence on the Persuasive Influence of Videos
   and Comments on YouTube",5,5,"Univ Duisburg Essen, Social Psychol Media &amp; Commun
   Grp, Social &amp; Media Psychol, Duisburg, Germany.",Univ Duisburg Essen," Social Psychol Media &amp; Commun
   Grp", Social &amp; Media Psychol,1
8,JOURNAL OF LANGUAGE AND SOCIAL PSYCHOLOGY,2018,45,2,"The Effect of Bilingual Congruence on the Persuasive Influence of Videos
   and Comments on YouTube",5,5,"Univ Duisburg Essen, Social Psychol Media &amp; Commun,
   Duisburg, Germany.",Univ Duisburg Essen, Social Psychol Media &amp; Commun,"
   Duisburg",1
9,JOURNAL OF LANGUAGE AND SOCIAL PSYCHOLOGY,2018,45,2,"The Effect of Bilingual Congruence on the Persuasive Influence of Videos
   and Comments on YouTube",5,5,"Univ Amsterdam, Persuas Commun, Amsterdam, Netherlands.",Univ Amsterdam, Persuas Commun, Amsterdam,1
10,JOURNAL OF LANGUAGE AND SOCIAL PSYCHOLOGY,2018,45,2,"Intergroup Anxiety and Willingness to Accommodate: Exploring the Effects
   of Accent Stereotyping and Social Attraction",1,2,"Univ Kansas, Dept Commun
   Studies, 1440 Jayhawk Blvd,102 Bailey Hall, Lawrence, KS 66045 USA.",Univ Kansas," Dept Commun
   Studies", 1440 Jayhawk Blvd,2
11,JOURNAL OF LANGUAGE AND SOCIAL PSYCHOLOGY,2018,45,2,"Linguistic Discrimination Toward Roma: Can Intergroup Threat Enhance
   Bias?",1,2,"Univ Bologna, Bologna, Italy.",Univ Bologna, Bologna, Italy.,2
12,JOURNAL OF LANGUAGE AND SOCIAL PSYCHOLOGY,2018,45,2,"Psychological Determinants of Linguistic Purism: National
   Identification, Conservatism, and Attitudes to Loanwords",4,6,"Univ Warsaw, Fac
   Psychol, Ul Stawki 5-7, PL-00183 Warsaw, Poland.",Univ Warsaw," Fac
   Psychol", Ul Stawki 5-7,3
13,JOURNAL OF LANGUAGE AND SOCIAL PSYCHOLOGY,2018,45,2,"Psychological Determinants of Linguistic Purism: National
   Identification, Conservatism, and Attitudes to Loanwords",4,6,"Univ Warsaw, Philosophy Fac, Warsaw, Poland.",Univ Warsaw, Philosophy Fac, Warsaw,1
14,JOURNAL OF LANGUAGE AND SOCIAL PSYCHOLOGY,2018,45,2,"Psychological Determinants of Linguistic Purism: National
   Identification, Conservatism, and Attitudes to Loanwords",4,6,"Univ Warsaw, Fac Polish Studies, Warsaw, Poland.",Univ Warsaw, Fac Polish Studies, Warsaw,1
15,JOURNAL OF LANGUAGE AND SOCIAL PSYCHOLOGY,2018,45,2,"Psychological Determinants of Linguistic Purism: National
   Identification, Conservatism, and Attitudes to Loanwords",4,6,"Univ Warsaw, Ctr Res Prejudice, Warsaw, Poland.",Univ Warsaw, Ctr Res Prejudice, Warsaw,1
16,JOURNAL OF LANGUAGE AND SOCIAL PSYCHOLOGY,2018,45,2,"Academy Awards Speeches Reflect Social Status, Cinematic Roles, and
   Winning Expectations",1,1,"Stanford Univ, Dept Commun, Stanford, CA 94305 USA.",Stanford Univ, Dept Commun, Stanford,1
17,JOURNAL OF LANGUAGE AND SOCIAL PSYCHOLOGY,2018,45,2,Truth Bias and Partisan Bias in Political Deception Detection,1,1,"Calif State Univ Sacramento, Dept Commun Studies,
   5024 Mendocino Hall,6000 J St, Sacramento, CA 95819 USA.",Calif State Univ Sacramento, Dept Commun Studies,"
   5024 Mendocino Hall",1
18,JOURNAL OF LANGUAGE AND SOCIAL PSYCHOLOGY,2018,45,2,"Vitality, Language Use, and Life Satisfaction: A Study of Bilingual
   Hungarian Adolescents Living in Romania",3,3,"Univ Kentucky, Dept Commun, 242 Grehan Bldg,
   Lexington, KY 40506 USA.",Univ Kentucky, Dept Commun, 242 Grehan Bldg,1
19,JOURNAL OF LANGUAGE AND SOCIAL PSYCHOLOGY,2018,45,2,"Vitality, Language Use, and Life Satisfaction: A Study of Bilingual
   Hungarian Adolescents Living in Romania",3,3,"Univ Hawaii Manoa, Dept Communicol, Honolulu, HI
   96822 USA.",Univ Hawaii Manoa, Dept Communicol, Honolulu,1
20,JOURNAL OF LANGUAGE AND SOCIAL PSYCHOLOGY,2018,45,2,"Vitality, Language Use, and Life Satisfaction: A Study of Bilingual
   Hungarian Adolescents Living in Romania",3,3,"Univ Helsinki, Swedish Sch Social Sci, Helsinki,
   Finland.",Univ Helsinki, Swedish Sch Social Sci, Helsinki,1
21,JOURNAL OF LANGUAGE AND SOCIAL PSYCHOLOGY,2018,45,2,You Sound So Down: Capturing Depressed Affect Through Depressed Language,6,6,"Wilkes Univ, Psychol, Wilkes Barre, PA 18766 USA.",Wilkes Univ, Psychol, Wilkes Barre,1
22,JOURNAL OF LANGUAGE AND SOCIAL PSYCHOLOGY,2018,45,2,You Sound So Down: Capturing Depressed Affect Through Depressed Language,6,6,"Univ Maine, Psychol, Orono, ME USA.",Univ Maine, Psychol, Orono,1
23,JOURNAL OF LANGUAGE AND SOCIAL PSYCHOLOGY,2018,45,2,You Sound So Down: Capturing Depressed Affect Through Depressed Language,6,6,"Univ Maine, Rising Tide Ctr Gender Equ, Orono, ME
   USA.",Univ Maine, Rising Tide Ctr Gender Equ, Orono,1
24,JOURNAL OF LANGUAGE AND SOCIAL PSYCHOLOGY,2018,45,2,You Sound So Down: Capturing Depressed Affect Through Depressed Language,6,6,"Univ Maine, Womens Gender &amp; Sexual Studies Program,
   Orono, ME USA.",Univ Maine, Womens Gender &amp; Sexual Studies Program,"
   Orono",1
25,JOURNAL OF LANGUAGE AND SOCIAL PSYCHOLOGY,2018,45,2,You Sound So Down: Capturing Depressed Affect Through Depressed Language,6,6,"Sentier Strateg Resources, Austin, TX USA.",Sentier Strateg Resources, Austin, TX USA.,1
26,JOURNAL OF LANGUAGE AND SOCIAL PSYCHOLOGY,2018,45,2,You Sound So Down: Capturing Depressed Affect Through Depressed Language,6,6,"Calif State Univ San Bernardino, San Bernardino, CA
   92407 USA.",Calif State Univ San Bernardino, San Bernardino," CA
   92407 USA.",1
27,JOURNAL OF LANGUAGE AND SOCIAL PSYCHOLOGY,2018,45,2,"When Increasing the Strength of the Argument Becomes Counterproductive:
   The Role of Argumentative Markers in the Arousal of the Psychological
   Reactance",2,2,"Univ Paul Sabatier, Toulouse, France.",Univ Paul Sabatier, Toulouse, France.,1
28,JOURNAL OF LANGUAGE AND SOCIAL PSYCHOLOGY,2018,45,2,"When Increasing the Strength of the Argument Becomes Counterproductive:
   The Role of Argumentative Markers in the Arousal of the Psychological
   Reactance",2,2,"Univ Aix Marseille, Social Psychol, Aix En Provence,
   France.",Univ Aix Marseille, Social Psychol, Aix En Provence,1
29,JOURNAL OF LANGUAGE AND SOCIAL PSYCHOLOGY,2018,45,2,"How Do Friends and Strangers Play the Game Taboo? A Study of Accuracy,
   Efficiency, Motivation, and the Use of Shared Knowledge",2,2,"Tilburg Univ, Dept Commun &amp; Informat Sci, POB
   90153, NL-5000 LE Tilburg, Netherlands.",Tilburg Univ, Dept Commun &amp; Informat Sci," POB
   90153",1
30,JOURNAL OF LANGUAGE AND SOCIAL PSYCHOLOGY,2018,45,2,"How Do Friends and Strangers Play the Game Taboo? A Study of Accuracy,
   Efficiency, Motivation, and the Use of Shared Knowledge",2,2,"Tilburg Univ, Dept Commun &amp; Informat Sci, Commun
   Cognit &amp; Computat, Tilburg, Netherlands.",Tilburg Univ, Dept Commun &amp; Informat Sci," Commun
   Cognit &amp; Computat",1
31,JOURNAL OF LANGUAGE AND SOCIAL PSYCHOLOGY,2018,45,2,"The Language of New Terrorism: Differences in Psychological Dimensions
   of Communication in Dabiq and Inspire",2,2,"Deakin Univ, Alfred Deakin Inst Citizenship &amp;
   Globalisat, Burwood, Vic 3125, Australia.",Deakin Univ," Alfred Deakin Inst Citizenship &amp;
   Globalisat", Burwood,1
32,JOURNAL OF LANGUAGE AND SOCIAL PSYCHOLOGY,2018,45,2,"The Language of New Terrorism: Differences in Psychological Dimensions
   of Communication in Dabiq and Inspire",2,2,"Western Sydney Univ, Social Sci &amp; Psychol, Penrith,
   NSW, Australia.",Western Sydney Univ, Social Sci &amp; Psychol, Penrith,1
33,JOURNAL OF LANGUAGE AND SOCIAL PSYCHOLOGY,2018,45,2,"What Constitutes ""Discrimination' in Everyday Talk? Argumentative Lines
   and the Social Representations of Discrimination",4,4,"Cardiff Univ, Sch Social Sci, Cardiff CF10 3WT, S
   Glam, Wales.",Cardiff Univ, Sch Social Sci, Cardiff CF10 3WT,1
34,JOURNAL OF LANGUAGE AND SOCIAL PSYCHOLOGY,2018,45,2,"What Constitutes ""Discrimination' in Everyday Talk? Argumentative Lines
   and the Social Representations of Discrimination",4,4,"Cardiff Univ, Cardiff, S Glam, Wales.",Cardiff Univ, Cardiff, S Glam,1
35,JOURNAL OF LANGUAGE AND SOCIAL PSYCHOLOGY,2018,45,2,"What Constitutes ""Discrimination' in Everyday Talk? Argumentative Lines
   and the Social Representations of Discrimination",4,4,"Open Univ, Sch Psychol, Milton Keynes, Bucks, England.",Open Univ, Sch Psychol, Milton Keynes,1
36,JOURNAL OF LANGUAGE AND SOCIAL PSYCHOLOGY,2018,45,2,"What Constitutes ""Discrimination' in Everyday Talk? Argumentative Lines
   and the Social Representations of Discrimination",4,4,"Univ Adelaide, Psychol, Adelaide, SA, Australia.",Univ Adelaide, Psychol, Adelaide,1
37,JOURNAL OF LANGUAGE AND SOCIAL PSYCHOLOGY,2018,45,2,"Differences and Similarities Between Koreans and Americans in Lying and
   Truth-Telling",2,2,"Korea Univ, Sch Media &amp; Commun, 606 Media Hall,145 Anam
   Ro, Seoul 136701, South Korea.",Korea Univ, Sch Media &amp; Commun, 606 Media Hall,1
38,JOURNAL OF LANGUAGE AND SOCIAL PSYCHOLOGY,2018,45,2,"Differences and Similarities Between Koreans and Americans in Lying and
   Truth-Telling",2,2,"Univ Missouri, Dept Hlth Sci, Columbia, MO USA.",Univ Missouri, Dept Hlth Sci, Columbia,1
39,JOURNAL OF LANGUAGE AND SOCIAL PSYCHOLOGY,2018,45,2,"The Answer Is in the Question? Mood Effects on Processing Verbal
   Information and Impression Formation",2,2,"Univ New South Wales, Sydney, NSW, Australia.",Univ New South Wales, Sydney, NSW,1
40,JOURNAL OF LANGUAGE AND SOCIAL PSYCHOLOGY,2018,45,2,"The Answer Is in the Question? Mood Effects on Processing Verbal
   Information and Impression Formation",2,2,"Univ New South Wales, Sch Psychol, Mathews Bldg,
   Sydney, NSW 2052, Australia.",Univ New South Wales, Sch Psychol, Mathews Bldg,1
41,JOURNAL OF LANGUAGE AND SOCIAL PSYCHOLOGY,2018,45,2,Predicting Veracity From Linguistic Indicators,2,2,"Univ Arizona, Commun Family Studies &amp; Human Dev,
   Tucson, AZ USA.",Univ Arizona, Commun Family Studies &amp; Human Dev,"
   Tucson",1
42,JOURNAL OF LANGUAGE AND SOCIAL PSYCHOLOGY,2018,45,2,Predicting Veracity From Linguistic Indicators,2,2,"Univ Arizona, Res, Ctr Management Informat, Tucson,
   AZ USA.",Univ Arizona, Res, Ctr Management Informat,1
43,JOURNAL OF LANGUAGE AND SOCIAL PSYCHOLOGY,2018,45,2,"Intergroup Threat and the Linguistic Intergroup Bias: A Stress Biomarker
   Study",4,4,"Univ Ottawa, Ottawa, ON, Canada.",Univ Ottawa, Ottawa, ON,1
44,JOURNAL OF LANGUAGE AND SOCIAL PSYCHOLOGY,2018,45,2,"Intergroup Threat and the Linguistic Intergroup Bias: A Stress Biomarker
   Study",4,4,"Univ Ottawa, Behav Neurosci Sect Psychol, Ottawa,
   ON, Canada.",Univ Ottawa, Behav Neurosci Sect Psychol, Ottawa,1
45,JOURNAL OF LANGUAGE AND SOCIAL PSYCHOLOGY,2018,45,2,"Intergroup Threat and the Linguistic Intergroup Bias: A Stress Biomarker
   Study",4,4,"Univ Ottawa, Social Psychol, Ottawa, ON, Canada.",Univ Ottawa, Social Psychol, Ottawa,1
46,JOURNAL OF LANGUAGE AND SOCIAL PSYCHOLOGY,2018,45,2,"Intergroup Threat and the Linguistic Intergroup Bias: A Stress Biomarker
   Study",4,4,"Concordia Univ Edmonton, Edmonton, AB, Canada.",Concordia Univ Edmonton, Edmonton, AB,1
47,JOURNAL OF LANGUAGE AND SOCIAL PSYCHOLOGY,2018,45,2,"The Stuff That Verbal Person-Centered Support Is Made of: Identifying
   Linguistic Markers of More and Less Supportive Conversations",4,4,"Univ Iowa, Dept Commun Studies, 147 Becker Commun
   Studies Bldg, Iowa City, IA 52242 USA.",Univ Iowa, Dept Commun Studies," 147 Becker Commun
   Studies Bldg",1
48,JOURNAL OF LANGUAGE AND SOCIAL PSYCHOLOGY,2018,45,2,"The Stuff That Verbal Person-Centered Support Is Made of: Identifying
   Linguistic Markers of More and Less Supportive Conversations",4,4,"Penn State Univ, Dept Commun Arts &amp; Sci, University
   Pk, PA 16802 USA.",Penn State Univ, Dept Commun Arts &amp; Sci," University
   Pk",1
49,JOURNAL OF LANGUAGE AND SOCIAL PSYCHOLOGY,2018,45,2,"The Stuff That Verbal Person-Centered Support Is Made of: Identifying
   Linguistic Markers of More and Less Supportive Conversations",4,4,"Univ Minnesota, Commun Studies, Minneapolis, MN USA.",Univ Minnesota, Commun Studies, Minneapolis,1
50,JOURNAL OF LANGUAGE AND SOCIAL PSYCHOLOGY,2018,45,2,"The Stuff That Verbal Person-Centered Support Is Made of: Identifying
   Linguistic Markers of More and Less Supportive Conversations",4,4,"Univ Mississippi, Meek Sch Journalism &amp; New Media,
   University, MS 38677 USA.",Univ Mississippi, Meek Sch Journalism &amp; New Media,"
   University",1
51,JOURNAL OF LANGUAGE AND SOCIAL PSYCHOLOGY,2018,45,2,"The Language of Romance: An Open Vocabulary Analysis of the Highest
   Rated Words Used in Romance Novels",2,3,"Univ Texas Austin, Blackburn Lab, Austin,
   TX 78712 USA.",Univ Texas Austin, Blackburn Lab, Austin,2
52,JOURNAL OF LANGUAGE AND SOCIAL PSYCHOLOGY,2018,45,2,"The Language of Romance: An Open Vocabulary Analysis of the Highest
   Rated Words Used in Romance Novels",2,3,"Univ Texas Austin, Dept Psychol, Pennebaker
   Language Lab, Austin, TX 78712 USA.",Univ Texas Austin, Dept Psychol," Pennebaker
   Language Lab",1
53,JOURNAL OF LANGUAGE AND SOCIAL PSYCHOLOGY,2018,45,2,"Words Apart: A Study of Attitudes Toward Varieties of South African
   English Accents in a United States Employment Scenario",2,2,"Univ Kentucky, Coll Commun &amp; Informat, 211 McVey
   Hall, Lexington, KY 40506 USA.",Univ Kentucky, Coll Commun &amp; Informat," 211 McVey
   Hall",1
54,JOURNAL OF LANGUAGE AND SOCIAL PSYCHOLOGY,2018,45,2,"Words Apart: A Study of Attitudes Toward Varieties of South African
   English Accents in a United States Employment Scenario",2,2,"Illinois State Univ, Commun, Normal, IL 61761 USA.",Illinois State Univ, Commun, Normal,1
55,JOURNAL OF LANGUAGE AND SOCIAL PSYCHOLOGY,2018,45,2,"Captatio Benevolentiae: Potential Risks and Benefits of Flattering the
   Audience in a Public Political Speech",1,2,"Univ Modena &amp; Reggio Emilia,
   Social Psychol, Commun &amp; Econ Dept, Reggio Emilia, Italy.",Univ Modena &amp; Reggio Emilia,"
   Social Psychol", Commun &amp; Econ Dept,2
