,Journal,Year,Journal_Rank,Q_Position,Title,Total_Units,Total_Authors,Unit_Address,Unit_Name_1,Unit_Name_2,Unit_Name_3,Author_Number
0,DISCOURSE CONTEXT & MEDIA,2018,48,2,Mitigation in Chinese online consumer reviews,1,1,"Beihang Univ, Sch Foreign Languages, Beijing, Peoples R China.",Beihang Univ, Sch Foreign Languages, Beijing,1
1,DISCOURSE CONTEXT & MEDIA,2018,48,2,"Chinese-English bilinguals' online compliment response patterns in
   American (Facebook) and Chinese (Renren) social networking sites",3,4,"Texas A&amp;M Univ, College Stn, TX USA.",Texas A&amp;M Univ, College Stn, TX USA.,2
2,DISCOURSE CONTEXT & MEDIA,2018,48,2,"Chinese-English bilinguals' online compliment response patterns in
   American (Facebook) and Chinese (Renren) social networking sites",3,4,"Texas A&amp;M Univ Qatar, Doha, Qatar.",Texas A&amp;M Univ Qatar, Doha, Qatar.,1
3,DISCOURSE CONTEXT & MEDIA,2018,48,2,"Chinese-English bilinguals' online compliment response patterns in
   American (Facebook) and Chinese (Renren) social networking sites",3,4,"4232 TAMU, College Stn, TX 77843 USA.",4232 TAMU, College Stn, TX 77843 USA.,1
4,DISCOURSE CONTEXT & MEDIA,2018,48,2,Public ritual apology - A case study of Chinese,2,4,"Hungarian Acad Sci, Res Inst Linguist,
   Budapest, Hungary.",Hungarian Acad Sci, Res Inst Linguist,"
   Budapest",2
5,DISCOURSE CONTEXT & MEDIA,2018,48,2,Public ritual apology - A case study of Chinese,2,4,"Guangdong Univ Foreign Studies, Natl
   Key Res Ctr Linguist &amp; Appl Linguist, Guangzhou, Guangdong, Peoples R
   China.",Guangdong Univ Foreign Studies," Natl
   Key Res Ctr Linguist &amp; Appl Linguist", Guangzhou,2
6,DISCOURSE CONTEXT & MEDIA,2018,48,2,Facework by global brands across Twitter and Weibo,2,2,"Xian Int Studies Univ, Sch Translat Studies, Xian,
   Shaanxi, Peoples R China.",Xian Int Studies Univ, Sch Translat Studies, Xian,1
7,DISCOURSE CONTEXT & MEDIA,2018,48,2,Facework by global brands across Twitter and Weibo,2,2,"Hong Kong Polytech Univ, Dept Chinese &amp; Bilingual
   Studies, Kowloon, Peoples R China.",Hong Kong Polytech Univ," Dept Chinese &amp; Bilingual
   Studies", Kowloon,1
8,DISCOURSE CONTEXT & MEDIA,2018,48,2,"Exploring Chinese college students' construction of online identity on
   the Sina Microblog",1,1,"Nanjing Univ Posts &amp; Telecommun, 9 Wenyuan Rd, Nanjing
   210023, Jiangsu, Peoples R China.",Nanjing Univ Posts &amp; Telecommun, 9 Wenyuan Rd," Nanjing
   210023",1
9,DISCOURSE CONTEXT & MEDIA,2018,48,2,"The representation of ordinary people: A discursive study of identities
   constructed in China's news reports of social conflicts",1,2,"Shandong Normal Univ, Sch Foreign Languages, 1
   Daxue Rd, Jinan 250358, Shandong, Peoples R China.",Shandong Normal Univ, Sch Foreign Languages," 1
   Daxue Rd",2
10,DISCOURSE CONTEXT & MEDIA,2018,48,2,"Discursive strategies of resistance on Weibo: A case study of the 2015
   Tianjin explosions in China",2,2,"Sun Yat Sen Univ, Sch Int Studies, Tang Jia Wan, Zhuhai,
   Peoples R China.",Sun Yat Sen Univ, Sch Int Studies, Tang Jia Wan,1
11,DISCOURSE CONTEXT & MEDIA,2018,48,2,"Discursive strategies of resistance on Weibo: A case study of the 2015
   Tianjin explosions in China",2,2,"Sun Yat Sen Univ, Tang Jia Wan, Zhuhai, Peoples R China.",Sun Yat Sen Univ, Tang Jia Wan, Zhuhai,1
12,DISCOURSE CONTEXT & MEDIA,2018,48,2,Constructing issues in the media through metaphoric frame networks,2,2,"Univ Sussex, Sch Media Film &amp; Mus, Silverstone
   Bldg,Arts Rd, Falmer BN1 9RG, England.",Univ Sussex, Sch Media Film &amp; Mus," Silverstone
   Bldg",1
13,DISCOURSE CONTEXT & MEDIA,2018,48,2,Constructing issues in the media through metaphoric frame networks,2,2,"Univ Rovira &amp; Virgili, Commun Studies Dept, Campus
   Ctr,Catalunya Ave 35, Tarragona 43002, Spain.",Univ Rovira &amp; Virgili, Commun Studies Dept," Campus
   Ctr",1
14,DISCOURSE CONTEXT & MEDIA,2018,48,2,"Vernaculars in the stylization of new Basque youth media identities: Is
   there a realignment of ideological relations?",1,1,"Univ Basque Country, NOR Res Grp, Leioa, Spain.",Univ Basque Country, NOR Res Grp, Leioa,1
15,DISCOURSE CONTEXT & MEDIA,2018,48,2,"Emoji and communicative action: The semiotics, sequence and gestural
   actions of 'face covering hand'",2,4,"Beijing Normal Univ, Adv Innovat Ctr Future Educ,
   3-F,Block A,Jingshi Sci &amp; Technol Mans, Beijing 100875, Peoples R China.",Beijing Normal Univ, Adv Innovat Ctr Future Educ,"
   3-F",1
16,DISCOURSE CONTEXT & MEDIA,2018,48,2,"Emoji and communicative action: The semiotics, sequence and gestural
   actions of 'face covering hand'",2,4,"UCL, Inst Educ, 20 Bedford
   Way, London WC1H 0AL, England.",UCL, Inst Educ," 20 Bedford
   Way",3
17,DISCOURSE CONTEXT & MEDIA,2018,48,2,"'An insufferable burden on businesses?' On changing attitudes to
   maternity leave and economic-related issues in the Times and Daily Mail",1,1,"Univ Birmingham, English Language &amp; Appl
   Linguist, Birmingham B15 2TT, W Midlands, England.",Univ Birmingham," English Language &amp; Appl
   Linguist", Birmingham B15 2TT,1
18,DISCOURSE CONTEXT & MEDIA,2018,48,2,"Etic and emic approaches to the collective memory in media coverage of
   the Hasidic pilgrimage to Uman",1,1,"Polish Acad Sci, Inst Sociol &amp; Philosophy, Grad Sch
   Social Res, Nowy Swiat 72,r261, Warsaw, Poland.",Polish Acad Sci, Inst Sociol &amp; Philosophy," Grad Sch
   Social Res",1
19,DISCOURSE CONTEXT & MEDIA,2018,48,2,Functions of emojis in WhatsApp interaction among Omanis,1,1,"Sultan Qaboos Univ, Coll Arts &amp; Social Sci, Dept
   English, Muscat, Oman.",Sultan Qaboos Univ, Coll Arts &amp; Social Sci," Dept
   English",1
20,DISCOURSE CONTEXT & MEDIA,2018,48,2,"Philosophical trilogy in critical visual analysis - Case of refugee
   discourse",1,1,"NUST, NUST Inst Peace &amp; Conflict Studies NIPCONS,
   CIPS, Islamabad, Pakistan.",NUST, NUST Inst Peace &amp; Conflict Studies NIPCONS,"
   CIPS",1
21,DISCOURSE CONTEXT & MEDIA,2018,48,2,"Multimodal analysis of the nationalist discourse and historical
   inspirations of the spectacle of the populist right in Poland between
   2015 and 2017",2,3,"Univ Wroclaw, Dept Sociol, Wroclaw, Poland.",Univ Wroclaw, Dept Sociol, Wroclaw,1
22,DISCOURSE CONTEXT & MEDIA,2018,48,2,"Multimodal analysis of the nationalist discourse and historical
   inspirations of the spectacle of the populist right in Poland between
   2015 and 2017",2,3,"Ctr Civil Rights &amp; Democracy Res, Warsaw,
   Poland.",Ctr Civil Rights &amp; Democracy Res, Warsaw,"
   Poland.",2
23,DISCOURSE CONTEXT & MEDIA,2018,48,2,The Listening Project as caring public talk,1,1,"Univ Liverpool, Dept Commun &amp; Media, Sch Arts, 19-23
   Abercromby Sq, Liverpool L68 7ZG, Merseyside, England.",Univ Liverpool, Dept Commun &amp; Media, Sch Arts,1
24,DISCOURSE CONTEXT & MEDIA,2018,48,2,"""Keep moving forward. LEFT RIGHT LEFT"": A critical metaphor analysis and
   addressivity analysis of personal and professional obesity blogs",2,2,"Univ Lancaster, Dept Linguist &amp; English
   Language, Cty South C77, Lancaster LA1 4YL, England.",Univ Lancaster," Dept Linguist &amp; English
   Language", Cty South C77,1
25,DISCOURSE CONTEXT & MEDIA,2018,48,2,"""Keep moving forward. LEFT RIGHT LEFT"": A critical metaphor analysis and
   addressivity analysis of personal and professional obesity blogs",2,2,"Queen Mary Univ London, Sch Languages Linguist &amp;
   Film, Bancroft Bldg 2-38, London E1 4NS, England.",Queen Mary Univ London," Sch Languages Linguist &amp;
   Film", Bancroft Bldg 2-38,1
26,DISCOURSE CONTEXT & MEDIA,2018,48,2,"'Have you wondered why sportspeople die?' The medical weblog as a
   popularisation tool",1,1,"Univ Szczecin, Fac Philol, Inst English, Al Piastow
   40B-5, PL-71065 Szczecin, Poland.",Univ Szczecin, Fac Philol, Inst English,1
27,DISCOURSE CONTEXT & MEDIA,2018,48,2,"'Bad' mums tell the 'untenable': Narrative practices and agency in
   online stories about postnatal depression on Mumsnet",1,1,"Univ Reading, Dept English Language &amp; Appl Linguist,
   Reading RG6 6AW, Berks, England.",Univ Reading, Dept English Language &amp; Appl Linguist,"
   Reading RG6 6AW",1
28,DISCOURSE CONTEXT & MEDIA,2018,48,2,Expression of empathy in a Facebook-based diabetes support group,3,3,"Univ East Anglia, Fac Arts &amp; Humanities, Sch Polit
   Philosophy Language &amp; Commun Studies, Norwich Res Pk, Norwich NR4 7TJ,
   Norfolk, England.",Univ East Anglia, Fac Arts &amp; Humanities," Sch Polit
   Philosophy Language &amp; Commun Studies",1
29,DISCOURSE CONTEXT & MEDIA,2018,48,2,Expression of empathy in a Facebook-based diabetes support group,3,3,"Univ Nottingham, Sch English, Univ Pk, Nottingham NG7
   2RD, England.",Univ Nottingham, Sch English, Univ Pk,1
30,DISCOURSE CONTEXT & MEDIA,2018,48,2,Expression of empathy in a Facebook-based diabetes support group,3,3,"Queen Mary Univ London, Sch Languages Linguist &amp; Film,
   London E1 4NS, England.",Queen Mary Univ London, Sch Languages Linguist &amp; Film,"
   London E1 4NS",1
31,DISCOURSE CONTEXT & MEDIA,2018,48,2,"Dementia on Facebook: Requesting information and advice about dementia
   risk-prevention on social media",2,3,"Univ Adelaide, Adelaide Nursing Sch, Adelaide, SA
   5005, Australia.",Univ Adelaide, Adelaide Nursing Sch, Adelaide,1
32,DISCOURSE CONTEXT & MEDIA,2018,48,2,"Dementia on Facebook: Requesting information and advice about dementia
   risk-prevention on social media",2,3,"Univ Adelaide, Sch Psychol,
   Adelaide, SA, Australia.",Univ Adelaide, Sch Psychol,"
   Adelaide",2
33,DISCOURSE CONTEXT & MEDIA,2018,48,2,"Mental health advocacy on Twitter: Positioning in Depression Awareness
   Week tweets",2,2,"Queen Mary Univ London, Sch Languages Linguist &amp; Film,
   2-36 Francis Bancroft, London, England.",Queen Mary Univ London, Sch Languages Linguist &amp; Film,"
   2-36 Francis Bancroft",1
34,DISCOURSE CONTEXT & MEDIA,2018,48,2,"Mental health advocacy on Twitter: Positioning in Depression Awareness
   Week tweets",2,2,"Univ Lancaster, Lancaster, England.",Univ Lancaster, Lancaster, England.,1
35,DISCOURSE CONTEXT & MEDIA,2018,48,2,"""Enemies of the people"": Populist performances in the Daily Mail
   reporting of the Article 50 case",1,1,"Univ Navarra, Inst Cultura &amp; Soc, Campus Univ, Navarra
   31009, Spain.",Univ Navarra, Inst Cultura &amp; Soc, Campus Univ,1
36,DISCOURSE CONTEXT & MEDIA,2018,48,2,The translingual digital practices of Saudi females on WhatsApp,1,1,"Imam Abdulrahman Bin Faisal Univ, Dammam, Saudi
   Arabia.",Imam Abdulrahman Bin Faisal Univ, Dammam," Saudi
   Arabia.",1
37,DISCOURSE CONTEXT & MEDIA,2018,48,2,A chronotopic approach to identity performance in a Facebook meme page,1,1,"Univ Ostrava, Fac Arts, Dept English &amp; Amer Studies,
   Realni 7, Ostrava 70103, Czech Republic.",Univ Ostrava, Fac Arts, Dept English &amp; Amer Studies,1
38,DISCOURSE CONTEXT & MEDIA,2018,48,2,"Narrative aftershocks: Digital retellings of an earthquake in
   Emilia-Romagna, Northern Italy",1,1,"SUNY Binghamton, Dept Anthropol, S1 221,POB 6000,
   Binghamton, NY 13902 USA.",SUNY Binghamton, Dept Anthropol, S1 221,1
39,DISCOURSE CONTEXT & MEDIA,2018,48,2,"Spaces for support: Discursive negotiations of supporter positions in
   online forum discussions about suicide",1,1,"Umea univ, Dept Sociol, S-90187 Umea, Sweden.",Umea univ, Dept Sociol, S-90187 Umea,1
40,DISCOURSE CONTEXT & MEDIA,2018,48,2,"Re-appraising self and other in the English translation of contemporary
   Chinese political discourse",1,2,"Shanghai Ocean Univ, Sch Foreign Languages, 999
   Hucheng Ring Rd, Shanghai 201306, Peoples R China.",Shanghai Ocean Univ, Sch Foreign Languages," 999
   Hucheng Ring Rd",2
41,DISCOURSE CONTEXT & MEDIA,2018,48,2,"From victims to survivors: The discourse of trauma in self-narratives of
   sexual violence in Cosmopolitan UK online",2,2,"Univ Jyvaskyla, Dept Language &amp; Commun
   Studies, Jyvaskyla, Finland.",Univ Jyvaskyla," Dept Language &amp; Commun
   Studies", Jyvaskyla,1
42,DISCOURSE CONTEXT & MEDIA,2018,48,2,"From victims to survivors: The discourse of trauma in self-narratives of
   sexual violence in Cosmopolitan UK online",2,2,"Hanken Sch Econ, Ctr Languages &amp; Business Commun,
   Helsinki, Finland.",Hanken Sch Econ, Ctr Languages &amp; Business Commun,"
   Helsinki",1
43,DISCOURSE CONTEXT & MEDIA,2018,48,2,"The myth of giving as good: Charitable giving represented as an end in
   itself",1,1,"Cardiff Univ, Cardiff, S Glam, Wales.",Cardiff Univ, Cardiff, S Glam,1
44,DISCOURSE CONTEXT & MEDIA,2018,48,2,"""Congratulations, you're on TV!"": Middle-space performances of live
   tweeters during the FIFA World Cup",1,2,"Univ Jyvaskyla, Jyvaskyla, Finland.",Univ Jyvaskyla, Jyvaskyla, Finland.,2
45,DISCOURSE CONTEXT & MEDIA,2018,48,2,"The appeal to political sentiment: An analysis of Donald Trump's and
   Hillary Clinton's speech themes and discourse strategies in the 2016 US
   presidential election",1,2,"Huazhong Univ Sci &amp; Technol, Sch Foreign
   Languages, Luoyu Rd 1037, Wuhan 430074, Hubei, Peoples R China.",Huazhong Univ Sci &amp; Technol," Sch Foreign
   Languages", Luoyu Rd 1037,2
46,DISCOURSE CONTEXT & MEDIA,2018,48,2,Negotiating tensions around new forms of academic writing,1,2,"Univ Lancaster, Lancaster, England.",Univ Lancaster, Lancaster, England.,2
47,DISCOURSE CONTEXT & MEDIA,2018,48,2,"Impact of digital tools on the research writing process: A case study of
   collaborative writing in computer science",1,1,"Univ Helsinki, Dept Languages, POB 24, FI-00014
   Helsinki, Finland.",Univ Helsinki, Dept Languages, POB 24,1
48,DISCOURSE CONTEXT & MEDIA,2018,48,2,"Features of online ELF in research group blogs written by multilingual
   scholars",1,1,"Univ Zaragoza, C Pedro Cerbuna 12, E-50009 Zaragoza,
   Spain.",Univ Zaragoza, C Pedro Cerbuna 12, E-50009 Zaragoza,1
49,DISCOURSE CONTEXT & MEDIA,2018,48,2,"Try to prove me wrong: Dialogicity and audience involvement in economics
   blogs",1,1,"Univ Modena &amp; Reggio Emilia, Dept Studies Language &amp;
   Culture, Largo S Eufemia 19, I-41121 Modena, Italy.",Univ Modena &amp; Reggio Emilia," Dept Studies Language &amp;
   Culture", Largo S Eufemia 19,1
50,DISCOURSE CONTEXT & MEDIA,2018,48,2,"Disseminating and constructing academic knowledge in online scholarly
   journals: An analysis of virtual special issue introductions",1,1,"Univ Zaragoza, Zaragoza, Spain.",Univ Zaragoza, Zaragoza, Spain.,1
51,DISCOURSE CONTEXT & MEDIA,2018,48,2,"New technologies, continuing ideologies: Online reader comments as a
   support for media perspectives of minority religions",1,1,"Newman Univ, Genners Lane, Birmingham B32 3NT, W
   Midlands, England.",Newman Univ, Genners Lane, Birmingham B32 3NT,1
52,DISCOURSE CONTEXT & MEDIA,2018,48,2,"Populist discourse on a British social media patient-support community:
   The case of the Charlie Gard support campaign on Facebook",1,1,"Univ Surrey, Dept Sociol, Guildford, Surrey, England.",Univ Surrey, Dept Sociol, Guildford,1
53,DISCOURSE CONTEXT & MEDIA,2018,48,2,"What is ""old"" and ""past"" in New Age discourse? A qualitative analysis of
   corpus evidence",2,2,"Eastern Mediterranean Univ, Sch Foreign Languages,
   Intens English Div, English Language Courses, Sht Sener Enver St 16-8
   Yenisehir,Mersin 10, Nicosia, North Cyprus, Turkey.",Eastern Mediterranean Univ, Sch Foreign Languages,"
   Intens English Div",1
54,DISCOURSE CONTEXT & MEDIA,2018,48,2,"What is ""old"" and ""past"" in New Age discourse? A qualitative analysis of
   corpus evidence",2,2,"Final Int Univ, Fac Educ Sci, Mersin 10,
   Kyrenia, North Cyprus, Turkey.",Final Int Univ, Fac Educ Sci, Mersin 10,1
55,DISCOURSE CONTEXT & MEDIA,2018,48,2,"/pol/emics: Ambiguity, scales, and digital discourse on 4chan",1,1,"SUNY Binghamton, Dept Anthropol, POB 6000,
   Binghamton, NY 13902 USA.",SUNY Binghamton, Dept Anthropol, POB 6000,1
56,DISCOURSE CONTEXT & MEDIA,2018,48,2,"Weibo interaction in the discourse of internet anti-corruption: The case
   of ""Brother Watch"" event",2,2,"Jiangxi Univ Finance &amp; Econ, Sch Foreign Languages, 169
   Shuanggang East St, Nanchang 330013, Jiangxi, Peoples R China.",Jiangxi Univ Finance &amp; Econ, Sch Foreign Languages," 169
   Shuanggang East St",1
57,DISCOURSE CONTEXT & MEDIA,2018,48,2,"Weibo interaction in the discourse of internet anti-corruption: The case
   of ""Brother Watch"" event",2,2,"Sun Yat Sen Univ, Sch Int Studies, Guangzhou, Guangdong,
   Peoples R China.",Sun Yat Sen Univ, Sch Int Studies, Guangzhou,1
58,DISCOURSE CONTEXT & MEDIA,2018,48,2,Language diversity in a Mediterranean mediascape,2,2,"Heidelberg Univ, Inst Romance Studies,
   Seminarstr 3, D-69117 Heidelberg, Germany.",Heidelberg Univ, Inst Romance Studies,"
   Seminarstr 3",1
59,DISCOURSE CONTEXT & MEDIA,2018,48,2,Language diversity in a Mediterranean mediascape,2,2,"Heidelberg Univ, Heidelberg Ctr
   Transcultural Studies, Karl Jaspers Ctr, Vossstr 2,Bldg 4400, D-69115
   Heidelberg, Germany.",Heidelberg Univ," Heidelberg Ctr
   Transcultural Studies", Karl Jaspers Ctr,1
60,DISCOURSE CONTEXT & MEDIA,2018,48,2,"The Panama Papers in New Zealand media: A modern diachronic corpus
   assisted discourse study",1,2,"Auckland Univ Technol, Sch Commun
   Studies, Private Bag 92006, Auckland 1142, New Zealand.",Auckland Univ Technol," Sch Commun
   Studies", Private Bag 92006,2
61,DISCOURSE CONTEXT & MEDIA,2018,48,2,"'Hitler had a valid argument against some Jews': Repertoires for the
   denial of antisemitism in Facebook discussion of a survey of attitudes
   to Jews and Israel",1,1,"Univ Leicester, Sch Media Commun &amp; Sociol, Bankfield
   House 1-05,132 New Walk, Leicester LE1 7JA, Leics, England.",Univ Leicester, Sch Media Commun &amp; Sociol," Bankfield
   House 1-05",1
62,DISCOURSE CONTEXT & MEDIA,2018,48,2,"Forging a glorious past via the 'present perfect': A corpus-based CDA
   analysis of China's past accomplishments discourse mediat(is)ed at
   China's interpreted political press conferences",1,1,"Univ Manchester, Ctr Translat &amp; Intercultural Studies,
   Interpreting Studies, Manchester, Lancs, England.",Univ Manchester, Ctr Translat &amp; Intercultural Studies,"
   Interpreting Studies",1
63,DISCOURSE CONTEXT & MEDIA,2018,48,2,Mediatization of East Asia in James Bond films,1,2,"Natl Univ Singapore, Dept English Language
   &amp; Literature, Block AS5,7 Arts Link, Singapore 117570, Singapore.",Natl Univ Singapore," Dept English Language
   &amp; Literature", Block AS5,2
64,DISCOURSE CONTEXT & MEDIA,2018,48,2,"Minstrelsy speaking: Metaparodic representations of blackface and
   linguistic minstrelsy in Hollywood films",1,1,"Santa Barbara Cty Dept Behav Wellness, 429 North San
   Antonio Rd, Santa Barbara, CA 93110 USA.",Santa Barbara Cty Dept Behav Wellness," 429 North San
   Antonio Rd", Santa Barbara,1
65,DISCOURSE CONTEXT & MEDIA,2018,48,2,"Mona AKA Sad Girl: A multilingual multimodal critical discourse analysis
   of music videos of a Japanese Chicana rap artist",1,1,"Univ Arizona, Language Acquisit &amp; Teaching 2,
   Tucson, AZ 85721 USA.",Univ Arizona, Language Acquisit &amp; Teaching 2,"
   Tucson",1
66,DISCOURSE CONTEXT & MEDIA,2018,48,2,Stylization and language ideologies in Pidgin comedic skits,1,1,"Univ Tokyo, Tokyo, Japan.",Univ Tokyo, Tokyo, Japan.,1
67,DISCOURSE CONTEXT & MEDIA,2018,48,2,"''I'm not racist but I expect linguistic assimilation"": The concealing
   power of humor in an anti-racist campaign",3,3,"Univ Patras, Dept Philol, Rion 26504, Greece.",Univ Patras, Dept Philol, Rion 26504,1
68,DISCOURSE CONTEXT & MEDIA,2018,48,2,"''I'm not racist but I expect linguistic assimilation"": The concealing
   power of humor in an anti-racist campaign",3,3,"Univ Liverpool, Dept English, Liverpool LA69 7ZR,
   Merseyside, England.",Univ Liverpool, Dept English, Liverpool LA69 7ZR,1
69,DISCOURSE CONTEXT & MEDIA,2018,48,2,"''I'm not racist but I expect linguistic assimilation"": The concealing
   power of humor in an anti-racist campaign",3,3,"Democritus Univ Thrace, Dept Educ Sci Early Childhood,
   Nea Chili 68100, Alexandroupoli, Greece.",Democritus Univ Thrace, Dept Educ Sci Early Childhood,"
   Nea Chili 68100",1
70,DISCOURSE CONTEXT & MEDIA,2018,48,2,"'Listening' to the Neanderthals in William Golding's The Inheritors: A
   sociopragmatic approach to fictional dialogue",1,1,"Univ Sunderland, Fac Educ &amp; Soc, Reader Pragmat
   Stylist, Reg Vardy Ctr, St Peters Way, Sunderland SR6 0DD, England.",Univ Sunderland, Fac Educ &amp; Soc," Reader Pragmat
   Stylist",1
71,DISCOURSE CONTEXT & MEDIA,2018,48,2,"Sociolinguistic insights into chick lit: Constructing the social class
   of elegant poverty",1,1,"Qatar Univ, Coll Arts &amp; Sci, Dept English
   Literature &amp; Linguist, C04,Off 134,POB 2713, Doha, Qatar.",Qatar Univ, Coll Arts &amp; Sci," Dept English
   Literature &amp; Linguist",1
72,DISCOURSE CONTEXT & MEDIA,2018,48,2,"Synthesizing critical discourse analysis with language ideologies: The
   example of fictional discourse",2,2,"Aristotle Univ Thessaloniki, Dept Linguist,
   Thessaloniki, Greece.",Aristotle Univ Thessaloniki, Dept Linguist,"
   Thessaloniki",1
73,DISCOURSE CONTEXT & MEDIA,2018,48,2,"Synthesizing critical discourse analysis with language ideologies: The
   example of fictional discourse",2,2,"Aristotle Univ Thessaloniki, Language Teaching
   Sch German, Thessaloniki, Greece.",Aristotle Univ Thessaloniki," Language Teaching
   Sch German", Thessaloniki,1
74,DISCOURSE CONTEXT & MEDIA,2018,48,2,"#Communing affiliation: Social tagging as a resource for aligning around
   values in social media",3,3,"Univ New South Wales, Sydney, NSW, Australia.",Univ New South Wales, Sydney, NSW,1
75,DISCOURSE CONTEXT & MEDIA,2018,48,2,"#Communing affiliation: Social tagging as a resource for aligning around
   values in social media",3,3,"Univ Sydney, Sydney, NSW, Australia.",Univ Sydney, Sydney, NSW,1
76,DISCOURSE CONTEXT & MEDIA,2018,48,2,"#Communing affiliation: Social tagging as a resource for aligning around
   values in social media",3,3,"Shanghai Jiao Tong Univ, Martin Ctr Appliable Linguist,
   Shanghai, Peoples R China.",Shanghai Jiao Tong Univ, Martin Ctr Appliable Linguist,"
   Shanghai",1
77,DISCOURSE CONTEXT & MEDIA,2018,48,2,"#JeSuisCharlie? Hashtags as narrative resources in contexts of ecstatic
   sharing",1,1,"Open Univ, Milton Keynes, Bucks, England.",Open Univ, Milton Keynes, Bucks,1
78,DISCOURSE CONTEXT & MEDIA,2018,48,2,"Language as pride, love, and hate: Archiving emotions through
   multilingual Instagram hashtags",2,2,"Chinese Univ Hong Kong, Hong Kong, Hong Kong, Peoples R
   China.",Chinese Univ Hong Kong, Hong Kong, Hong Kong,1
79,DISCOURSE CONTEXT & MEDIA,2018,48,2,"Language as pride, love, and hate: Archiving emotions through
   multilingual Instagram hashtags",2,2,"Open Univ Hong Kong, Hong Kong, Hong Kong, Peoples R
   China.",Open Univ Hong Kong, Hong Kong, Hong Kong,1
80,DISCOURSE CONTEXT & MEDIA,2018,48,2,"""This is NOT a #humblebrag, this is just a #brag"": The pragmatics of
   self-praise, hashtags and politeness in Instagram posts",1,1,"Univ Zurich, Dept English, Plattenstr 47, CH-8032
   Zurich, Switzerland.",Univ Zurich, Dept English, Plattenstr 47,1
81,DISCOURSE CONTEXT & MEDIA,2018,48,2,The roles of tagging in the online curation of photographs,1,1,"Univ Lancaster, Dept Linguist, Lancaster LA1 4YL,
   England.",Univ Lancaster, Dept Linguist, Lancaster LA1 4YL,1
82,DISCOURSE CONTEXT & MEDIA,2018,48,2,"'Comments in Tags, Please!': Tagging practices on Tumblr",1,1,"Indiana Univ, Wells Lib, 1320 E 10th St, Bloomington,
   IN 47405 USA.",Indiana Univ, Wells Lib, 1320 E 10th St,1
83,DISCOURSE CONTEXT & MEDIA,2018,48,2,"""Hashtags work everywhere"": The pragmatic functions of spoken hashtags",1,1,"Kingston Univ, Dept Linguist &amp; Languages, Penrhyn Rd,
   Kingston Upon Thames KT1 2EE, Surrey, England.",Kingston Univ, Dept Linguist &amp; Languages, Penrhyn Rd,1
84,DISCOURSE CONTEXT & MEDIA,2018,48,2,Dragons' Den: Enacting persuasion in reality television,1,1,"Univ Alcala de Henares, Fac Filosofia &amp; Letras,
   Dept Filol Moderna, Edificio Caracciolos,C Trinidad 3, Madrid 28801,
   Spain.",Univ Alcala de Henares, Fac Filosofia &amp; Letras,"
   Dept Filol Moderna",1
85,DISCOURSE CONTEXT & MEDIA,2018,48,2,"Nonhuman language agents in online collaborative communities: Comparing
   Hebrew Wikipedia and Facebook translations",3,3,"Tel Aviv Univ, Inst Hist &amp; Philosophy Sci &amp; Ideas,
   Tel Aviv, Israel.",Tel Aviv Univ, Inst Hist &amp; Philosophy Sci &amp; Ideas,"
   Tel Aviv",1
86,DISCOURSE CONTEXT & MEDIA,2018,48,2,"Nonhuman language agents in online collaborative communities: Comparing
   Hebrew Wikipedia and Facebook translations",3,3,"Columbia Univ, New York, NY 10027 USA.",Columbia Univ, New York, NY 10027 USA.,1
87,DISCOURSE CONTEXT & MEDIA,2018,48,2,"Nonhuman language agents in online collaborative communities: Comparing
   Hebrew Wikipedia and Facebook translations",3,3,"Georgia Inst Technol, Sch Interact Comp, Atlanta, GA
   30332 USA.",Georgia Inst Technol, Sch Interact Comp, Atlanta,1
88,DISCOURSE CONTEXT & MEDIA,2018,48,2,"A multimodal mixed methods approach for examining recontextualisation
   patterns of violent extremist images in online media",2,6,"Curtin Univ, Sch Educ,
   Perth, WA, Australia.",Curtin Univ, Sch Educ,"
   Perth",3
89,DISCOURSE CONTEXT & MEDIA,2018,48,2,"A multimodal mixed methods approach for examining recontextualisation
   patterns of violent extremist images in online media",2,6,"Curtin Univ, Curtin
   Inst Computat, Perth, WA, Australia.",Curtin Univ," Curtin
   Inst Computat", Perth,3
90,DISCOURSE CONTEXT & MEDIA,2018,48,2,"'It's not the fact they claim benefits but their useless, lazy, drug
   taking lifestyles we despise': Analysing audience responses to Benefits
   Street using live tweets",2,4,"Sheffield Hallam
   Univ, English Dept, Owen Floor 11, Sheffield S1 1WB, S Yorkshire,
   England.","Sheffield Hallam
   Univ", English Dept, Owen Floor 11,3
91,DISCOURSE CONTEXT & MEDIA,2018,48,2,"'It's not the fact they claim benefits but their useless, lazy, drug
   taking lifestyles we despise': Analysing audience responses to Benefits
   Street using live tweets",2,4,"Open Univ, Fac Wellbeing Educ &amp; Language Studies
   WELS, Walton Hall,Kents Hill, Milton Keynes MK7 6AA, Bucks, England.",Open Univ," Fac Wellbeing Educ &amp; Language Studies
   WELS", Walton Hall,1
92,DISCOURSE CONTEXT & MEDIA,2018,48,2,Politeness and pseudo-intimacy in a food radio call-in program,1,2,"Univ Florida, 3606 NW 24th Blvd,Apt 211,
   Gainesville, FL 32605 USA.",Univ Florida, 3606 NW 24th Blvd,Apt 211,2
93,DISCOURSE CONTEXT & MEDIA,2018,48,2,"Socio-cultural conditioning of style and structure in journalistic
   discourse: The distinctively ""objective"" textuality of Iranian political
   news reporting",1,2,"Univ New South Wales, Sch Arts &amp;
   Media, Robert Webster Bldg, Sydney, NSW 2052, Australia.",Univ New South Wales," Sch Arts &amp;
   Media", Robert Webster Bldg,2
94,DISCOURSE CONTEXT & MEDIA,2018,48,2,"Crowdfunding a ""Real-life Superhero"": The construction of worthy bodies
   in medical campaign narratives",2,2,"Univ Georgia, 310 Rivers Crossing,850 Coll Stn Rd,
   Athens, GA 30602 USA.",Univ Georgia, 310 Rivers Crossing,850 Coll Stn Rd,1
95,DISCOURSE CONTEXT & MEDIA,2018,48,2,"Crowdfunding a ""Real-life Superhero"": The construction of worthy bodies
   in medical campaign narratives",2,2,"Univ North Carolina Chapel Hill, 20 East Dr,
   Chapel Hill, NC 27516 USA.",Univ North Carolina Chapel Hill, 20 East Dr,"
   Chapel Hill",1
96,DISCOURSE CONTEXT & MEDIA,2018,48,2,"Popularity-driven science journalism and climate change: A critical
   discourse analysis of the unsaid",1,1,"Univ Opole, Inst English, Pl Kopern 11,
   PL-45040 Opole, Poland.",Univ Opole, Inst English, Pl Kopern 11,1
97,DISCOURSE CONTEXT & MEDIA,2017,48,2,"Quoting and retweeting as communicative practices in computer mediated
   discourse",1,1,"Univ Vienna, Dept Linguist, Sensengasse 3A, A-1090
   Vienna, Austria.",Univ Vienna, Dept Linguist, Sensengasse 3A,1
98,DISCOURSE CONTEXT & MEDIA,2017,48,2,"""Forget about the words""? Tracking the language, media and semiotic
   ideologies of digital discourse: The case of sexting",1,1,"Univ Bern, Dept English, Langgassstr 49, CH-3012
   Bern, Switzerland.",Univ Bern, Dept English, Langgassstr 49,1
99,DISCOURSE CONTEXT & MEDIA,2017,48,2,Confessing sex in online student communities,2,3,"Univ Witwatersrand, Wits Sch Educ, 27 St
   Andrews Rd, ZA-2193 Johannesburg, South Africa.",Univ Witwatersrand, Wits Sch Educ," 27 St
   Andrews Rd",1
100,DISCOURSE CONTEXT & MEDIA,2017,48,2,Confessing sex in online student communities,2,3,"Univ Witwatersrand, Sch Human &amp;
   Community Dev, Private Bag 3, ZA-2050 Johannesburg, South Africa.",Univ Witwatersrand," Sch Human &amp;
   Community Dev", Private Bag 3,2
101,DISCOURSE CONTEXT & MEDIA,2017,48,2,"The soft power of a First Lady-Constructing identities for First Ladies
   in the Chinese and American media",1,1,"Tianjin Foreign Studies Univ, Coll English Studies,
   Tianjin, Peoples R China.",Tianjin Foreign Studies Univ, Coll English Studies,"
   Tianjin",1
102,DISCOURSE CONTEXT & MEDIA,2017,48,2,"The Transatlantic Trade and Investment Partnership (MP) in the Kronen
   Zeitung",3,3,"Univ Lancaster, Lancaster, England.",Univ Lancaster, Lancaster, England.,1
103,DISCOURSE CONTEXT & MEDIA,2017,48,2,"The Transatlantic Trade and Investment Partnership (MP) in the Kronen
   Zeitung",3,3,"Vienna Univ Econ &amp; Business, Vienna, Austria.",Vienna Univ Econ &amp; Business, Vienna, Austria.,1
104,DISCOURSE CONTEXT & MEDIA,2017,48,2,"The Transatlantic Trade and Investment Partnership (MP) in the Kronen
   Zeitung",3,3,"Welthandelspl 1, A-1020 Vienna, Austria.",Welthandelspl 1, A-1020 Vienna, Austria.,1
105,DISCOURSE CONTEXT & MEDIA,2017,48,2,"""I love the Queen"": Positioning in young British Muslim discourse",2,2,"Newman Univ Birmingham, Genners Lane, Birmingham B32
   3NT, W Midlands, England.",Newman Univ Birmingham, Genners Lane," Birmingham B32
   3NT",1
106,DISCOURSE CONTEXT & MEDIA,2017,48,2,"""I love the Queen"": Positioning in young British Muslim discourse",2,2,"Goldsmiths Univ London, 8 Lewisham Way, London SE14
   6NW, England.",Goldsmiths Univ London, 8 Lewisham Way," London SE14
   6NW",1
107,DISCOURSE CONTEXT & MEDIA,2017,48,2,"Conviviality through creativity: Appealing to the reblog in Tumblr Chat
   posts",1,2,"Univ S Florida, Tampa, FL USA.",Univ S Florida, Tampa, FL USA.,2
108,DISCOURSE CONTEXT & MEDIA,2017,48,2,"Variability in group identity construction: A case study of the
   Australian and British Big Brother houses",2,2,"Univ Queensland, Sch Languages &amp; Cultures,
   Brisbane, Qld, Australia.",Univ Queensland, Sch Languages &amp; Cultures,"
   Brisbane",1
109,DISCOURSE CONTEXT & MEDIA,2017,48,2,"Variability in group identity construction: A case study of the
   Australian and British Big Brother houses",2,2,"3rd Floor,Gordon Greenwood Bldg,Union Rd, St
   Lucia, Qld 4072, Australia.",3rd Floor,Gordon Greenwood Bldg,Union Rd,1
110,DISCOURSE CONTEXT & MEDIA,2017,48,2,Directives in English language newspaper editorials across cultures,2,2,"Air Univ, Fac Social Sci, Dept Humanities, Islamabad,
   Pakistan.",Air Univ, Fac Social Sci, Dept Humanities,1
111,DISCOURSE CONTEXT & MEDIA,2017,48,2,Directives in English language newspaper editorials across cultures,2,2,"Univ Teknol Malaysia, Language Acad, Johor Baharu,
   Malaysia.",Univ Teknol Malaysia, Language Acad, Johor Baharu,1
112,DISCOURSE CONTEXT & MEDIA,2017,48,2,"Gendering metapragmatics in online discourse: ""Mansplaining man gonna
   mansplain ...""",1,1,"Univ S Florida, Dept World Languages, 4202 E Fowler
   Ave,CPR 419, Tampa, FL 33620 USA.",Univ S Florida, Dept World Languages," 4202 E Fowler
   Ave",1
113,DISCOURSE CONTEXT & MEDIA,2017,48,2,Reading between Blurred Lines: The complexity of interpretation,3,4,"Sheffield Hallam Univ, Humanities Res
   Ctr, Howard St, Sheffield S1 1WB, S Yorkshire, England.",Sheffield Hallam Univ," Humanities Res
   Ctr", Howard St,2
114,DISCOURSE CONTEXT & MEDIA,2017,48,2,Reading between Blurred Lines: The complexity of interpretation,3,4,"Open Univ, Fac Wellbeing Educ &amp; Language Studies
   WELS, Walton Hall,Kents Hill, Milton Keynes MK7 6AA, Bucks, England.",Open Univ," Fac Wellbeing Educ &amp; Language Studies
   WELS", Walton Hall,1
115,DISCOURSE CONTEXT & MEDIA,2017,48,2,Reading between Blurred Lines: The complexity of interpretation,3,4,"Nottingham Trent Univ, Sch Arts &amp; Humanities,
   Mary Ann Evans Bldg,Clifton Lane, Nottingham NG11 8NS, England.",Nottingham Trent Univ, Sch Arts &amp; Humanities,"
   Mary Ann Evans Bldg",1
116,DISCOURSE CONTEXT & MEDIA,2017,48,2,"Ideological dilemmas in accounts of primary caregiving fathers in
   Australian news media",2,3,"Univ Adelaide, Adelaide, SA,
   Australia.",Univ Adelaide, Adelaide, SA,2
117,DISCOURSE CONTEXT & MEDIA,2017,48,2,"Ideological dilemmas in accounts of primary caregiving fathers in
   Australian news media",2,3,"Flinders Univ S Australia, Adelaide, SA, Australia.",Flinders Univ S Australia, Adelaide, SA,1
118,DISCOURSE CONTEXT & MEDIA,2017,48,2,"Verbal-visual harmony or dissonance? A news values analysis of
   multimodal news texts on climate change",2,2,"Norwegian Sch Econ, Dept Profess &amp; Intercultural Commun,
   N-5045 Bergen, Norway.",Norwegian Sch Econ, Dept Profess &amp; Intercultural Commun,"
   N-5045 Bergen",1
119,DISCOURSE CONTEXT & MEDIA,2017,48,2,"Verbal-visual harmony or dissonance? A news values analysis of
   multimodal news texts on climate change",2,2,"Univ Bergen, Dept Foreign Languages, Post Box 7805,
   N-5020 Bergen, Norway.",Univ Bergen, Dept Foreign Languages, Post Box 7805,1
120,DISCOURSE CONTEXT & MEDIA,2017,48,2,"""It's more fun in the Philippines"": Resemiotizing and commodifying the
   local in tourism discourse",3,3,"De La Salle Univ, Manila, Philippines.",De La Salle Univ, Manila, Philippines.,1
121,DISCOURSE CONTEXT & MEDIA,2017,48,2,"""It's more fun in the Philippines"": Resemiotizing and commodifying the
   local in tourism discourse",3,3,"Nanyang Technol Univ, Natl Inst Educ, Singapore,
   Singapore.",Nanyang Technol Univ, Natl Inst Educ, Singapore,1
122,DISCOURSE CONTEXT & MEDIA,2017,48,2,"""It's more fun in the Philippines"": Resemiotizing and commodifying the
   local in tourism discourse",3,3,"Univ Melbourne, Melbourne, Vic, Australia.",Univ Melbourne, Melbourne, Vic,1
123,DISCOURSE CONTEXT & MEDIA,2017,48,2,Politicians on celebrity talk shows,1,1,"10 Granada Bldg, Hershey, PA 17033 USA.",10 Granada Bldg, Hershey, PA 17033 USA.,1
124,DISCOURSE CONTEXT & MEDIA,2017,48,2,"Triangulating transmediality: A multimodal semiotic framework relating
   media, modes and genres",1,1,"Bremen Univ, Fac Linguist &amp; Literary Sci, Bremen,
   Germany.",Bremen Univ, Fac Linguist &amp; Literary Sci, Bremen,1
125,DISCOURSE CONTEXT & MEDIA,2017,48,2,"Practice-based perspectives on multimodal documents: Corpora vs
   connoisseurship",1,1,"Simplificat Ctr, Kemp House,152 City Rd, London EC1V
   2NX, England.",Simplificat Ctr, Kemp House,152 City Rd,1
126,DISCOURSE CONTEXT & MEDIA,2017,48,2,Genre crash: The case of online shopping,1,2,"Univ Southern
   Denmark, Dept Language &amp; Commun, Campusvej 55, DK-5230 Odense M, Denmark.","Univ Southern
   Denmark", Dept Language &amp; Commun, Campusvej 55,2
127,DISCOURSE CONTEXT & MEDIA,2017,48,2,Genre(less) and purpose(less): Online news galleries,2,2,"Univ New South Wales, Sydney, NSW, Australia.",Univ New South Wales, Sydney, NSW,1
128,DISCOURSE CONTEXT & MEDIA,2017,48,2,Genre(less) and purpose(less): Online news galleries,2,2,"Macquarie Univ, N Ryde, NSW 2109, Australia.",Macquarie Univ, N Ryde, NSW 2109,1
129,DISCOURSE CONTEXT & MEDIA,2017,48,2,Interactive documentary and its limited opportunities to persuade,1,1,"Univ Amsterdam, Dept Media Studies,
   Tufdraagsterpad 9, NL-1012 XT Amsterdam, Netherlands.",Univ Amsterdam, Dept Media Studies,"
   Tufdraagsterpad 9",1
130,DISCOURSE CONTEXT & MEDIA,2017,48,2,"Beyond the media boundaries: Analysing how dominant genre devices shape
   our narrative knowledge",1,1,"Univ Bremen, Fac Linguist &amp; Literary Sci, Bremen,
   Germany.",Univ Bremen, Fac Linguist &amp; Literary Sci, Bremen,1
131,DISCOURSE CONTEXT & MEDIA,2017,48,2,Selfies in 'mommyblogging': An emerging visual genre,2,2,"Univ New South Wales, Fac Arts &amp; Social Sci, Sch
   Arts &amp; Media, Sydney, NSW 2052, Australia.",Univ New South Wales, Fac Arts &amp; Social Sci," Sch
   Arts &amp; Media",1
132,DISCOURSE CONTEXT & MEDIA,2017,48,2,Selfies in 'mommyblogging': An emerging visual genre,2,2,"Univ So Denmark, Univ Southern Denmark, Inst Sprog Kommun,
   Inst Language &amp; Commun, Campusvej 55, Odense M, Denmark.",Univ So Denmark, Univ Southern Denmark, Inst Sprog Kommun,1
133,DISCOURSE CONTEXT & MEDIA,2017,48,2,"Tracing the narrativity of National Geographic feature articles in the
   light of evolving media landscapes",2,2,"Salzburg Univ, Dept English Studies English &amp; Appl
   Linguist, A-5020 Salzburg, Austria.",Salzburg Univ," Dept English Studies English &amp; Appl
   Linguist", A-5020 Salzburg,1
134,DISCOURSE CONTEXT & MEDIA,2017,48,2,"Tracing the narrativity of National Geographic feature articles in the
   light of evolving media landscapes",2,2,"Univ Halle Wittenberg, Dept English Studies, English
   Linguist, D-06108 Halle, Germany.",Univ Halle Wittenberg, Dept English Studies," English
   Linguist",1
135,DISCOURSE CONTEXT & MEDIA,2017,48,2,"Multimodality in a diachronic light: Tracking changes in text-image
   relations within the genre profile of the MIT Technology Review",1,1,"Dept English &amp; Amer Studies English &amp; Appl Lingui,
   A-5020 Salzburg, Austria.",Dept English &amp; Amer Studies English &amp; Appl Lingui,"
   A-5020 Salzburg", Austria.,1
136,DISCOURSE CONTEXT & MEDIA,2017,48,2,An overview of research within the Genre and Multimodality framework,1,1,"Univ Jyvaskyla, Ctr Appl Language Studies, Jyvaskyla,
   Finland.",Univ Jyvaskyla, Ctr Appl Language Studies, Jyvaskyla,1
137,DISCOURSE CONTEXT & MEDIA,2017,48,2,Everyday opinions in news discussion forums: Public vernacular discourse,1,1,"Univ Turku, Dept French Studies, Sch Languages &amp;
   Translat Studies, Turku 20014, Finland.",Univ Turku, Dept French Studies," Sch Languages &amp;
   Translat Studies",1
138,DISCOURSE CONTEXT & MEDIA,2017,48,2,"Narrating the stories of leaked data: The changing role of journalists
   after Wikileaks and Snowden",2,2,"Univ Zurich, Zurich, Switzerland.",Univ Zurich, Zurich, Switzerland.,1
139,DISCOURSE CONTEXT & MEDIA,2017,48,2,"Narrating the stories of leaked data: The changing role of journalists
   after Wikileaks and Snowden",2,2,"Univ Coll Dublin, Dublin, Ireland.",Univ Coll Dublin, Dublin, Ireland.,1
140,DISCOURSE CONTEXT & MEDIA,2017,48,2,"Storying, leaks for sharing: The case of leaking the ""Moscovici draft""
   on Twitter",1,1,"Open Univ, Walton Hall, Milton Keynes MK7 6AA,
   Bucks, England.",Open Univ, Walton Hall, Milton Keynes MK7 6AA,1
141,DISCOURSE CONTEXT & MEDIA,2017,48,2,"Exploring the role of viewers' tweets in French TV political programs:
   Social TV as a new agora?",1,2,"Univ Technol Troyes, Equipe Tech
   CICO, UMR CNRS 6281, Inst Charles Delaunay, 12 Rue Marie Curie,CS 42060,
   F-10004 Troyes, France.",Univ Technol Troyes," Equipe Tech
   CICO", UMR CNRS 6281,2
142,DISCOURSE CONTEXT & MEDIA,2017,48,2,"On-line commenting on opinion editorials: A cross-cultural examination
   of face work in the Washington Post (USA) and NRG (Israel)",2,2,"Bar Ilan Univ, Translat Dept, IL-52900 Ramat Gan, Israel.",Bar Ilan Univ, Translat Dept, IL-52900 Ramat Gan,1
143,DISCOURSE CONTEXT & MEDIA,2017,48,2,"On-line commenting on opinion editorials: A cross-cultural examination
   of face work in the Washington Post (USA) and NRG (Israel)",2,2,"Univ Massachusetts, Dept Commun, 650 North
   Pleasant St, Amherst, MA 01003 USA.",Univ Massachusetts, Dept Commun," 650 North
   Pleasant St",1
144,DISCOURSE CONTEXT & MEDIA,2017,48,2,"Public discourse beyond the mainstream media: Intercultural conflict in
   socio-political discussion fora",1,2,"Heidelberg Univ, English Dept, Kettengasse
   12, D-69117 Heidelberg, Germany.",Heidelberg Univ, English Dept," Kettengasse
   12",2
145,DISCOURSE CONTEXT & MEDIA,2017,48,2,Participation in an online social policy discussion: Arguments in focus,2,2,"Univ Turku, Sch Languages &amp; Translat Studies, Turku
   20014, Finland.",Univ Turku, Sch Languages &amp; Translat Studies," Turku
   20014",1
146,DISCOURSE CONTEXT & MEDIA,2017,48,2,Participation in an online social policy discussion: Arguments in focus,2,2,"Univ Turku, Dept Social Res, Turku 20014, Finland.",Univ Turku, Dept Social Res, Turku 20014,1
147,DISCOURSE CONTEXT & MEDIA,2017,48,2,"The role of swearing in creating an online persona: The case of YouTuber
   PewDiePie",1,1,"Sodertorn Univ, Sch Culture &amp; Educ, Sodertorn,
   Sweden.",Sodertorn Univ, Sch Culture &amp; Educ, Sodertorn,1
148,DISCOURSE CONTEXT & MEDIA,2017,48,2,"From talking to the radio to talking through the radio: Addressee
   analysis of text messages sent to the Italian radio station",1,1,"Drexel Univ, 3201 Arch St,Room 165, Philadelphia,
   PA 19103 USA.",Drexel Univ, 3201 Arch St,Room 165,1
149,DISCOURSE CONTEXT & MEDIA,2017,48,2,"A matrix of cognitive domains at the service of the metaphoric
   delegitimisation of politicians",1,1,"Univ Las Palmas Gran Canaria, Inst Univ Anal &amp;
   Aplicac Textuales, Perez Toro 1, Las Palmas Gran Canaria 35003, Spain.",Univ Las Palmas Gran Canaria," Inst Univ Anal &amp;
   Aplicac Textuales", Perez Toro 1,1
150,DISCOURSE CONTEXT & MEDIA,2017,48,2,"Discursive construction of identities in a social network-educational
   space: Insights from an undergraduate Facebook group for a linguistics
   course",2,2,"Open Univ Hong Kong, Sch Arts &amp; Social Sci, 30 Good
   Shepherd St, Kowloon, Hong Kong, Peoples R China.",Open Univ Hong Kong, Sch Arts &amp; Social Sci," 30 Good
   Shepherd St",1
151,DISCOURSE CONTEXT & MEDIA,2017,48,2,"Discursive construction of identities in a social network-educational
   space: Insights from an undergraduate Facebook group for a linguistics
   course",2,2,"Chinese Univ Hong Kong, Dept English, 3-F Fung King Hey
   Bldg, Shatin, Hong Kong, Peoples R China.",Chinese Univ Hong Kong, Dept English," 3-F Fung King Hey
   Bldg",1
152,DISCOURSE CONTEXT & MEDIA,2017,48,2,"Evaluation in political discourse addressed to women: Appraisal analysis
   of Cosmopolitan's online coverage of the 2014 US midterm elections",2,2,"Univ Valencia, Appl Linguist Program, Av Blasco
   lbanez, Valencia, Spain.",Univ Valencia, Appl Linguist Program," Av Blasco
   lbanez",1
153,DISCOURSE CONTEXT & MEDIA,2017,48,2,"Evaluation in political discourse addressed to women: Appraisal analysis
   of Cosmopolitan's online coverage of the 2014 US midterm elections",2,2,"Simon Fraser Univ, Dept Linguist, 8888 Univ Dr,
   Burnaby, BC V5A 1S6, Canada.",Simon Fraser Univ, Dept Linguist, 8888 Univ Dr,1
154,DISCOURSE CONTEXT & MEDIA,2017,48,2,Cruising for cash: Prostitution on Grindr,1,1,"Univ Sydney, Dept Media &amp; Commun, Fac Arts &amp; Social
   Sci, Sydney, NSW 2006, Australia.",Univ Sydney, Dept Media &amp; Commun," Fac Arts &amp; Social
   Sci",1
155,DISCOURSE CONTEXT & MEDIA,2017,48,2,"Mobile phones as cultural tools for identity construction among college
   students in Oman, Ukraine, and the US",3,3,"Georgetown Univ, Dept Linguist, Box 571051,Poulton
   Hall 240,1421 37th St NW, Washington, DC 20057 USA.",Georgetown Univ, Dept Linguist, Box 571051,1
156,DISCOURSE CONTEXT & MEDIA,2017,48,2,"Mobile phones as cultural tools for identity construction among college
   students in Oman, Ukraine, and the US",3,3,"Sultan Qaboos Univ, Dept English, POB 42, Al Khoud
   123, Oman.",Sultan Qaboos Univ, Dept English, POB 42,1
157,DISCOURSE CONTEXT & MEDIA,2017,48,2,"Mobile phones as cultural tools for identity construction among college
   students in Oman, Ukraine, and the US",3,3,"Howard Univ, Dept English, 2441 Sixth St NW Locke
   Hall,Room 248, Washington, DC 20059 USA.",Howard Univ, Dept English," 2441 Sixth St NW Locke
   Hall",1
158,DISCOURSE CONTEXT & MEDIA,2017,48,2,Cooking at home: A multimodal narrative analysis of the Food Network,1,2,"Univ Florida, Linguist, 3606 NW 24th
   Blvd,Apt 211, Gainesville, FL 32605 USA.",Univ Florida, Linguist," 3606 NW 24th
   Blvd",2
159,DISCOURSE CONTEXT & MEDIA,2017,48,2,"Direct address and television news-reading: Discourse, technology and
   changing cultural form in Chinese and western TV news",1,2,"Univ Macau, Fac Arts &amp; Humanities, Dept
   English, Ave Univ, Taipa, Macau, Peoples R China.",Univ Macau, Fac Arts &amp; Humanities," Dept
   English",2
160,DISCOURSE CONTEXT & MEDIA,2017,48,2,"Digital cultures of political participation: Internet memes and the
   discursive delegitimization of the 2016 U.S Presidential candidates",2,2,"Southern Cross Univ, Ctr Teaching &amp; Learning, Gold
   Coast 4225, Australia.",Southern Cross Univ, Ctr Teaching &amp; Learning," Gold
   Coast 4225",1
161,DISCOURSE CONTEXT & MEDIA,2017,48,2,"Digital cultures of political participation: Internet memes and the
   discursive delegitimization of the 2016 U.S Presidential candidates",2,2,"Future Univ Hakodate, Ctr Meta Learning, Fac Syst
   Informat Sci, Hakodate, Hokkaido 0410803, Japan.",Future Univ Hakodate, Ctr Meta Learning," Fac Syst
   Informat Sci",1
162,DISCOURSE CONTEXT & MEDIA,2017,48,2,"''Get fit!"" - The use of imperatives in Australian English gym
   advertisements on Facebook",3,3,"Western Sydney Univ, Grad Res Sch, Locked Bag 1797,
   Penrith, NSW 2751, Australia.",Western Sydney Univ, Grad Res Sch, Locked Bag 1797,1
163,DISCOURSE CONTEXT & MEDIA,2017,48,2,"''Get fit!"" - The use of imperatives in Australian English gym
   advertisements on Facebook",3,3,"Western Sydney Univ, Inst Culture &amp; Soc, Sch Humanities &amp;
   Commun Arts, Locked Bag 1797, Penrith, NSW 2751, Australia.",Western Sydney Univ, Inst Culture &amp; Soc," Sch Humanities &amp;
   Commun Arts",1
164,DISCOURSE CONTEXT & MEDIA,2017,48,2,"''Get fit!"" - The use of imperatives in Australian English gym
   advertisements on Facebook",3,3,"Western Sydney Univ, Sch Humanities &amp; Commun Arts,
   Locked Bag 1797, Penrith, NSW 2751, Australia.",Western Sydney Univ, Sch Humanities &amp; Commun Arts,"
   Locked Bag 1797",1
165,DISCOURSE CONTEXT & MEDIA,2017,48,2,Interlocutor accommodation on the variation of /tr/ in Chilean radio,1,1,"Univ Utah, Dept World Languages &amp; Cultures, 255 S
   Cent Campus Dr,LNCO 1400, Salt Lake City, UT 84112 USA.",Univ Utah, Dept World Languages &amp; Cultures," 255 S
   Cent Campus Dr",1
166,DISCOURSE CONTEXT & MEDIA,2017,48,2,"Moral discourse and argumentation in the public sphere: Museums and
   their visitors",1,1,"Ashkelon Acad Coll, Dept Tourism Studies, Ashqelon, Israel.",Ashkelon Acad Coll, Dept Tourism Studies, Ashqelon,1
167,DISCOURSE CONTEXT & MEDIA,2017,48,2,"""Nwuna's body is so sexy"": Pop culture and the chronotopic formulations
   of kinship terms in Korean",1,1,"Univ Oregon, East Asian Languages &amp; Literatures,
   Friendly Hall, Eugene, OR 97405 USA.",Univ Oregon, East Asian Languages &amp; Literatures,"
   Friendly Hall",1
168,DISCOURSE CONTEXT & MEDIA,2017,48,2,"The persuasive aims of Metal Gear Solid: A discourse theoretical
   approach to the study of argumentation in video games",4,4,"Univ Nis, Dept English, Fac Philosophy, Cirila &amp;
   Metodija 2,Off 418, Nish 180001, Serbia.",Univ Nis, Dept English, Fac Philosophy,1
169,DISCOURSE CONTEXT & MEDIA,2017,48,2,"The persuasive aims of Metal Gear Solid: A discourse theoretical
   approach to the study of argumentation in video games",4,4,"Univ Nis, Ctr Cognit Sci, Cirila &amp; Metodija 2,Off
   418, Nish 180001, Serbia.",Univ Nis, Ctr Cognit Sci, Cirila &amp; Metodija 2,1
170,DISCOURSE CONTEXT & MEDIA,2017,48,2,"The persuasive aims of Metal Gear Solid: A discourse theoretical
   approach to the study of argumentation in video games",4,4,"IT Univ Copenhagen, Rued Langgaards Vej 7, DK-2300
   Copenhagen S, Denmark.",IT Univ Copenhagen, Rued Langgaards Vej 7," DK-2300
   Copenhagen S",1
171,DISCOURSE CONTEXT & MEDIA,2017,48,2,"The persuasive aims of Metal Gear Solid: A discourse theoretical
   approach to the study of argumentation in video games",4,4,"Univ Bremen, Bremen Inst Transmedial Textual,
   Linguist &amp; Literary Sci FB10, Postfach 330440, D-28359 Bremen, Germany.",Univ Bremen, Bremen Inst Transmedial Textual,"
   Linguist &amp; Literary Sci FB10",1
172,DISCOURSE CONTEXT & MEDIA,2017,48,2,"Cartoons as interdiscourse: A quali-quantitative analysis of social
   representations based on collective imagination in cartoons produced
   after the Charlie Hebdo attack",3,3,"Univ Ghent, MULTIPLES Res Ctr Multilingual Practices
   &amp; Langua, Groot Brittanielaan 45, B-9000 Ghent, Belgium.",Univ Ghent," MULTIPLES Res Ctr Multilingual Practices
   &amp; Langua", Groot Brittanielaan 45,1
173,DISCOURSE CONTEXT & MEDIA,2017,48,2,"Cartoons as interdiscourse: A quali-quantitative analysis of social
   representations based on collective imagination in cartoons produced
   after the Charlie Hebdo attack",3,3,"Univ Libre Bruxelles, Free Univ Brussels, Ctr Rech
   Informat &amp; Commun ReSIC, Ave F Roosevelt 50 CP 123, B-1050 Brussels,
   Belgium.",Univ Libre Bruxelles, Free Univ Brussels," Ctr Rech
   Informat &amp; Commun ReSIC",1
174,DISCOURSE CONTEXT & MEDIA,2017,48,2,"Cartoons as interdiscourse: A quali-quantitative analysis of social
   representations based on collective imagination in cartoons produced
   after the Charlie Hebdo attack",3,3,"Univ Ghent, LT3, Groot Brittanielaan 45, B-9000
   Ghent, Belgium.",Univ Ghent, LT3, Groot Brittanielaan 45,1
175,DISCOURSE CONTEXT & MEDIA,2017,48,2,"Newsweek discourses on China and their Korean translations: A
   corpus-based approach",1,1,"Shanghai Jiao Tong Univ, Sch Foreign Languages, Ctr
   Translat &amp; Intercultural Studies, Room 212,800 Dongchuan Rd, Shanghai
   200240, Peoples R China.",Shanghai Jiao Tong Univ, Sch Foreign Languages," Ctr
   Translat &amp; Intercultural Studies",1
176,DISCOURSE CONTEXT & MEDIA,2017,48,2,"In nomine patris: Discursive strategies and ideology in the Cosa Nostra
   family discourse",2,2,"Univ East Anglia, Sch Polit Philosophy
   Language &amp; Commun Studies PP, Norwich Res Pk, Norwich NR4 7TJ, Norfolk,
   England.",Univ East Anglia," Sch Polit Philosophy
   Language &amp; Commun Studies PP", Norwich Res Pk,1
177,DISCOURSE CONTEXT & MEDIA,2017,48,2,"In nomine patris: Discursive strategies and ideology in the Cosa Nostra
   family discourse",2,2,"Univ Palermo, Dipartimento Sci Umanistiche,
   I-90100 Palermo, Italy.",Univ Palermo, Dipartimento Sci Umanistiche,"
   I-90100 Palermo",1
178,DISCOURSE CONTEXT & MEDIA,2017,48,2,"Shalom, bitches: Epistemic stance and identity work in an anonymous
   online forum",1,2,"CUNY, Borough Manhattan Community
   Coll, New York, NY USA.",CUNY," Borough Manhattan Community
   Coll", New York,2
179,DISCOURSE CONTEXT & MEDIA,2016,48,2,"Flirtation, desire, and cut-glass biscuit barrels: Forms of expertise in
   Antiques Road Trip",2,2,"Univ Sunderland, Sunderland, Durham, England.",Univ Sunderland, Sunderland, Durham,1
180,DISCOURSE CONTEXT & MEDIA,2016,48,2,"Flirtation, desire, and cut-glass biscuit barrels: Forms of expertise in
   Antiques Road Trip",2,2,"Univ Strathclyde, Glasgow, Lanark, Scotland.",Univ Strathclyde, Glasgow, Lanark,1
181,DISCOURSE CONTEXT & MEDIA,2016,48,2,"""Mayhem! Absolute Mayhem!"" Exploring the promotional metadiscursive
   features in the sportscasts of the 2014 FIFA World Cup semifinal between
   Brazil and Germany",1,2,"Shahid Chamran Univ Ahvaz, Ahwaz,
   Khuzestan, Iran.",Shahid Chamran Univ Ahvaz, Ahwaz,"
   Khuzestan",2
182,DISCOURSE CONTEXT & MEDIA,2016,48,2,"Speaking out: Testimonial narratives of Chinese cyberpetitioners under
   networked authoritarianism",1,1,"Chinese Univ Hong Kong, Sch Journalism &amp;
   Commun, Hong Kong, Hong Kong, Peoples R China.",Chinese Univ Hong Kong," Sch Journalism &amp;
   Commun", Hong Kong,1
183,DISCOURSE CONTEXT & MEDIA,2016,48,2,"Mediatized vernacularization: On the structure, entextualization and
   resemiotization of Varoufakiology",1,1,"Qatar Univ, Dept English Literature &amp; Linguist,
   Coll Arts &amp; Sci, POB 2713, Doha, Qatar.",Qatar Univ, Dept English Literature &amp; Linguist,"
   Coll Arts &amp; Sci",1
184,DISCOURSE CONTEXT & MEDIA,2016,48,2,Analysing cinematic discourse using conversation analysis,2,2,"Univ Melbourne, Sch Languages &amp; Linguist, Fac Arts,
   Room 208,Babel Bldg, Parkville, Vic 3010, Australia.",Univ Melbourne, Sch Languages &amp; Linguist, Fac Arts,1
185,DISCOURSE CONTEXT & MEDIA,2016,48,2,Analysing cinematic discourse using conversation analysis,2,2,"Univ Melbourne, Sch Languages &amp; Linguist, Fac Arts,
   Room 614,Babel Bldg, Parkville, Vic 3010, Australia.",Univ Melbourne, Sch Languages &amp; Linguist, Fac Arts,1
186,DISCOURSE CONTEXT & MEDIA,2016,48,2,"when I need/want to: Normativity, identity, and form in user construals
   of 'talk-like' tweeting",1,1,"Karlstad Univ, Dept Language Literature &amp;
   Intercultural Studies, SE-65188 Karlstad, Sweden.",Karlstad Univ," Dept Language Literature &amp;
   Intercultural Studies", SE-65188 Karlstad,1
187,DISCOURSE CONTEXT & MEDIA,2016,48,2,"""You have ruined this entire experiment...shall we stop talking now?""
   Orientations to the experimental setting as an interactional resource",1,2,"Aston Univ, Ctr Forens Linguist, Birmingham
   B4 7ET, W Midlands, England.",Aston Univ, Ctr Forens Linguist," Birmingham
   B4 7ET",2
188,DISCOURSE CONTEXT & MEDIA,2016,48,2,"Think small. The construction of imagined tradition in German
   ""Land""-magazines",1,2,"Aston Univ, Sch Languages &amp; Social
   Sci, Birmingham B4 7ET, W Midlands, England.",Aston Univ," Sch Languages &amp; Social
   Sci", Birmingham B4 7ET,2
189,DISCOURSE CONTEXT & MEDIA,2016,48,2,"Denigrating and being denigrated for a higher end: Constructing ordinary
   expertise through supportive and belligerent talk",1,1,"Univ Orebro, Sch Humanities Educ &amp; Social Sci, Dept
   Media &amp; Commun Studies, Fak Gatan 1, S-70182 Orebro, Sweden.",Univ Orebro, Sch Humanities Educ &amp; Social Sci," Dept
   Media &amp; Commun Studies",1
190,DISCOURSE CONTEXT & MEDIA,2016,48,2,"'It's quite simple, really': Shifting forms of expertise in TV
   documentaries",1,1,"Masaryk Univ, Fac Arts, Dept English &amp; Amer Studies,
   Arna Novaka 1, Brno 60200, Czech Republic.",Masaryk Univ, Fac Arts, Dept English &amp; Amer Studies,1
191,DISCOURSE CONTEXT & MEDIA,2016,48,2,"Medical authority and ordinary expertise: The changing forms of doctors'
   talk in Swedish public service television 1983-2013",1,1,"Gothenburg Univ, Dept Journalism Media &amp; Commun, S-41124
   Gothenburg, Sweden.",Gothenburg Univ, Dept Journalism Media &amp; Commun," S-41124
   Gothenburg",1
192,DISCOURSE CONTEXT & MEDIA,2016,48,2,"The 'ordinary-ization' of televised cooking expertise: A historical
   study of cooking instruction programmes on Swedish television",1,1,"Univ Orebro, Dept Humanities Educ &amp; Social Sci HumES,
   Media &amp; Commun Studies, SE-70182 Orebro, Sweden.",Univ Orebro, Dept Humanities Educ &amp; Social Sci HumES,"
   Media &amp; Commun Studies",1
193,DISCOURSE CONTEXT & MEDIA,2016,48,2,# Living/minimum wage: Influential citizen talk in twitter,2,2,"Swansea Univ, Dept English, Singleton Pk,Campus
   Swansea, South Glamorgan SA2 8PP, Wales.",Swansea Univ, Dept English, Singleton Pk,1
194,DISCOURSE CONTEXT & MEDIA,2016,48,2,# Living/minimum wage: Influential citizen talk in twitter,2,2,"Univ Lancaster, Linguist &amp; English Dept,
   Lancaster LA1 4YW, England.",Univ Lancaster, Linguist &amp; English Dept,"
   Lancaster LA1 4YW",1
195,DISCOURSE CONTEXT & MEDIA,2016,48,2,Citizens as experts in a Greek political audience discussion program,1,1,"Hellen Mil Acad, Dept English, Varis Koropiou Ave,
   Athens 16672, Greece.",Hellen Mil Acad, Dept English, Varis Koropiou Ave,1
196,DISCOURSE CONTEXT & MEDIA,2016,48,2,"Evaluation and expertise: The discourse of reality television
   competition scores",1,1,"Univ Bretagne Occidentale, Fac Lettres &amp; Sci
   Humaines, Dept English, 20 Rue Duquesne, F-29200 Brest, France.",Univ Bretagne Occidentale," Fac Lettres &amp; Sci
   Humaines", Dept English,1
197,DISCOURSE CONTEXT & MEDIA,2016,48,2,"Liquid metaphors as positive evaluations: A corpus-assisted discourse
   analysis of the representation of migrants in a daily New Zealand
   newspaper",1,1,"Victoria Univ Wellington, Sch Linguist &amp; Appl
   Language Studies, Wellington, New Zealand.",Victoria Univ Wellington," Sch Linguist &amp; Appl
   Language Studies", Wellington,1
198,DISCOURSE CONTEXT & MEDIA,2016,48,2,"Nurses' blogs as part of a political process - Professional identity as
   a rhetorical resource for negotiating responsibility and blame",1,1,"Malardalen Univ, Sch Hlth Care &amp; Welf, SE-72123
   Vasteras, Sweden.",Malardalen Univ, Sch Hlth Care &amp; Welf," SE-72123
   Vasteras",1
199,DISCOURSE CONTEXT & MEDIA,2016,48,2,"Chinese females' date refusals in reality TV shows: Expressing
   involvement or independence?",3,3,"Guangdong Univ Foreign Studies, Ctr Linguist &amp; Appl Linguist,
   Guangzhou 510420, Guangdong, Peoples R China.",Guangdong Univ Foreign Studies, Ctr Linguist &amp; Appl Linguist,"
   Guangzhou 510420",1
200,DISCOURSE CONTEXT & MEDIA,2016,48,2,"Chinese females' date refusals in reality TV shows: Expressing
   involvement or independence?",3,3,"Univ Bristol, Grad Sch Educ, Bristol, Avon, England.",Univ Bristol, Grad Sch Educ, Bristol,1
201,DISCOURSE CONTEXT & MEDIA,2016,48,2,"Chinese females' date refusals in reality TV shows: Expressing
   involvement or independence?",3,3,"Off 1-19,Helen Wodehouse Bldg,35 Berkeley Sq, Bristol
   BS8 1JA, Avon, England.",Off 1-19,Helen Wodehouse Bldg,35 Berkeley Sq,1
202,DISCOURSE CONTEXT & MEDIA,2016,48,2,Sense and sensibility - Online forums as epistemic arenas,1,1,"Sodertorn Univ, Dept Culture &amp; Learning, S-14189
   Huddinge, Sweden.",Sodertorn Univ, Dept Culture &amp; Learning," S-14189
   Huddinge",1
203,DISCOURSE CONTEXT & MEDIA,2016,48,2,"""We Need More than Jingles"": Discursive practices of resistance in the
   Nigerian public's responses to the rebranding Nigeria campaign",1,1,"Univ Freiburg, Engl Seminar, Freiburg, Germany.",Univ Freiburg, Engl Seminar, Freiburg,1
204,DISCOURSE CONTEXT & MEDIA,2016,48,2,"Leaders or readers, whom to please? News values in the transition of the
   Chinese press",2,2,"Shanghai Jiao Tong Univ, Shanghai, Peoples R China.",Shanghai Jiao Tong Univ, Shanghai, Peoples R China.,1
205,DISCOURSE CONTEXT & MEDIA,2016,48,2,"Leaders or readers, whom to please? News values in the transition of the
   Chinese press",2,2,"Shanghai Jiao Tong Univ, Sch Foreign Languages, Room
   105,800 Dongchuan Rd, Shanghai 200240, Peoples R China.",Shanghai Jiao Tong Univ, Sch Foreign Languages," Room
   105",1
206,DISCOURSE CONTEXT & MEDIA,2016,48,2,"The evolution of performance management discourse in corporate strategy
   diagrams for public institutions",2,2,"Sodertorn Univ, Huddinge, Sweden.",Sodertorn Univ, Huddinge, Sweden.,1
207,DISCOURSE CONTEXT & MEDIA,2016,48,2,"The evolution of performance management discourse in corporate strategy
   diagrams for public institutions",2,2,"Univ Orebro, Orebro, Sweden.",Univ Orebro, Orebro, Sweden.,1
208,DISCOURSE CONTEXT & MEDIA,2016,48,2,"Muslims in social media discourse: Combining topic modeling and critical
   discourse analysis",2,2,"Gothenburg Univ, Dept Sociol &amp; Work Sci, Skanstorget
   18,Box 720, S-40530 Gothenburg, Sweden.",Gothenburg Univ, Dept Sociol &amp; Work Sci," Skanstorget
   18",1
209,DISCOURSE CONTEXT & MEDIA,2016,48,2,"Muslims in social media discourse: Combining topic modeling and critical
   discourse analysis",2,2,"Chalmers, Complex Syst Grp Phys Resource Theory,
   Gothenburg, Sweden.",Chalmers, Complex Syst Grp Phys Resource Theory,"
   Gothenburg",1
210,DISCOURSE CONTEXT & MEDIA,2016,48,2,"Not getting a word in edgeways? Language, gender, and identity in a
   British comedy panel show",2,2,"Birmingham City Univ, Sch English, 4th Floor Curzon
   Bldg,City Ctr Campus, Birmingham B4 7BD, W Midlands, England.",Birmingham City Univ, Sch English," 4th Floor Curzon
   Bldg",1
211,DISCOURSE CONTEXT & MEDIA,2016,48,2,"Not getting a word in edgeways? Language, gender, and identity in a
   British comedy panel show",2,2,"Vienna Univ Econ &amp; Business, Welthandelspl 1, A-1020
   Vienna, Austria.",Vienna Univ Econ &amp; Business, Welthandelspl 1," A-1020
   Vienna",1
212,DISCOURSE CONTEXT & MEDIA,2016,48,2,"Selling the environment: Green marketing discourse in China's automobile
   advertising",1,1,"Simon Fraser Univ, Sch Commun, Burnaby, BC V5A 1S6, Canada.",Simon Fraser Univ, Sch Commun, Burnaby,1
213,DISCOURSE CONTEXT & MEDIA,2016,48,2,"Appropriation through guided participation: Media literacy in children's
   everyday lives",2,2,"Norwegian Univ Technol &amp; Sci, Dept Educ, N-7491
   Trondheim, Norway.",Norwegian Univ Technol &amp; Sci, Dept Educ," N-7491
   Trondheim",1
214,DISCOURSE CONTEXT & MEDIA,2016,48,2,"Appropriation through guided participation: Media literacy in children's
   everyday lives",2,2,"Uppsala Univ, Dept Educ, SE-75002 Uppsala, Sweden.",Uppsala Univ, Dept Educ, SE-75002 Uppsala,1
215,DISCOURSE CONTEXT & MEDIA,2016,48,2,"Reconstructing media frames in multimodal discourse: The John/Ivan
   Demjanjuk trial",2,4,"Tech Univ
   Chemnitz, Inst Media Res, Thuringer Weg 11, D-09126 Chemnitz, Germany.","Tech Univ
   Chemnitz", Inst Media Res, Thuringer Weg 11,3
216,DISCOURSE CONTEXT & MEDIA,2016,48,2,"Reconstructing media frames in multimodal discourse: The John/Ivan
   Demjanjuk trial",2,4,"Univ Tubingen, Inst Media Studies, Irene Gust,Wilhelmstr
   50, D-72074 Tubingen, Germany.",Univ Tubingen, Inst Media Studies, Irene Gust,1
217,DISCOURSE CONTEXT & MEDIA,2016,48,2,Understanding grooming discourse in computer-mediated environments,3,3,"Swansea Univ, Dept English, Singleton Pk Campus,
   Swansea SA2 8PP, S Glam, Wales.",Swansea Univ, Dept English, Singleton Pk Campus,1
218,DISCOURSE CONTEXT & MEDIA,2016,48,2,Understanding grooming discourse in computer-mediated environments,3,3,"Swansea Univ, Dept Psychol, Swansea SA2 8PP, S Glam,
   Wales.",Swansea Univ, Dept Psychol, Swansea SA2 8PP,1
219,DISCOURSE CONTEXT & MEDIA,2016,48,2,Understanding grooming discourse in computer-mediated environments,3,3,"Swansea Univ, Languages Translat &amp; Commun Dept,
   Swansea SA2 8PP, S Glam, Wales.",Swansea Univ, Languages Translat &amp; Commun Dept,"
   Swansea SA2 8PP",1
220,DISCOURSE CONTEXT & MEDIA,2016,48,2,"Journalist questions: comparing adversarialness in Chinese political
   press conferences",3,3,"Chinese Univ Hong Kong, Dept English, Hong Kong, Hong Kong,
   Peoples R China.",Chinese Univ Hong Kong, Dept English, Hong Kong,1
221,DISCOURSE CONTEXT & MEDIA,2016,48,2,"Journalist questions: comparing adversarialness in Chinese political
   press conferences",3,3,"Australian Natl Univ, Canberra, ACT 0200,
   Australia.",Australian Natl Univ, Canberra, ACT 0200,1
222,DISCOURSE CONTEXT & MEDIA,2016,48,2,"Journalist questions: comparing adversarialness in Chinese political
   press conferences",3,3,"Chinese Univ Hong Kong, Rm 303C, Shatin, Hong Kong, Peoples
   R China.",Chinese Univ Hong Kong, Rm 303C, Shatin,1
223,DISCOURSE CONTEXT & MEDIA,2016,48,2,"Performing health identities on social media: An online observation of
   Facebook profiles",1,2,"Queen Mary Univ London, Sch Language
   Linguist &amp; Film, Francis Bancroft Film, London, England.",Queen Mary Univ London," Sch Language
   Linguist &amp; Film", Francis Bancroft Film,2
224,DISCOURSE CONTEXT & MEDIA,2016,48,2,"Power relations in social media discourse: Dialogization and
   monologization on corporate Facebook pages",1,3,"Aalto
   Univ, Sch Business, Unit Org Commun, POB 21210, Helsinki 00076, Finland.","Aalto
   Univ", Sch Business, Unit Org Commun,3
225,DISCOURSE CONTEXT & MEDIA,2016,48,2,"""All those Elvis-meets-golf-player looks"": A corpus-assisted analysis of
   creative compounds in fashion blogging",1,1,"Univ Pisa, Dipartimento Filol
   Letteratura &amp; Linguist, Via Santa Maria,67, I-56026 Pisa, PI, Italy.",Univ Pisa," Dipartimento Filol
   Letteratura &amp; Linguist", Via Santa Maria,1
226,DISCOURSE CONTEXT & MEDIA,2016,48,2,"Searchable talk as discourse practice on the internet: The case of
   ""#bindersfullofwomen""",2,2,"Univ Macau, FAH, Dept English, Macau, Peoples R China.",Univ Macau, FAH, Dept English,1
227,DISCOURSE CONTEXT & MEDIA,2016,48,2,"Searchable talk as discourse practice on the internet: The case of
   ""#bindersfullofwomen""",2,2,"Jinan Univ, Coll Foreign Studies, 601 Huangpu Ave West,
   Guangzhou 510632, Guangdong, Peoples R China.",Jinan Univ, Coll Foreign Studies, 601 Huangpu Ave West,1
228,DISCOURSE CONTEXT & MEDIA,2016,48,2,"Political communication and disasters: A four-country analysis of how
   politicians should talk before, during and after disasters",2,3,"Griffith Univ, Sch Humanities, Nathan,
   Qld 4111, Australia.",Griffith Univ, Sch Humanities, Nathan,2
229,DISCOURSE CONTEXT & MEDIA,2016,48,2,"Political communication and disasters: A four-country analysis of how
   politicians should talk before, during and after disasters",2,3,"CQ Univ, Brisbane, Qld 4000, Australia.",CQ Univ, Brisbane, Qld 4000,1
230,DISCOURSE CONTEXT & MEDIA,2016,48,2,'Proper football people': Talking soccer on Sky Sports News,2,2,"Univ Leicester, Dept Media &amp; Commun, Leicester LE1 7RH,
   Leics, England.",Univ Leicester, Dept Media &amp; Commun, Leicester LE1 7RH,1
231,DISCOURSE CONTEXT & MEDIA,2016,48,2,'Proper football people': Talking soccer on Sky Sports News,2,2,"Yew Tree House,36 Wigston Rd, Leicester LE8 4FU, Leics,
   England.",Yew Tree House,36 Wigston Rd, Leicester LE8 4FU,1
232,DISCOURSE CONTEXT & MEDIA,2016,48,2,Being a 'Host' or a 'Journalist': Orientation to role on the ABC's Q&A,1,1,"Cent Queensland Univ, Sch Educ &amp; Arts, 160 Ann St,
   Brisbane, Qld 4000, Australia.",Cent Queensland Univ, Sch Educ &amp; Arts, 160 Ann St,1
233,DISCOURSE CONTEXT & MEDIA,2016,48,2,"Voices and values in the news: News media talk, news values and
   attribution",1,1,"Univ Sydney, Dept Linguist, Sch Letters Arts &amp; Media,
   Woolley A20, Sydney, NSW 2006, Australia.",Univ Sydney, Dept Linguist, Sch Letters Arts &amp; Media,1
234,DISCOURSE CONTEXT & MEDIA,2016,48,2,Using visual text analytics to examine broadcast interviewing,4,5,"Univ Queensland, Sch Commun &amp; Arts, Brisbane, Qld,
   Australia.",Univ Queensland, Sch Commun &amp; Arts, Brisbane,1
235,DISCOURSE CONTEXT & MEDIA,2016,48,2,Using visual text analytics to examine broadcast interviewing,4,5,"Univ Macau, Dept Commun, Macau, Peoples R China.",Univ Macau, Dept Commun, Macau,1
236,DISCOURSE CONTEXT & MEDIA,2016,48,2,Using visual text analytics to examine broadcast interviewing,4,5,"Univ Queensland, UQ Ctr Clin Res, Asia Pacific Ctr
   Neuromodulat, Brisbane, Qld, Australia.",Univ Queensland, UQ Ctr Clin Res," Asia Pacific Ctr
   Neuromodulat",1
237,DISCOURSE CONTEXT & MEDIA,2016,48,2,Using visual text analytics to examine broadcast interviewing,4,5,"Univ Queensland, Sch Informat Technol &amp;
   Elect Engn, Brisbane, Qld, Australia.",Univ Queensland," Sch Informat Technol &amp;
   Elect Engn", Brisbane,2
238,DISCOURSE CONTEXT & MEDIA,2016,48,2,"Ripples of mediatization: Social media and the exposure of the pool
   interview",3,3,"Microsoft Res, 21 Stn Rd, Cambridge CB1 2FB, England.",Microsoft Res, 21 Stn Rd, Cambridge CB1 2FB,1
239,DISCOURSE CONTEXT & MEDIA,2016,48,2,"Ripples of mediatization: Social media and the exposure of the pool
   interview",3,3,"Univ Queensland, Brisbane, Qld 4072, Australia.",Univ Queensland, Brisbane, Qld 4072,1
240,DISCOURSE CONTEXT & MEDIA,2016,48,2,"Ripples of mediatization: Social media and the exposure of the pool
   interview",3,3,"Univ Macau, Ave Univ, Taipa, Macao, Peoples R
   China.",Univ Macau, Ave Univ, Taipa,1
241,DISCOURSE CONTEXT & MEDIA,2015,48,2,"The path of least resistance: Constructions of space in the discourse of
   Israeli military refuseniks",1,1,"Univ Haifa, Dept Commun, IL-3498836 Haifa, Israel.",Univ Haifa, Dept Commun, IL-3498836 Haifa,1
242,DISCOURSE CONTEXT & MEDIA,2015,48,2,"Facebook graph search for refined screen-based data collection in CMC: A
   pilot study for Fiji English",1,1,"Univ Zurich, Dept English, CH-8032 Zurich, Switzerland.",Univ Zurich, Dept English, CH-8032 Zurich,1
243,DISCOURSE CONTEXT & MEDIA,2015,48,2,Small stories and extended narratives on Twitter,1,1,"Univ Bayreuth, Dept English Linguist, D-95447 Bayreuth,
   Germany.",Univ Bayreuth, Dept English Linguist, D-95447 Bayreuth,1
244,DISCOURSE CONTEXT & MEDIA,2015,48,2,The celebrity talk show: Norms and practices,1,1,"Univ Calif Los Angeles, Dept Sociol, Los Angeles, CA 90095
   USA.",Univ Calif Los Angeles, Dept Sociol, Los Angeles,1
245,DISCOURSE CONTEXT & MEDIA,2015,48,2,"""Or so the government would have you believe"": Uses of ""you"" in Guardian
   editorials",1,1,"Univ Navarra, Inst Modern Languages, Inst Cultura &amp; Soc,
   Pamplona 31009, Spain.",Univ Navarra, Inst Modern Languages, Inst Cultura &amp; Soc,1
246,DISCOURSE CONTEXT & MEDIA,2015,48,2,"Resisting neoliberalism through political and social critique: The
   Guardian column of Polly Toynbee",1,1,"Univ Waikato, Appl Linguist Programme, Hamilton 3240, New
   Zealand.",Univ Waikato, Appl Linguist Programme, Hamilton 3240,1
247,DISCOURSE CONTEXT & MEDIA,2015,48,2,"Introduction: Communicating time and place on digital media
   Multi-layered temporalities & (Re)localizations",1,1,"Kings Coll London, London WC2R 2LS, England.",Kings Coll London, London WC2R 2LS, England.,1
248,DISCOURSE CONTEXT & MEDIA,2015,48,2,"Right now versus back then: Recency and remoteness as discursive
   resources in online reviews",1,1,"Univ S Florida, Tampa, FL 33620 USA.",Univ S Florida, Tampa, FL 33620 USA.,1
249,DISCOURSE CONTEXT & MEDIA,2015,48,2,"From Natio to Chitown: The New African Diaspora and digital
   representations of place",1,2,"Univ Freiburg, Dept English, D-79085
   Freiburg, Germany.",Univ Freiburg, Dept English," D-79085
   Freiburg",2
250,DISCOURSE CONTEXT & MEDIA,2015,48,2,Beyond the Timeline: Constructing time and age identities on Facebook,1,1,"Univ Lancaster, Dept Linguist &amp; English Language,
   Lancaster LA1 4YL, England.",Univ Lancaster, Dept Linguist &amp; English Language,"
   Lancaster LA1 4YL",1
251,DISCOURSE CONTEXT & MEDIA,2015,48,2,Negotiation of space in Second Life newbie interaction,2,3,"Univ Basel, CH-4051 Basel, Switzerland.",Univ Basel, CH-4051 Basel, Switzerland.,1
252,DISCOURSE CONTEXT & MEDIA,2015,48,2,Negotiation of space in Second Life newbie interaction,2,3,"Univ Zurich, CH-8006 Zurich,
   Switzerland.",Univ Zurich, CH-8006 Zurich,"
   Switzerland.",2
253,DISCOURSE CONTEXT & MEDIA,2015,48,2,"World attending in interaction: Multitasking, spatializing,
   narrativizing with mobile devices and Tinder",2,2,"Kings Coll London, London, England.",Kings Coll London, London, England.,1
254,DISCOURSE CONTEXT & MEDIA,2015,48,2,"World attending in interaction: Multitasking, spatializing,
   narrativizing with mobile devices and Tinder",2,2,"Interdisciplinary Ctr, Herzliyya, Israel.",Interdisciplinary Ctr, Herzliyya, Israel.,1
255,DISCOURSE CONTEXT & MEDIA,2015,48,2,"'Everywhere I go, you're going with me': Time and space deixis as
   affective positioning resources in shared moments of digital mourning",1,1,"Kingston Univ London, Fac Arts &amp; Social Sci, Sch
   Humanities, Dept Linguist &amp; Languages, Kingston Upon Thames KT1 2EE,
   Surrey, England.",Kingston Univ London, Fac Arts &amp; Social Sci," Sch
   Humanities",1
256,DISCOURSE CONTEXT & MEDIA,2015,48,2,"Sharing as rescripting: Place manipulations on YouTube between narrative
   and social media affordances",1,1,"Kings Coll London, London WC2R 2LS, England.",Kings Coll London, London WC2R 2LS, England.,1
257,Discourse Context & Media,2015,48,2,"""I be da reel gansta""-A Finnish footballer's Twitter writing and
   metapragmatic evaluations of authenticity",1,2,"Univ Jyvaskyla, Dept Languages,
   Jyvaskyla 40014, Finland.",Univ Jyvaskyla, Dept Languages,"
   Jyvaskyla 40014",2
258,Discourse Context & Media,2015,48,2,"Punjabi at heart: Language, legitimacy, and authenticity on social media",2,3,"Univ Copenhagen, DK-2300
   Copenhagen S, Denmark.",Univ Copenhagen," DK-2300
   Copenhagen S", Denmark.,2
259,Discourse Context & Media,2015,48,2,"Punjabi at heart: Language, legitimacy, and authenticity on social media",2,3,"Tilburg Univ, NL-5000 LE Tilburg, Netherlands.",Tilburg Univ, NL-5000 LE Tilburg, Netherlands.,1
260,Discourse Context & Media,2015,48,2,"Reflexivity in Facebook interaction - Enregisterment across written and
   spoken language practices",1,Manually,"Univ Copenhagen, DK-1168 Copenhagen, Denmark.",Univ Copenhagen, DK-1168 Copenhagen, Denmark.,Manually
261,Discourse Context & Media,2015,48,2,"Ethnicity and social categorization in on- and offline interaction among
   Copenhagen adolescents",1,2,"Univ Copenhagen,
   Copenhagen, Denmark.",Univ Copenhagen,"
   Copenhagen", Denmark.,2
262,Discourse Context & Media,2015,48,2,"Presenting ""pissis girls"": Categorisation in a social media video",1,Manually,"Univ Jyvaskyla, Ctr Appl Language Studies, Jyvaskyla 40014, Finland.",Univ Jyvaskyla, Ctr Appl Language Studies, Jyvaskyla 40014,Manually
263,DISCOURSE CONTEXT & MEDIA,2015,48,2,Dog blogs as ventriloquism: Authentication of the human voice,1,Manually,"Univ Jyvaskyla, Dept Languages, Jyvaskyla 40014, Finland.",Univ Jyvaskyla, Dept Languages, Jyvaskyla 40014,Manually
264,DISCOURSE CONTEXT & MEDIA,2015,48,2,Negotiating authenticities in mediatized times,2,2,"Univ Hamburg, Inst Germanist, Hamburg, Germany.",Univ Hamburg, Inst Germanist, Hamburg,1
265,DISCOURSE CONTEXT & MEDIA,2015,48,2,Negotiating authenticities in mediatized times,2,2,"Univ Hamburg, Inst Medien &amp; Kommunikat,
   Hamburg, Germany.",Univ Hamburg, Inst Medien &amp; Kommunikat,"
   Hamburg",1
266,Discourse Context & Media,2015,48,2,"Imperfect strangers: Picturing place, family, and migrant identity on
   Facebook",3,3,"Auckland Univ Technol, Inst Culture Discourse &amp;
   Commun, Fac Culture &amp; Soc, Auckland 1142, New Zealand.",Auckland Univ Technol," Inst Culture Discourse &amp;
   Commun", Fac Culture &amp; Soc,1
267,Discourse Context & Media,2015,48,2,"Imperfect strangers: Picturing place, family, and migrant identity on
   Facebook",3,3,"Univ Cambridge, Dept Social Anthropol, Auckland,
   New Zealand.",Univ Cambridge, Dept Social Anthropol, Auckland,1
268,Discourse Context & Media,2015,48,2,"Imperfect strangers: Picturing place, family, and migrant identity on
   Facebook",3,3,"Auckland Univ Technol, Auckland 1142, New
   Zealand.",Auckland Univ Technol, Auckland 1142," New
   Zealand.",1
269,Discourse Context & Media,2015,48,2,"Multimodal argumentation in news magazine covers: A case study of front
   covers putting Greece on the spot of the European economic crisis",1,Manually,"Univ Amsterdam, Dept Media Studies, NL-1012 XT Amsterdam, Netherlands.",Univ Amsterdam, Dept Media Studies, NL-1012 XT Amsterdam,Manually
270,Discourse Context & Media,2015,48,2,The form and function of quoting in digital media,1,Manually,"Zeppelin Univ Friedrichshafen, Fac Social Sci, D-88045 Friedrichshafen,
   Germany.",Zeppelin Univ Friedrichshafen, Fac Social Sci, D-88045 Friedrichshafen,Manually
271,Discourse Context & Media,2015,48,2,"Constructions of patient agency in healthcare settings: Textual and
   patient perspectives",1,3,"Univ Waikato, Fac
   Educ, Hamilton 3240, New Zealand.",Univ Waikato," Fac
   Educ", Hamilton 3240,3
272,Discourse Context & Media,2015,48,2,"Microanalysis Of Online Data: The methodological development of ""digital
   CA""",5,5,"Univ Winchester, Dept Psychol, Winchester SO22 4NR,
   Hants, England.",Univ Winchester, Dept Psychol, Winchester SO22 4NR,1
273,Discourse Context & Media,2015,48,2,"Microanalysis Of Online Data: The methodological development of ""digital
   CA""",5,5,"Radboud Univ Nijmegen, Ctr Language Studies, NL-6500 HD
   Nijmegen, Netherlands.",Radboud Univ Nijmegen, Ctr Language Studies," NL-6500 HD
   Nijmegen",1
274,Discourse Context & Media,2015,48,2,"Microanalysis Of Online Data: The methodological development of ""digital
   CA""",5,5,"Univ Tennessee, Dept Educ Psychol &amp; Counseling,
   Knoxville, TN 37996 USA.",Univ Tennessee, Dept Educ Psychol &amp; Counseling,"
   Knoxville",1
275,Discourse Context & Media,2015,48,2,"Microanalysis Of Online Data: The methodological development of ""digital
   CA""",5,5,"Indiana Univ, Sch Educ, Dept Counseling &amp; Educ
   Psychol, Bloomington, IN 47405 USA.",Indiana Univ, Sch Educ," Dept Counseling &amp; Educ
   Psychol",1
276,Discourse Context & Media,2015,48,2,"Microanalysis Of Online Data: The methodological development of ""digital
   CA""",5,5,"Univ York, Dept Sociol, Wentworth Coll, York YO10 5DD, N
   Yorkshire, England.",Univ York, Dept Sociol, Wentworth Coll,1
277,Discourse Context & Media,2014,48,2,"Impact caption as a highlighting device: Attempts at viewer manipulation
   on TV",1,Manually,"Dublin City Univ, Ctr Translat &amp; Textual Studies, Sch Appl Language &amp;
   Intercultural Studies, Dublin 9, Ireland.",Dublin City Univ, Ctr Translat &amp; Textual Studies," Sch Appl Language &amp;
   Intercultural Studies",Manually
278,Discourse Context & Media,2014,48,2,Visual political irony in Russian new media,1,1,"Natl Res Univ Higher Sch Econ, Moscow, Russia.",Natl Res Univ Higher Sch Econ, Moscow, Russia.,1
279,Discourse Context & Media,2014,48,2,"Employee testimonials: Animating corporate messages through employees'
   stories",1,Manually,"Univ Southern Denmark, Inst Language &amp; Commun, DK-5230 Odense M, Denmark.",Univ Southern Denmark, Inst Language &amp; Commun, DK-5230 Odense M,Manually
280,Discourse Context & Media,2014,48,2,Class and productive avoidance in The Real Housewives reunions,1,Manually,"Ohio State Univ, Dept English, Columbus, OH 43210 USA.",Ohio State Univ, Dept English, Columbus,Manually
281,DISCOURSE CONTEXT & MEDIA,2014,48,2,"Bringing class to light and life: A case study of reality-based
   television discourse",1,2,"Fairleigh Dickinson Univ, Dept
   Commun Studies, Madison, NJ 07940 USA.",Fairleigh Dickinson Univ," Dept
   Commun Studies", Madison,2
282,DISCOURSE CONTEXT & MEDIA,2014,48,2,"Exploring 'success' in digitally augmented activism: A triangulated
   approach to analyzing UK activist Twitter use",1,4,"Univ
   Lancaster, Lancaster LA1 4YD, England.","Univ
   Lancaster", Lancaster LA1 4YD, England.,4
283,Discourse Context & Media,2014,48,2,"The empire blogs back: Gendered and sexualized cultural ""others"" in
   superdiversified digital trajectories",1,1,"Univ Fed Rio de Janeiro, BR-21941 Rio De
   Janeiro, Brazil.",Univ Fed Rio de Janeiro," BR-21941 Rio De
   Janeiro", Brazil.,1
284,Discourse Context & Media,2014,48,2,On high horses: Transnational Nepalis and language ideologies on YouTube,2,2,"Univ Hawaii Manoa, Dept Language Studies 2,
   Honolulu, HI 96822 USA.",Univ Hawaii Manoa, Dept Language Studies 2,"
   Honolulu",1
285,Discourse Context & Media,2014,48,2,On high horses: Transnational Nepalis and language ideologies on YouTube,2,2,"Kathmandu Univ, Sch Educ, Balkumari, Lalitpur,
   Nepal.",Kathmandu Univ, Sch Educ, Balkumari,1
286,Discourse Context & Media,2014,48,2,"Senegalese digital repertoires in superdiversity: A case study from
   Seneweb",1,Manually,"Univ Florida, Dept Linguist, Gainesville, FL 32605 USA.",Univ Florida, Dept Linguist, Gainesville,Manually
287,Discourse Context & Media,2014,48,2,"Doing race and ethnicity in a digital community: Lexical labels and
   narratives of belonging in a Nigerian web forum",1,Manually,"Univ Freiburg, Engl Seminar, Kollegiengebaude 4, D-79085 Freiburg,
   Germany.",Univ Freiburg, Engl Seminar, Kollegiengebaude 4,Manually
288,Discourse Context & Media,2014,48,2,"Dutch-Chinese repertoires and language ausbau in superdiversity: A view
   from digital media",2,4,"Univ Luxembourg, Luxembourg, Luxembourg.",Univ Luxembourg, Luxembourg, Luxembourg.,1
289,Discourse Context & Media,2014,48,2,"Dutch-Chinese repertoires and language ausbau in superdiversity: A view
   from digital media",2,4,"Tilburg Univ, NL-5000 LE
   Tilburg, Netherlands.",Tilburg Univ," NL-5000 LE
   Tilburg", Netherlands.,3
290,Discourse Context & Media,2014,48,2,Languaging when contexts collapse: Audience design in social networking,1,Manually,"Univ Hamburg, Inst German Studies, D-20146 Hamburg, Germany.",Univ Hamburg, Inst German Studies, D-20146 Hamburg,Manually
291,Discourse Context & Media,2014,48,2,"Digital superdiversity in Luxembourg: The role of Luxembourgish in a
   multilingual Facebook group",2,3,"Univ Luxembourg, Inst Luxembourgish
   Linguist &amp; Literatures, Luxembourg, Luxembourg.",Univ Luxembourg," Inst Luxembourgish
   Linguist &amp; Literatures", Luxembourg,2
292,Discourse Context & Media,2014,48,2,"Digital superdiversity in Luxembourg: The role of Luxembourgish in a
   multilingual Facebook group",2,3,"Univ Luxembourg, L-7201 Walferdange, Luxembourg.",Univ Luxembourg, L-7201 Walferdange, Luxembourg.,1
293,DISCOURSE CONTEXT & MEDIA,2014,48,2,"Multilingual repertoires and the relocalization of manga in digital
   media",2,2,"Stockholm Univ, Dept Swedish Language &amp;
   Multilingualism, Ctr Res Bilingualism, S-10691 Stockholm, Sweden.",Stockholm Univ," Dept Swedish Language &amp;
   Multilingualism", Ctr Res Bilingualism,1
294,DISCOURSE CONTEXT & MEDIA,2014,48,2,"Multilingual repertoires and the relocalization of manga in digital
   media",2,2,"Stockholm Univ, Dept Balt Languages Finnish &amp; German,
   S-10691 Stockholm, Sweden.",Stockholm Univ, Dept Balt Languages Finnish &amp; German,"
   S-10691 Stockholm",1
295,DISCOURSE CONTEXT & MEDIA,2014,48,2,"The appropriation of transcultural flows among Copenhagen youth - The
   case of Illuminati",1,Manually,"Univ Copenhagen, Dept Scandinavian Studies &amp; Linguist, DK-2300
   Copenhagen S, Denmark.",Univ Copenhagen, Dept Scandinavian Studies &amp; Linguist," DK-2300
   Copenhagen S",Manually
296,Discourse Context & Media,2014,48,2,"For the people: Defining communities of readership through an APPRAISAL
   comparison of letters to two South African newspapers",1,2,"Rhodes Univ, Dept English Language &amp;
   Linguist, ZA-6140 Grahamstown, South Africa.",Rhodes Univ," Dept English Language &amp;
   Linguist", ZA-6140 Grahamstown,2
297,DISCOURSE CONTEXT & MEDIA,2014,48,2,"Doing sociolinguistic research on computer-mediated data: A review of
   four methodological issues",2,2,"Univ Zurich, Dept English, CH-8032 Zurich, Switzerland.",Univ Zurich, Dept English, CH-8032 Zurich,1
298,DISCOURSE CONTEXT & MEDIA,2014,48,2,"Doing sociolinguistic research on computer-mediated data: A review of
   four methodological issues",2,2,"Univ Basel, Dept Sprach &amp; Literaturwissensch, Engl
   Seminar, CH-4051 Basel, Switzerland.",Univ Basel, Dept Sprach &amp; Literaturwissensch," Engl
   Seminar",1
299,Discourse Context & Media,2014,48,2,"Seen and not heard: The relationship of orthography, morphology, and
   phonology in loanword adaptation in the German hip hop community",1,Manually,"Freiburg Inst Adv Studies, D-79104 Freiburg, Germany.",Freiburg Inst Adv Studies, D-79104 Freiburg, Germany.,Manually
300,Discourse Context & Media,2014,48,2,"Discipline and resistance on social media: Discourse, power and context
   in the Paul Chambers 'Twitter Joke Trial'",1,1,"Newcastle Univ, Sch Arts &amp; Cultures, Newcastle Upon
   Tyne NE1 7RU, Tyne &amp; Wear, England.",Newcastle Univ, Sch Arts &amp; Cultures," Newcastle Upon
   Tyne NE1 7RU",1
301,DISCOURSE CONTEXT & MEDIA,2014,48,2,"Linguistic varieties in style: Humorous representations in Greek mass
   culture texts",3,4,"Univ Patras, Dept Philol, Patras
   26504, Rio, Greece.",Univ Patras, Dept Philol," Patras
   26504",2
302,DISCOURSE CONTEXT & MEDIA,2014,48,2,"Linguistic varieties in style: Humorous representations in Greek mass
   culture texts",3,4,"Univ Liverpool, Dept English, Liverpool LA69 7ZR,
   Merseyside, England.",Univ Liverpool, Dept English, Liverpool LA69 7ZR,1
303,DISCOURSE CONTEXT & MEDIA,2014,48,2,"Linguistic varieties in style: Humorous representations in Greek mass
   culture texts",3,4,"Democritus Univ Thrace, Dept Educ Sci Early Childhood,
   Nea Chili 68100, Alexandroupoli, Greece.",Democritus Univ Thrace, Dept Educ Sci Early Childhood,"
   Nea Chili 68100",1
304,DISCOURSE CONTEXT & MEDIA,2013,48,2,"Media discourse and dual language programs: A critical linguistic
   analysis",1,2,"Univ Nebraska, Lincoln, NE
   68588 USA.",Univ Nebraska, Lincoln," NE
   68588 USA.",2
305,DISCOURSE CONTEXT & MEDIA,2013,48,2,"""Booyah Jim"": The construction of hegemonic masculinity in CNBC 'Mad
   Money' phone-in interactions",2,2,"Univ Massachusetts, Dept Commun, Amherst, MA 01003
   USA.",Univ Massachusetts, Dept Commun, Amherst,1
306,DISCOURSE CONTEXT & MEDIA,2013,48,2,"""Booyah Jim"": The construction of hegemonic masculinity in CNBC 'Mad
   Money' phone-in interactions",2,2,"Univ Calif San Diego, San Diego, CA 92103 USA.",Univ Calif San Diego, San Diego, CA 92103 USA.,1
307,DISCOURSE CONTEXT & MEDIA,2013,48,2,"To spray or not to spray: The discursive construction of contested
   environmental issues in the news media",2,2,"Univ Orebro, Dept Sociol, SE-70182 Orebro, Sweden.",Univ Orebro, Dept Sociol, SE-70182 Orebro,1
308,DISCOURSE CONTEXT & MEDIA,2013,48,2,"To spray or not to spray: The discursive construction of contested
   environmental issues in the news media",2,2,"Univ Orebro, Dept Media &amp; Commun Sci, SE-70182
   Orebro, Sweden.",Univ Orebro, Dept Media &amp; Commun Sci," SE-70182
   Orebro",1
309,DISCOURSE CONTEXT & MEDIA,2013,48,2,"Demonising the cultural Other: Legitimising dehumanisation of foreign
   domestic helpers in the Hong Kong press",1,1,"Hong Kong Baptist Univ, Dept English, Ho Sin Hang
   Campus,Waterloo Rd, Kowloon Tong, Hong Kong, Peoples R China.",Hong Kong Baptist Univ, Dept English," Ho Sin Hang
   Campus",1
310,DISCOURSE CONTEXT & MEDIA,2013,48,2,"Non-verbal signalling in digital discourse: The case of letter
   repetition",1,1,"Univ Portsmouth, Portsmouth PO1 2UP, Hants, England.",Univ Portsmouth, Portsmouth PO1 2UP, Hants,1
311,DISCOURSE CONTEXT & MEDIA,2013,48,2,"The role of sentence closing as an emotional marker: A case of Japanese
   mobile phone e-mail",1,1,"Univ Queensland, Sch Languages &amp; Comparat Cultural
   Studies, Brisbane, Qld 4072, Australia.",Univ Queensland," Sch Languages &amp; Comparat Cultural
   Studies", Brisbane,1
312,DISCOURSE CONTEXT & MEDIA,2013,48,2,"Reversing racism and the elite conspiracy: Strategies used by the
   British National Party leader in response to hostile media appearances",2,2,"Bournemouth Univ, Psychol Res Ctr, Poole BH12 5BB,
   Dorset, England.",Bournemouth Univ, Psychol Res Ctr, Poole BH12 5BB,1
313,DISCOURSE CONTEXT & MEDIA,2013,48,2,"Reversing racism and the elite conspiracy: Strategies used by the
   British National Party leader in response to hostile media appearances",2,2,"Coventry Univ, Dept Psychol &amp; Behav Sci, Coventry, W
   Midlands, England.",Coventry Univ, Dept Psychol &amp; Behav Sci, Coventry,1
314,DISCOURSE CONTEXT & MEDIA,2013,48,2,"Colleagues' talk and power after work hours: A community of practice in
   Facebook Status Updates?",2,2,"Chinese Univ Hong Kong, Dept English, Shatin,
   Hong Kong, Peoples R China.",Chinese Univ Hong Kong, Dept English, Shatin,1
315,DISCOURSE CONTEXT & MEDIA,2013,48,2,"Colleagues' talk and power after work hours: A community of practice in
   Facebook Status Updates?",2,2,"Hong Kong Inst Educ, Dept Math &amp; Informat Technol,
   Hong Kong, Hong Kong, Peoples R China.",Hong Kong Inst Educ, Dept Math &amp; Informat Technol,"
   Hong Kong",1
316,DISCOURSE CONTEXT & MEDIA,2013,48,2,"The Mexican sports car controversy: An appraisal analysis of BBC's Top
   Gear and the reproduction of nationalism and racism through humor",2,2,"Fairleigh Dickinson Univ, Sammartino Sch Educ, Teaneck,
   NJ 07666 USA.",Fairleigh Dickinson Univ, Sammartino Sch Educ, Teaneck,1
317,DISCOURSE CONTEXT & MEDIA,2013,48,2,"The Mexican sports car controversy: An appraisal analysis of BBC's Top
   Gear and the reproduction of nationalism and racism through humor",2,2,"Univ Texas San Antonio, Div Bicultural Bilingual Studies,
   San Antonio, TX 78249 USA.",Univ Texas San Antonio, Div Bicultural Bilingual Studies,"
   San Antonio",1
318,DISCOURSE CONTEXT & MEDIA,2013,48,2,"""This is an erroneous argument"": Conflict in academic blog discussions",1,1,"Univ Zaragoza, Dept Filol Inglesa &amp; Alemana, C Pedro
   Cerbuna 12, E-50009 Zaragoza, Spain.",Univ Zaragoza, Dept Filol Inglesa &amp; Alemana," C Pedro
   Cerbuna 12",1
319,DISCOURSE CONTEXT & MEDIA,2013,48,2,"Facebook sharing: A sociolinguistic analysis of computer-mediated
   storytelling",1,1,"Georgetown Univ, Washington, DC 20009 USA.",Georgetown Univ, Washington, DC 20009 USA.,1
320,DISCOURSE CONTEXT & MEDIA,2013,48,2,"The US-Russia spy swap of 2010 in media discourse: What the Commersial
   Transaction metaphor implies",1,1,"Vilnius Univ, Inst Foreign Languages, Dept
   Social Sci &amp; Humanities, Univ 5, LT-01513 Vilnius, Lithuania.",Vilnius Univ, Inst Foreign Languages," Dept
   Social Sci &amp; Humanities",1
321,DISCOURSE CONTEXT & MEDIA,2013,48,2,The role of blogging in public deliberation and democracy,2,2,"Univ Ballarat, Sch Educ &amp; Arts, Philosophy, Ballarat,
   Vic 3353, Australia.",Univ Ballarat, Sch Educ &amp; Arts, Philosophy,1
322,DISCOURSE CONTEXT & MEDIA,2013,48,2,The role of blogging in public deliberation and democracy,2,2,"Edith Cowan Univ, Media &amp; Cultural Studies, Sch Commun &amp;
   Arts, Mt Lawley, WA 6160, Australia.",Edith Cowan Univ, Media &amp; Cultural Studies," Sch Commun &amp;
   Arts",1
323,DISCOURSE CONTEXT & MEDIA,2013,48,2,"Deleuze, Guattari and the use of web-based corpora for facilitating
   critical analysis of public sphere arguments",1,1,"Kings Coll London, Dept Educ &amp; Profess Studies,
   Franklin Wilkins Bldg,Waterloo Bridge Wing,150 St, London SE1 9NH,
   England.",Kings Coll London, Dept Educ &amp; Profess Studies,"
   Franklin Wilkins Bldg",1
324,DISCOURSE CONTEXT & MEDIA,2013,48,2,Silence and face-work in two chinese TV talk shows,1,3,"Natl Univ Singapore,
   Singapore 117548, Singapore.",Natl Univ Singapore,"
   Singapore 117548", Singapore.,3
325,DISCOURSE CONTEXT & MEDIA,2012,48,2,"Categories, norms and inferences: Generating entertainment in a daytime
   talk show",1,1,"Univ Queensland, Brisbane, Qld 4072, Australia.",Univ Queensland, Brisbane, Qld 4072,1
326,DISCOURSE CONTEXT & MEDIA,2012,48,2,"Statements as questions in interviews with celebrities: A Mandarin
   Chinese and American English comparative perspective on a questioning
   strategy",1,1,"Univ Illinois, Dept Linguist, Univ Hall 1713,601 South
   Morgan St, Chicago, IL 60607 USA.",Univ Illinois, Dept Linguist, Univ Hall 1713,1
327,DISCOURSE CONTEXT & MEDIA,2012,48,2,"Basque natives vs. Basque learners: The construction of the Basque
   speaker through satire",1,1,"Univ North Texas Dallas, Dept Languages &amp;
   Commun, 7400 Univ Hills Blvd, Dallas, TX 75241 USA.",Univ North Texas Dallas," Dept Languages &amp;
   Commun", 7400 Univ Hills Blvd,1
328,DISCOURSE CONTEXT & MEDIA,2012,48,2,"""SOS 112 what has occurred?"" Managing openings in children's emergency
   calls",3,3,"Linkoping Univ, Dept Social &amp; Welf Studies, S-60174
   Norrkoping, Sweden.",Linkoping Univ, Dept Social &amp; Welf Studies," S-60174
   Norrkoping",1
329,DISCOURSE CONTEXT & MEDIA,2012,48,2,"""SOS 112 what has occurred?"" Managing openings in children's emergency
   calls",3,3,"Linkoping Univ, Dept Behav Sci &amp; Learning,
   S-60174 Norrkoping, Sweden.",Linkoping Univ, Dept Behav Sci &amp; Learning,"
   S-60174 Norrkoping",1
330,DISCOURSE CONTEXT & MEDIA,2012,48,2,"""SOS 112 what has occurred?"" Managing openings in children's emergency
   calls",3,3,"Linkoping Univ, Dept Child Studies, S-60174
   Norrkoping, Sweden.",Linkoping Univ, Dept Child Studies," S-60174
   Norrkoping",1
331,DISCOURSE CONTEXT & MEDIA,2012,48,2,"Deprivation, distance and connectivity: The adaptation of mobile phone
   use to a life in Wesbank, a post-apartheid township in South Africa",1,1,"Tilburg Univ, Sch Humanities, Dept Culture Studies, TRAPS,
   Tilburg, Netherlands.",Tilburg Univ, Sch Humanities, Dept Culture Studies,1
332,DISCOURSE CONTEXT & MEDIA,2012,48,2,"Bridging between the metal community and the church: Entextualization of
   the Bible in Christian metal discourse",1,1,"Univ Jyvaskyla, Dept Languages, Jyvaskyla, Finland.",Univ Jyvaskyla, Dept Languages, Jyvaskyla,1
333,DISCOURSE CONTEXT & MEDIA,2012,48,2,"Exploring the axiological workings of 'reporter voice' news
   stories-Attribution and attitudinal positioning",1,1,"Univ New South Wales, Sch Arts &amp; Media, High St,
   Sydney, NSW 2052, Australia.",Univ New South Wales, Sch Arts &amp; Media, High St,1
334,DISCOURSE CONTEXT & MEDIA,2012,48,2,"Multimodal expression of authorial affect in a British television news
   programme",1,Manually,"Univ E Anglia, Language &amp; Commun Studies, Norwich NR4 7TJ, Norfolk,
   England.",Univ E Anglia, Language &amp; Commun Studies, Norwich NR4 7TJ,Manually
335,DISCOURSE CONTEXT & MEDIA,2012,48,2,Analysing evaluation in political cartoons,1,1,"Univ Trieste, Dipartimento Sci Polit &amp; Sociali,
   Gorizia Campus,Via Alviano 18, I-34170 Gorizia, Italy.",Univ Trieste, Dipartimento Sci Polit &amp; Sociali,"
   Gorizia Campus",1
336,DISCOURSE CONTEXT & MEDIA,2012,48,2,"Diachronic changes in subjectivity and stance-A corpus linguistic study
   of Dutch news texts",3,3,"Univ Utrecht, Utrecht Inst Linguist OTS, NL-3512 JK
   Utrecht, Netherlands.",Univ Utrecht, Utrecht Inst Linguist OTS," NL-3512 JK
   Utrecht",1
337,DISCOURSE CONTEXT & MEDIA,2012,48,2,"Diachronic changes in subjectivity and stance-A corpus linguistic study
   of Dutch news texts",3,3,"Radboud Univ Nijmegen, Ctr Language Studies, NL-6525 ED
   Nijmegen, Netherlands.",Radboud Univ Nijmegen, Ctr Language Studies," NL-6525 ED
   Nijmegen",1
338,DISCOURSE CONTEXT & MEDIA,2012,48,2,"Diachronic changes in subjectivity and stance-A corpus linguistic study
   of Dutch news texts",3,3,"Vrije Univ Amsterdam, Dept Language &amp; Commun,
   Amsterdam, Netherlands.",Vrije Univ Amsterdam, Dept Language &amp; Commun,"
   Amsterdam",1
339,DISCOURSE CONTEXT & MEDIA,2012,48,2,"'Value added': Language, image and news values",2,2,"Univ Sydney, Dept Linguist, Sch Letters Arts &amp; Media,
   Sydney, NSW 2006, Australia.",Univ Sydney, Dept Linguist, Sch Letters Arts &amp; Media,1
340,DISCOURSE CONTEXT & MEDIA,2012,48,2,"'Value added': Language, image and news values",2,2,"Univ New S Wales, Sch Arts &amp; Media, Sydney, NSW 2052,
   Australia.",Univ New S Wales, Sch Arts &amp; Media, Sydney,1
341,DISCOURSE CONTEXT & MEDIA,2012,48,2,"Professionalism in political broadcast talk: The performance of a
   distancing journalistic self in formatted pre-election debates",1,1,"Vrije Univ Brussel, Ctr Studies Media &amp; Culture CeMeSo,
   Pl Laan 2, B-1050 Brussels, Belgium.",Vrije Univ Brussel, Ctr Studies Media &amp; Culture CeMeSo,"
   Pl Laan 2",1
342,DISCOURSE CONTEXT & MEDIA,2012,48,2,"Towards a multidimensional approach to journalistic stance. Analyzing
   foreign media coverage of Belgium",1,3,"Ghent Univ
   Coll, Fac Appl Language Studies, B-9000 Ghent, Belgium.","Ghent Univ
   Coll", Fac Appl Language Studies, B-9000 Ghent,3
343,DISCOURSE CONTEXT & MEDIA,2012,48,2,Y Stancing: Strategies of entextualizing stance in newswriting,1,1,"Zurich Univ Appl Sci, Zurich, Switzerland.",Zurich Univ Appl Sci, Zurich, Switzerland.,1
344,DISCOURSE CONTEXT & MEDIA,2012,48,2,"Just like home: Remediation of the social in contemporary news
   broadcasting",1,2,"Univ Queensland, Brisbane, Qld,
   Australia.",Univ Queensland, Brisbane, Qld,2
345,DISCOURSE CONTEXT & MEDIA,2012,48,2,"The discourse deictics (boolean AND) and < -- in a World of Warcraft
   community",1,1,"Univ Pittsburgh, Dept Linguist, 2816 Cathedral
   Learning, Pittsburgh, PA 15260 USA.",Univ Pittsburgh, Dept Linguist," 2816 Cathedral
   Learning",1
346,DISCOURSE CONTEXT & MEDIA,2012,48,2,Mediated collaborative positioning: The case of prisoner blogs,2,2,"NYU, New York, NY 10003 USA.",NYU, New York, NY 10003 USA.,1
347,DISCOURSE CONTEXT & MEDIA,2012,48,2,Mediated collaborative positioning: The case of prisoner blogs,2,2,"Ohio State Univ, Columbus, OH 43210 USA.",Ohio State Univ, Columbus, OH 43210 USA.,1
348,DISCOURSE CONTEXT & MEDIA,2012,48,2,Gateways to the news: Headlines on Le Monde's home page and front page,1,1,"Univ Alberta, Dept Modern Languages &amp; Cultural Studies,
   200,Arts Bldg, Edmonton, AB T6G 2E6, Canada.",Univ Alberta, Dept Modern Languages &amp; Cultural Studies,"
   200",1
349,DISCOURSE CONTEXT & MEDIA,2012,48,2,"""You'll need a miracle to win this election"" (J. Paxman 2005):
   Interviewer assertiveness in UK general elections 1983-2010",1,1,"De Montfort Univ, Fac Art Design &amp; Humanities,
   Leicester LE1 9BH, Leics, England.",De Montfort Univ, Fac Art Design &amp; Humanities,"
   Leicester LE1 9BH",1
